{
  "run_id": "20260305_132045",
  "condition": "L",
  "problem": "multistory_building",
  "timestamp": "2026-03-05T13:20:45.694010",
  "metrics": {
    "final_compliance": 1122.659832984234,
    "topology_sparsity": 0.58125,
    "grey_ratio": 1.0,
    "convergence_step": 1,
    "wall_time_s": 0.23030662536621094,
    "n_params": 480,
    "n_steps": 5
  },
  "loss_history": [
    1149.1278410481955,
    1142.2021263349943,
    1135.5166280581002,
    1129.006198932991,
    1122.659832984234
  ],
  "final_density": [
    [
      0.5256845951080322,
      0.48776915669441223,
      0.4249841272830963,
      0.5780125856399536,
      0.4966093599796295,
      0.5620017051696777,
      0.4680146872997284,
      0.41966718435287476,
      0.5702880024909973,
      0.50566565990448,
      0.5724117755889893,
      0.5336976647377014,
      0.6079797744750977,
      0.595662534236908,
      0.4711790382862091,
      0.5180169939994812,
      0.5232931971549988,
      0.5729497671127319,
      0.5096715092658997,
      0.4379599690437317,
      0.5433244705200195,
      0.5962186455726624,
      0.6634919047355652,
      0.621675968170166,
      0.5534233450889587,
      0.5270472764968872,
      0.46777743101119995,
      0.4751269817352295,
      0.4823225736618042,
      0.5214950442314148,
      0.5061010122299194,
      0.4081319272518158,
      0.44217386841773987,
      0.5267764329910278,
      0.4421432912349701,
      0.4986743927001953,
      0.5633149147033691,
      0.43071141839027405,
      0.47613751888275146,
      0.4611589312553406
    ],
    [
      0.5206530690193176,
      0.5441954731941223,
      0.5812132358551025,
      0.6198559999465942,
      0.40657782554626465,
      0.4382624626159668,
      0.5991129279136658,
      0.525928258895874,
      0.5687438249588013,
      0.5431674718856812,
      0.593419075012207,
      0.5298341512680054,
      0.49237045645713806,
      0.5207487940788269,
      0.6390455365180969,
      0.5224922299385071,
      0.458292692899704,
      0.5407724380493164,
      0.5039199590682983,
      0.5725619792938232,
      0.5434772372245789,
      0.4382590651512146,
      0.4749006927013397,
      0.5536851286888123,
      0.49390947818756104,
      0.45074403285980225,
      0.40261903405189514,
      0.5030277967453003,
      0.42894938588142395,
      0.6000472903251648,
      0.42667028307914734,
      0.600505530834198,
      0.5697770118713379,
      0.43004274368286133,
      0.5289507508277893,
      0.5338214635848999,
      0.4938582479953766,
      0.5440071821212769,
      0.4732361137866974,
      0.4646214246749878
    ],
    [
      0.5055397748947144,
      0.44239017367362976,
      0.612419843673706,
      0.6521636843681335,
      0.39877596497535706,
      0.5033497214317322,
      0.5439369082450867,
      0.5423088669776917,
      0.43992555141448975,
      0.5473558306694031,
      0.5262468457221985,
      0.6443604826927185,
      0.45345160365104675,
      0.629970908164978,
      0.48370614647865295,
      0.4826972782611847,
      0.38009002804756165,
      0.511856198310852,
      0.5874063372612,
      0.48279836773872375,
      0.34579673409461975,
      0.5468127131462097,
      0.4337294101715088,
      0.5681293606758118,
      0.5784415602684021,
      0.48794013261795044,
      0.5597508549690247,
      0.5474177598953247,
      0.491205096244812,
      0.49112173914909363,
      0.4661346673965454,
      0.5297943949699402,
      0.30331912636756897,
      0.66631680727005,
      0.3317956328392029,
      0.44130316376686096,
      0.556465744972229,
      0.3633076548576355,
      0.4879266023635864,
      0.5603895783424377
    ],
    [
      0.5752852559089661,
      0.45979487895965576,
      0.6058313846588135,
      0.4639216363430023,
      0.5723270177841187,
      0.4319792687892914,
      0.5063769817352295,
      0.47118568420410156,
      0.39795929193496704,
      0.47250568866729736,
      0.5528503656387329,
      0.5142877101898193,
      0.39313796162605286,
      0.5102531909942627,
      0.5146617293357849,
      0.49199286103248596,
      0.5745709538459778,
      0.5280018448829651,
      0.49394625425338745,
      0.4580390751361847,
      0.47142520546913147,
      0.6330575942993164,
      0.4410710334777832,
      0.4982311427593231,
      0.5489223003387451,
      0.5407308340072632,
      0.517469584941864,
      0.5082189440727234,
      0.5699894428253174,
      0.6238099336624146,
      0.6072506904602051,
      0.5799158215522766,
      0.5844766497612,
      0.5965275764465332,
      0.4587216079235077,
      0.48520171642303467,
      0.6865819692611694,
      0.488116592168808,
      0.5972558259963989,
      0.5020037293434143
    ],
    [
      0.5216326117515564,
      0.4929184317588806,
      0.4762759208679199,
      0.48284992575645447,
      0.6708096861839294,
      0.6768567562103271,
      0.45058873295783997,
      0.5057169198989868,
      0.3753882348537445,
      0.39286819100379944,
      0.4287668764591217,
      0.42966344952583313,
      0.3187920153141022,
      0.48937854170799255,
      0.34133437275886536,
      0.6229630708694458,
      0.3012949526309967,
      0.5120017528533936,
      0.43872275948524475,
      0.4294305443763733,
      0.47802573442459106,
      0.3812047243118286,
      0.48706910014152527,
      0.6372058987617493,
      0.5455291867256165,
      0.6338402032852173,
      0.5561618208885193,
      0.7600587010383606,
      0.6217232942581177,
      0.6268064379692078,
      0.3582516014575958,
      0.5559160709381104,
      0.5237534642219543,
      0.5161976218223572,
      0.616890549659729,
      0.5531295537948608,
      0.584381639957428,
      0.581967830657959,
      0.43618324398994446,
      0.5442646741867065
    ],
    [
      0.48726534843444824,
      0.507135272026062,
      0.5099735260009766,
      0.4891396462917328,
      0.4188216030597687,
      0.6156235933303833,
      0.47759291529655457,
      0.5125166773796082,
      0.3944912552833557,
      0.44944390654563904,
      0.435674786567688,
      0.31892073154449463,
      0.45034468173980713,
      0.45384010672569275,
      0.5226044058799744,
      0.48242634534835815,
      0.48977312445640564,
      0.4757267236709595,
      0.4301631450653076,
      0.6410471796989441,
      0.6013903021812439,
      0.6443387269973755,
      0.4871728718280792,
      0.5968377590179443,
      0.5749601721763611,
      0.5108476877212524,
      0.5449609160423279,
      0.32211002707481384,
      0.5600903630256653,
      0.4938002824783325,
      0.5395974516868591,
      0.44991761445999146,
      0.44484129548072815,
      0.38953784108161926,
      0.5103682279586792,
      0.5655436515808105,
      0.48364344239234924,
      0.506735622882843,
      0.44217202067375183,
      0.5284073948860168
    ],
    [
      0.5249151587486267,
      0.47797438502311707,
      0.5139110088348389,
      0.4583745300769806,
      0.4710826277732849,
      0.6552802324295044,
      0.643437385559082,
      0.49159878492355347,
      0.6280674934387207,
      0.7021510004997253,
      0.4004349410533905,
      0.4674151539802551,
      0.48628005385398865,
      0.5655919313430786,
      0.37673550844192505,
      0.492277055978775,
      0.5978241562843323,
      0.5010741949081421,
      0.5516168475151062,
      0.5977839827537537,
      0.6685321927070618,
      0.5406178832054138,
      0.41535958647727966,
      0.487121045589447,
      0.49691930413246155,
      0.5836288332939148,
      0.6025474667549133,
      0.5074237585067749,
      0.37999311089515686,
      0.49422258138656616,
      0.5064951181411743,
      0.5647778511047363,
      0.5403841733932495,
      0.5155946612358093,
      0.48335662484169006,
      0.5217392444610596,
      0.47898241877555847,
      0.5784162878990173,
      0.492213636636734,
      0.5053434371948242
    ],
    [
      0.4964809715747833,
      0.499893456697464,
