{
  "run_id": "20260305_132727",
  "condition": "B",
  "problem": "multistory_building",
  "timestamp": "2026-03-05T13:27:27.005880",
  "metrics": {
    "final_compliance": 2314.7564283983656,
    "topology_sparsity": 0.0,
    "grey_ratio": 1.0,
    "convergence_step": 1,
    "wall_time_s": 0.08648228645324707,
    "n_params": 480,
    "n_steps": 5
  },
  "loss_history": [
    2537.1503223291193,
    2490.105426813476,
    2435.265708007956,
    2376.158386433772,
    2314.7564283983656
  ],
  "final_density": [
    [
      0.4218880534172058,
      0.4054549038410187,
      0.4000000059604645,
      0.41604378819465637,
      0.4218880534172058,
      0.4000000059604645,
      0.41072314977645874,
      0.4000000059604645,
      0.41072314977645874,
      0.4218880534172058,
      0.4000000059604645,
      0.43097975850105286,
      0.41072314977645874,
      0.4289795458316803,
      0.4054549038410187,
      0.4000000059604645,
      0.4218880236148834,
      0.43716564774513245,
      0.4054549038410187,
      0.41072314977645874,
      0.4414735436439514,
      0.41072314977645874,
      0.4054549038410187,
      0.41072314977645874,
      0.4000000059604645,
      0.4000000059604645,
      0.4000000059604645,
      0.42898687720298767,
      0.41857415437698364,
      0.4000000059604645,
      0.41072314977645874,
      0.4371679425239563,
      0.4000000059604645,
      0.4433499872684479,
      0.4054549038410187,
      0.4054549038410187,
      0.43914708495140076,
      0.42873436212539673,
      0.42257481813430786,
      0.41604378819465637
    ],
    [
      0.4000000059604645,
      0.4289839565753937,
      0.43491801619529724,
      0.4000000059604645,
      0.41072314977645874,
      0.4000000059604645,
      0.43492403626441956,
      0.4000000059604645,
      0.4054549038410187,
      0.4000000059604645,
      0.4000000059604645,
      0.4393889307975769,
      0.4000000059604645,
      0.41072314977645874,
      0.4309864044189453,
      0.4218880534172058,
      0.4218880534172058,
      0.41072314977645874,
      0.4371699094772339,
      0.4000000059604645,
      0.41604378819465637,
      0.4393916130065918,
      0.4000000059604645,
      0.42079105973243713,
      0.4000000059604645,
      0.4000000059604645,
      0.43492817878723145,
      0.4000000059604645,
      0.418574720621109,
      0.41604378819465637,
      0.4433586001396179,
      0.4054549038410187,
      0.4000000059604645,
      0.41604378819465637,
      0.4000000059604645,
      0.41604378819465637,
      0.4297090172767639,
      0.4244789481163025,
      0.4393608570098877,
      0.4297090172767639
    ],
    [
      0.4297090470790863,
      0.41604378819465637,
      0.41604378819465637,
      0.4054549038410187,
      0.4297090172767639,
      0.44506126642227173,
      0.4227116107940674,
      0.4000000059604645,
      0.41072314977645874,
      0.4297090470790863,
      0.4297090470790863,
      0.4393918514251709,
      0.42077934741973877,
      0.4289786219596863,
      0.4054549038410187,
      0.43489035964012146,
      0.4000000059604645,
      0.4268689751625061,
      0.4000000059604645,
      0.4393896460533142,
      0.41604378819465637,
      0.4000000059604645,
      0.4000000059604645,
      0.4297090470790863,
      0.41072314977645874,
      0.4393969476222992,
      0.4000000059604645,
      0.4000000059604645,
      0.41072314977645874,
      0.4289873242378235,
      0.4054549038410187,
      0.4218880534172058,
      0.4000000059604645,
      0.4245108366012573,
      0.4393886923789978,
      0.4393857717514038,
      0.41072314977645874,
      0.4054549038410187,
      0.4000000059604645,
      0.4054549038410187
    ],
    [
      0.4000000059604645,
      0.42687660455703735,
      0.4000000059604645,
      0.439399778842926,
      0.4185788333415985,
      0.43243131041526794,
      0.4324430823326111,
      0.4000000059604645,
      0.41072314977645874,
      0.41072314977645874,
      0.4218880534172058,
      0.4433491826057434,
      0.41604378819465637,
      0.4000000059604645,
      0.426860511302948,
      0.4000000059604645,
      0.4000000059604645,
      0.4000000059604645,
      0.4000000059604645,
      0.42451417446136475,
      0.4218880534172058,
      0.4054549038410187,
      0.4297090470790863,
      0.4054549038410187,
      0.4000000059604645,
      0.4324495494365692,
      0.4000000059604645,
      0.4131343364715576,
      0.41857630014419556,
      0.41604378819465637,
      0.4297090470790863,
      0.4000000059604645,
      0.4268637001514435,
      0.41604378819465637,
      0.41072314977645874,
      0.4218880534172058,
      0.4297090470790863,
      0.42270272970199585,
      0.43716782331466675,
      0.41072314977645874
    ],
    [
      0.41604378819465637,
      0.4000000059604645,
      0.420784056186676,
      0.4297090172767639,
      0.41072314977645874,
      0.4218880534172058,
      0.4349193572998047,
      0.4000000059604645,
      0.4297090172767639,
      0.4000000059604645,
      0.4000000059604645,
      0.43939727544784546,
      0.4000000059604645,
      0.43241316080093384,
      0.4297090470790863,
      0.4297090470790863,
      0.4297090470790863,
      0.4000000059604645,
      0.41604378819465637,
      0.41072314977645874,
      0.41604378819465637,
      0.4218880534172058,
      0.4000000059604645,
      0.4218880534172058,
      0.41072314977645874,
      0.4000000059604645,
      0.4000000059604645,
      0.4000000059604645,
      0.41072314977645874,
      0.4000000059604645,
      0.4000000059604645,
      0.4218880534172058,
      0.43489259481430054,
      0.41604378819465637,
      0.4000000059604645,
      0.4000000059604645,
      0.4000000059604645,
      0.4349108636379242,
      0.426879346370697,
      0.4245206117630005
    ],
    [
      0.4218880534172058,
      0.4207829535007477,
      0.43276548385620117,
      0.418580025434494,
      0.41072314977645874,
      0.420785516500473,
      0.4218880534172058,
      0.4054549038410187,
      0.4297090470790863,
      0.4000000059604645,
      0.4054549038410187,
      0.4245184361934662,
      0.4000000059604645,
      0.4450560212135315,
      0.41072314977645874,
      0.4218880534172058,
      0.41604378819465637,
      0.42898029088974,
      0.4289817214012146,
      0.41604378819465637,
      0.42451211810112,
      0.4324124753475189,
      0.4297090172767639,
      0.4000000059604645,
      0.4450618028640747,
      0.41072314977645874,
      0.4451281428337097,
      0.41604378819465637,
      0.41072314977645874,
      0.41072314977645874,
      0.43243208527565,
      0.4054549038410187,
      0.4000000059604645,
      0.4000000059604645,
      0.4207842946052551,
      0.41604378819465637,
      0.4054549038410187,
      0.4054549038410187,
      0.4000000059604645,
      0.41604378819465637
    ],
    [
      0.4207879900932312,
      0.4218880236148834,
      0.4000000059604645,
      0.4000000059604645,
      0.4054549038410187,
      0.4218880534172058,
      0.4054549038410187,
      0.4218880534172058,
      0.42453300952911377,
      0.4218880534172058,
      0.41072314977645874,
      0.41604378819465637,
      0.43719565868377686,
      0.42898255586624146,
      0.4000000059604645,
      0.4371699392795563,
      0.41072314977645874,
      0.4297090470790863,
      0.4000000059604645,
      0.4000000059604645,
      0.41604378819465637,
      0.4410470128059387,
      0.4054549038410187,
      0.4000000059604645,
      0.4218880534172058,
      0.4000000059604645,
      0.4000000059604645,
      0.41072314977645874,
      0.4131332337856293,
      0.4000000059604645,
      0.4054549038410187,
      0.41857656836509705,
      0.4324258863925934,
      0.4054549038410187,
      0.4000000059604645,
      0.4000000059604645,
      0.4000000059604645,
      0.4000000059604645,
      0.4000000059604645,
      0.41072314977645874
    ],
    [
      0.43247032165527344,
