{
  "run_id": "20260305_132358",
  "condition": "H",
  "problem": "causeway_bridge",
  "timestamp": "2026-03-05T13:23:58.060419",
  "metrics": {
    "final_compliance": 347.06793403170684,
    "topology_sparsity": 0.98125,
    "grey_ratio": 0.6833333333333333,
    "convergence_step": 5,
    "wall_time_s": 4.58837890625,
    "n_params": 12737,
    "n_steps": 5
  },
  "loss_history": [
    961.7435243823629,
    657.2226678809002,
    481.1865408064343,
    395.69241376429534,
    347.06793403170684
  ],
  "final_density": [
    [
      0.8572213649749756,
      0.8373519778251648,
      0.8195719122886658,
      0.80694979429245,
      0.8132420778274536,
      0.8502424955368042,
      0.8805212378501892,
      0.8780017495155334,
      0.8690518140792847,
      0.8631178736686707,
      0.8553338646888733,
      0.8431939482688904,
      0.822734534740448,
      0.8026093244552612,
      0.7870379686355591,
      0.7725584506988525,
      0.771735668182373,
      0.7755382657051086,
      0.7627874612808228,
      0.7376978993415833,
      0.7260587215423584,
      0.7191544771194458,
      0.7113482356071472,
      0.7127947807312012,
      0.7195014953613281,
      0.7279090285301208,
      0.7374002933502197,
      0.7404358386993408,
      0.7353194355964661,
      0.7333332896232605,
      0.7397248148918152,
      0.7490571141242981,
      0.7569648027420044,
      0.7812005281448364,
      0.8054898977279663,
      0.7670499682426453,
      0.697894275188446,
      0.6625933647155762,
      0.6380860209465027,
      0.6088029146194458
    ],
    [
      0.8327596783638,
      0.8468462228775024,
      0.8346498012542725,
      0.8202846050262451,
      0.8292092084884644,
      0.8560235500335693,
      0.8676100969314575,
      0.8585090637207031,
      0.8402286767959595,
      0.8293329477310181,
      0.8269516825675964,
      0.8334318399429321,
      0.8397866487503052,
      0.8339917659759521,
      0.8174273371696472,
      0.7919098138809204,
      0.7810722589492798,
      0.7906247973442078,
      0.7900917530059814,
      0.7775549292564392,
      0.7697879076004028,
      0.7638297080993652,
      0.7379761934280396,
      0.6890712976455688,
      0.648939311504364,
      0.6302812099456787,
      0.6176502108573914,
      0.614795982837677,
      0.6414097547531128,
      0.6811030507087708,
      0.7128803730010986,
      0.731385350227356,
      0.7512014508247375,
      0.7766411304473877,
      0.7512347102165222,
      0.6157650351524353,
      0.4993266463279724,
      0.49332982301712036,
      0.5375649333000183,
      0.5785567164421082
    ],
    [
      0.825412929058075,
      0.837250828742981,
      0.8284299373626709,
      0.8255206346511841,
      0.8410389423370361,
      0.8650527000427246,
      0.8748892545700073,
      0.8610249757766724,
      0.8424451351165771,
      0.8417564630508423,
      0.8512188196182251,
      0.8488314151763916,
      0.8278737664222717,
      0.8076805472373962,
      0.8040055632591248,
      0.801850438117981,
      0.774840235710144,
      0.7455730438232422,
      0.7402948141098022,
      0.7559707164764404,
      0.7710875868797302,
      0.7823270559310913,
      0.796095073223114,
      0.7943097352981567,
      0.7800934910774231,
      0.7673171758651733,
      0.7436559200286865,
      0.7161084413528442,
      0.6984965205192566,
      0.6585270166397095,
      0.5934324264526367,
      0.5615943074226379,
      0.5645838975906372,
      0.5620628595352173,
      0.5407562851905823,
      0.5214897394180298,
      0.49211782217025757,
      0.4379294514656067,
      0.3957376182079315,
      0.38320162892341614
    ],
    [
      0.7941563129425049,
      0.8109481930732727,
      0.8212109208106995,
      0.8375685811042786,
      0.8540564179420471,
      0.8649280667304993,
      0.8693119883537292,
      0.8708742260932922,
      0.8749257922172546,
      0.8757035732269287,
      0.8678902387619019,
      0.8573787212371826,
      0.8461096882820129,
      0.8354544043540955,
      0.8217477202415466,
      0.8022739887237549,
      0.7839553356170654,
      0.7565714716911316,
      0.7236042022705078,
      0.711811363697052,
      0.7278133034706116,
      0.7557218074798584,
      0.7656636834144592,
      0.7400639653205872,
      0.7086045145988464,
      0.6944976449012756,
      0.6852826476097107,
      0.6611784100532532,
      0.6377560496330261,
      0.6131240129470825,
      0.5927072167396545,
      0.5860207676887512,
      0.5672547221183777,
      0.5266491770744324,
      0.533545196056366,
      0.5612357258796692,
      0.6002787947654724,
      0.6156534552574158,
      0.598723292350769,
      0.576444149017334
    ],
    [
      0.8257642388343811,
      0.8310744762420654,
      0.8269880414009094,
      0.8163805603981018,
      0.8113098740577698,
      0.8126457929611206,
      0.8121140599250793,
      0.8046292662620544,
      0.7969563603401184,
      0.8028625845909119,
      0.8156720399856567,
      0.822714626789093,
      0.8179109692573547,
      0.8098517656326294,
      0.8127551078796387,
      0.823232889175415,
      0.828629195690155,
      0.8271864056587219,
      0.8264791369438171,
      0.8077222108840942,
      0.7532541155815125,
      0.7064670324325562,
      0.6986410021781921,
      0.7057012915611267,
      0.6754420399665833,
      0.6247891783714294,
      0.6314681172370911,
      0.6870765089988708,
      0.7332074642181396,
      0.745437741279602,
      0.7274654507637024,
      0.6941002011299133,
      0.684017539024353,
      0.714555561542511,
      0.7428320646286011,
      0.7458301186561584,
      0.7278194427490234,
      0.6985811591148376,
      0.6884837746620178,
      0.6869425177574158
    ],
    [
      0.7632277011871338,
      0.7792688608169556,
      0.7823131680488586,
      0.7888507843017578,
      0.7917090654373169,
      0.7698966860771179,
      0.7528865933418274,
      0.7263240218162537,
      0.6919694542884827,
      0.6700006723403931,
      0.6493018269538879,
      0.6360970139503479,
      0.6665768027305603,
      0.7306434512138367,
      0.7814694046974182,
      0.8224284052848816,
      0.8367969989776611,
      0.8290746808052063,
      0.812730610370636,
      0.8071775436401367,
      0.8217523097991943,
      0.8290349841117859,
      0.8272446393966675,
      0.8039678931236267,
      0.7607229948043823,
      0.6931237578392029,
      0.622455358505249,
      0.6001096963882446,
      0.6254574656486511,
      0.680940568447113,
      0.7334312200546265,
      0.7225160002708435,
      0.6799703240394592,
      0.6775696277618408,
      0.6849943399429321,
      0.6929062604904175,
      0.715243935585022,
      0.7083454132080078,
      0.682383120059967,
      0.6664926409721375
    ],
    [
      0.7169334888458252,
      0.7467575073242188,
      0.7670865058898926,
      0.7763416171073914,
      0.770258903503418,
      0.7618880867958069,
      0.7657553553581238,
      0.7718127369880676,
      0.7661600112915039,
      0.7616779804229736,
      0.7761534452438354,
      0.8009235858917236,
      0.8256411552429199,
      0.818696141242981,
      0.7800147533416748,
      0.7611520290374756,
      0.7602879405021667,
      0.7458783984184265,
      0.7332847714424133,
      0.7295311093330383,
      0.724223792552948,
      0.7441183924674988,
      0.7978706955909729,
      0.8454685807228088,
      0.8414995074272156,
      0.7939548492431641,
      0.7131760716438293,
      0.6382187604904175,
      0.6041502356529236,
      0.6204081177711487,
      0.6762688159942627,
      0.7297026515007019,
      0.7509474158287048,
      0.7589033246040344,
      0.7663828134536743,
      0.766180157661438,
      0.7828319668769836,
      0.7973626852035522,
      0.7762680053710938,
      0.7589790225028992
    ],
    [
      0.6456933617591858,
      0.6509230732917786,
      0.6615839004516602,
      0.6906393766403198,
      0.7345313429832458,
