{
  "run_id": "20260305_132408",
  "condition": "L",
  "problem": "causeway_bridge",
  "timestamp": "2026-03-05T13:24:08.268899",
  "metrics": {
    "final_compliance": 1092.1417848369135,
    "topology_sparsity": 0.675,
    "grey_ratio": 0.99375,
    "convergence_step": 1,
    "wall_time_s": 0.7639820575714111,
    "n_params": 480,
    "n_steps": 5
  },
  "loss_history": [
    1125.1574586471531,
    1116.5324854350638,
    1108.1985734563677,
    1100.0421193468555,
    1092.1417848369135
  ],
  "final_density": [
    [
      0.44542813301086426,
      0.513765811920166,
      0.47482359409332275,
      0.436202734708786,
      0.6470763087272644,
      0.5227038264274597,
      0.433173805475235,
      0.5045673251152039,
      0.560684323310852,
      0.4426915943622589,
      0.4935835301876068,
      0.45447733998298645,
      0.5494821667671204,
      0.4617742598056793,
      0.4569433927536011,
      0.4761647582054138,
      0.43198642134666443,
      0.5648817420005798,
      0.5147172212600708,
      0.4664880931377411,
      0.46324047446250916,
      0.45573726296424866,
      0.5146329998970032,
      0.47390711307525635,
      0.46919143199920654,
      0.44088149070739746,
      0.46621423959732056,
      0.47386497259140015,
      0.5297796726226807,
      0.48847734928131104,
      0.47023805975914,
      0.48192524909973145,
      0.4800979793071747,
      0.4484802484512329,
      0.4594675898551941,
      0.47850173711776733,
      0.48462703824043274,
      0.5340549349784851,
      0.3961907923221588,
      0.4990576505661011
    ],
    [
      0.47332045435905457,
      0.5665767788887024,
      0.5132815837860107,
      0.5448999404907227,
      0.657244861125946,
      0.6089479923248291,
      0.5301918387413025,
      0.5607061386108398,
      0.6201568841934204,
      0.574882447719574,
      0.5066164135932922,
      0.481494665145874,
      0.4846764802932739,
      0.4797474145889282,
      0.4451924264431,
      0.5432402491569519,
      0.5539023876190186,
      0.44993895292282104,
      0.5019897818565369,
      0.5686224102973938,
      0.46392786502838135,
      0.6641612648963928,
      0.5089696049690247,
      0.49978509545326233,
      0.5038586854934692,
      0.6111993789672852,
      0.6257383227348328,
      0.41511717438697815,
      0.4511130750179291,
      0.515299916267395,
      0.47907164692878723,
      0.5746458172798157,
      0.5156217813491821,
      0.6544873118400574,
      0.5932163000106812,
      0.5449699759483337,
      0.527103066444397,
      0.5337833166122437,
      0.6173330545425415,
      0.5312404036521912
    ],
    [
      0.5239284038543701,
      0.48052096366882324,
      0.42915236949920654,
      0.6356931924819946,
      0.6758930087089539,
      0.5612434148788452,
      0.5570551753044128,
      0.6313433051109314,
      0.6128157377243042,
      0.6154192686080933,
      0.41416022181510925,
      0.4741944670677185,
      0.5305599570274353,
      0.6879762411117554,
      0.6265791654586792,
      0.6084243655204773,
      0.5473310947418213,
      0.5034104585647583,
      0.654583215713501,
      0.5719977021217346,
      0.5936122536659241,
      0.5073200464248657,
      0.5433482527732849,
      0.6260091662406921,
      0.5336365103721619,
      0.6103076338768005,
      0.6356093883514404,
      0.4840411841869354,
      0.49030083417892456,
      0.7397450804710388,
      0.4957824945449829,
      0.5926576256752014,
      0.6499582529067993,
      0.43154871463775635,
      0.827645480632782,
      0.3644513785839081,
      0.6408578157424927,
      0.545628547668457,
      0.32566043734550476,
      0.6089582443237305
    ],
    [
      0.5634416937828064,
      0.5487795472145081,
      0.5974988341331482,
      0.7137246131896973,
      0.44526541233062744,
      0.5572020411491394,
      0.536325216293335,
      0.47240450978279114,
      0.6087788939476013,
      0.6437904834747314,
      0.5658761262893677,
      0.5653256177902222,
      0.608182430267334,
      0.5684268474578857,
      0.4648212194442749,
      0.5766419172286987,
      0.5434837341308594,
      0.5073619484901428,
      0.4262898862361908,
      0.6329232454299927,
      0.4996477961540222,
      0.44861486554145813,
      0.6162811517715454,
      0.48249751329421997,
      0.3873750865459442,
      0.6481280326843262,
      0.6230102777481079,
      0.5572283267974854,
      0.579598605632782,
      0.438303679227829,
      0.5532565712928772,
      0.5076927542686462,
      0.44500625133514404,
      0.6078664660453796,
      0.7078627347946167,
      0.49349018931388855,
      0.4552379548549652,
      0.5703184008598328,
      0.5677877068519592,
      0.5302233695983887
    ],
    [
      0.5084972977638245,
      0.5733844637870789,
      0.47036290168762207,
      0.7808998227119446,
      0.5757707357406616,
      0.5580060482025146,
      0.5478918552398682,
      0.49893155694007874,
      0.4705312252044678,
      0.5567157864570618,
      0.5671269297599792,
      0.45314091444015503,
      0.6702231168746948,
      0.4336651563644409,
      0.6967839002609253,
      0.45575904846191406,
      0.5636748671531677,
      0.5225978493690491,
      0.35317227244377136,
      0.6072701811790466,
      0.4788338541984558,
      0.4820559322834015,
      0.7303236126899719,
      0.667694091796875,
      0.49454787373542786,
      0.44170817732810974,
      0.45738542079925537,
      0.5250552892684937,
      0.504412829875946,
      0.7514089941978455,
      0.49236392974853516,
      0.48832306265830994,
      0.4728371798992157,
      0.5211725831031799,
      0.5234905481338501,
      0.6336766481399536,
      0.40483003854751587,
      0.6157835721969604,
      0.5694026350975037,
      0.511250376701355
    ],
    [
      0.5870751142501831,
      0.41463062167167664,
      0.5364757776260376,
      0.7345308065414429,
      0.48227930068969727,
      0.639276385307312,
      0.6399561166763306,
      0.6041831970214844,
      0.5280790328979492,
      0.5415164232254028,
      0.4841212332248688,
      0.5232200026512146,
      0.3469808101654053,
      0.6250189542770386,
      0.4386923611164093,
      0.6081206798553467,
      0.6151049137115479,
      0.48378247022628784,
      0.739705502986908,
      0.5425689816474915,
      0.640352189540863,
      0.7633758187294006,
      0.5041882991790771,
      0.7691103219985962,
      0.48688963055610657,
      0.5676963925361633,
      0.6236416101455688,
      0.5130136013031006,
      0.44705119729042053,
      0.493490606546402,
      0.4105536639690399,
      0.4408315420150757,
      0.545495331287384,
      0.633450984954834,
      0.36248546838760376,
      0.5591209530830383,
      0.5424984693527222,
      0.5365478992462158,
      0.5269760489463806,
      0.49944984912872314
    ],
    [
      0.45176270604133606,
      0.42304307222366333,
      0.4875434339046478,
      0.5220986008644104,
      0.6928545236587524,
      0.6459739208221436,
      0.5330813527107239,
      0.5774038434028625,
      0.6955834031105042,
      0.5681292414665222,
      0.8715438842773438,
      0.5248957872390747,
      0.46924832463264465,
      0.6828507781028748,
      0.5194552540779114,
      0.43481630086898804,
      0.6274879574775696,
      0.507429301738739,
      0.42564430832862854,
      0.43358558416366577,
      0.5669801831245422,
      0.8074237704277039,
      0.5059996843338013,
      0.5455411672592163,
      0.7133165001869202,
      0.4463738799095154,
      0.5688239932060242,
      0.5585938692092896,
      0.43816226720809937,
      0.4810270667076111,
      0.5685232281684875,
      0.5148332715034485,
      0.5499302744865417,
      0.7359795570373535,
      0.3660975992679596,
      0.6826739311218262,
      0.47900140285491943,
      0.4010395407676697,
      0.664124608039856,
      0.5166428685188293
    ],
    [
      0.5214925408363342,
      0.5309920310974121,
      0.5646582245826721,
