{
  "run_id": "20260305_132043",
  "condition": "I",
  "problem": "multistory_building",
  "timestamp": "2026-03-05T13:20:43.757941",
  "metrics": {
    "final_compliance": 331.4672303774136,
    "topology_sparsity": 0.5333333333333333,
    "grey_ratio": 0.6895833333333333,
    "convergence_step": 4,
    "wall_time_s": 0.3097724914550781,
    "n_params": 948833,
    "n_steps": 5
  },
  "loss_history": [
    563.0604528143184,
    441.60203646911185,
    392.2959304547209,
    357.97043260795203,
    331.4672303774136
  ],
  "final_density": [
    [
      0.9677538871765137,
      0.9747057557106018,
      0.9805372357368469,
      0.9863646030426025,
      0.9845306873321533,
      0.9755517840385437,
      0.9778575897216797,
      0.977400004863739,
      0.9748927354812622,
      0.9685307741165161,
      0.9774125218391418,
      0.9759600758552551,
      0.9728764891624451,
      0.9428138732910156,
      0.9506029486656189,
      0.9590533971786499,
      0.9687802195549011,
      0.9618822932243347,
      0.9566624164581299,
      0.9373829364776611,
      0.9462569952011108,
      0.9480219483375549,
      0.9562808275222778,
      0.9240947961807251,
      0.8990327715873718,
      0.8649893403053284,
      0.8901003003120422,
      0.9145175814628601,
      0.9465538263320923,
      0.9182935357093811,
      0.8789551258087158,
      0.8244503140449524,
      0.8409908413887024,
      0.7308882474899292,
      0.710591197013855,
      0.6985143423080444,
      0.742972731590271,
      0.7732273936271667,
      0.7303898930549622,
      0.8396211862564087
    ],
    [
      0.9734883904457092,
      0.9831635355949402,
      0.9886035919189453,
      0.9943660497665405,
      0.9913585186004639,
      0.9852299094200134,
      0.980972409248352,
      0.9873561859130859,
      0.9861321449279785,
      0.9710288047790527,
      0.9733118414878845,
      0.9774999022483826,
      0.9678599834442139,
      0.9402737617492676,
      0.9268137812614441,
      0.9452996253967285,
      0.9547981023788452,
      0.954961895942688,
      0.9535837769508362,
      0.9541705846786499,
      0.9488474726676941,
      0.9461258053779602,
      0.9233212471008301,
      0.8542540073394775,
      0.8110281229019165,
      0.7374488711357117,
      0.7757778763771057,
      0.8717371225357056,
      0.9274232387542725,
      0.9230820536613464,
      0.8927333354949951,
      0.7758517861366272,
      0.7230685949325562,
      0.5105322599411011,
      0.4834418296813965,
      0.47247806191444397,
      0.4938507378101349,
      0.5131317973136902,
      0.48452305793762207,
      0.6223415732383728
    ],
    [
      0.8890296220779419,
      0.8768061399459839,
      0.8086017966270447,
      0.8046063780784607,
      0.6710408329963684,
      0.7639065384864807,
      0.7388755679130554,
      0.8365877270698547,
      0.8360149264335632,
      0.8418628573417664,
      0.7860552072525024,
      0.8294257521629333,
      0.8258313536643982,
      0.8038659691810608,
      0.641166090965271,
      0.6364421844482422,
      0.6525495648384094,
      0.7244468927383423,
      0.603063702583313,
      0.5843541026115417,
      0.5391196608543396,
      0.633417546749115,
      0.572449803352356,
      0.5380099415779114,
      0.4801185429096222,
      0.5034271478652954,
      0.5230172872543335,
      0.60789954662323,
      0.6230646371841431,
      0.6648306250572205,
      0.5730268955230713,
      0.527836263179779,
      0.4908553659915924,
      0.43234071135520935,
      0.4009091258049011,
      0.42170295119285583,
      0.41086602210998535,
      0.4299379885196686,
      0.421383261680603,
      0.520378828048706
    ],
    [
      0.673803448677063,
      0.4997676610946655,
      0.4528147578239441,
      0.4110480546951294,
      0.42907366156578064,
      0.42307570576667786,
      0.45467182993888855,
      0.4732702970504761,
      0.4919320344924927,
      0.46931448578834534,
      0.46468573808670044,
      0.48957082629203796,
      0.549452006816864,
      0.5089595317840576,
      0.48363128304481506,
      0.46132731437683105,
      0.47963207960128784,
      0.48083609342575073,
      0.4354209303855896,
      0.40286657214164734,
      0.41277655959129333,
      0.40373629331588745,
      0.42338576912879944,
      0.40448105335235596,
      0.4299963712692261,
      0.45667389035224915,
      0.44820594787597656,
      0.45580774545669556,
      0.5005717277526855,
      0.47158533334732056,
      0.4694785475730896,
      0.4528771936893463,
      0.423300564289093,
      0.42018479108810425,
      0.3619953989982605,
      0.36580565571784973,
      0.3778831362724304,
      0.3912697434425354,
      0.4250462055206299,
      0.5006586909294128
    ],
    [
      0.5216490626335144,
      0.4104557931423187,
      0.3804049491882324,
      0.38671237230300903,
      0.366245299577713,
      0.36296796798706055,
      0.38573989272117615,
      0.38763660192489624,
      0.36408287286758423,
      0.34199807047843933,
      0.3383224904537201,
      0.40836167335510254,
      0.42576682567596436,
      0.42745068669319153,
      0.43869921565055847,
      0.44158437848091125,
      0.46166446805000305,
      0.4139333665370941,
      0.3840329945087433,
      0.3685697615146637,
      0.34389618039131165,
      0.3368411958217621,
      0.33155515789985657,
      0.34687796235084534,
      0.36202627420425415,
      0.38415661454200745,
      0.40311139822006226,
      0.43951141834259033,
      0.4442329406738281,
      0.43066468834877014,
      0.4195900857448578,
      0.43805819749832153,
      0.40318867564201355,
      0.3835148811340332,
      0.3607679307460785,
      0.3769991993904114,
      0.38535743951797485,
      0.3970627784729004,
      0.39626991748809814,
      0.5423280000686646
    ],
    [
      0.7808603644371033,
      0.6011397242546082,
      0.49475741386413574,
      0.4685235023498535,
      0.4532625377178192,
      0.45958489179611206,
      0.47201472520828247,
      0.42078250646591187,
      0.39062368869781494,
      0.33657267689704895,
      0.3820061981678009,
      0.43190881609916687,
      0.47961360216140747,
      0.5120611190795898,
      0.5344659686088562,
      0.6466698050498962,
      0.5914358496665955,
      0.5897889137268066,
      0.4790172874927521,
      0.4657401442527771,
      0.4113844633102417,
      0.4316956400871277,
      0.4011978805065155,
      0.4184988737106323,
      0.45124226808547974,
      0.499087929725647,
      0.4850521981716156,
      0.5150919556617737,
      0.533096432685852,
      0.543960452079773,
      0.5139352679252625,
      0.5335878729820251,
      0.48997917771339417,
      0.47609245777130127,
      0.45910948514938354,
      0.4742704927921295,
      0.5027908086776733,
      0.49964457750320435,
      0.5068480968475342,
      0.7641701698303223
    ],
    [
      0.7886688113212585,
      0.5576385855674744,
      0.4492655396461487,
      0.42053109407424927,
      0.35824108123779297,
      0.41078031063079834,
      0.38866299390792847,
      0.4412459433078766,
      0.3835073411464691,
      0.3919306695461273,
      0.37666085362434387,
      0.44156986474990845,
      0.43383336067199707,
      0.48232588171958923,
      0.4585055112838745,
      0.5123554468154907,
      0.4753505289554596,
      0.5013887882232666,
      0.49181604385375977,
      0.5170007348060608,
      0.4902498424053192,
      0.39865240454673767,
      0.3340153992176056,
      0.38948336243629456,
      0.38972800970077515,
      0.464398056268692,
      0.4224717319011688,
      0.47494232654571533,
      0.4629901945590973,
      0.49327418208122253,
      0.4523627758026123,
      0.45718351006507874,
      0.41832876205444336,
      0.44153374433517456,
      0.41295313835144043,
      0.47206753492355347,
      0.4440773129463196,
      0.515052080154419,
      0.5466904044151306,
      0.8218440413475037
    ],
    [
