{
  "run_id": "20260305_132342",
  "condition": "C",
  "problem": "causeway_bridge",
  "timestamp": "2026-03-05T13:23:42.429281",
  "metrics": {
    "final_compliance": 239.1648103309612,
    "topology_sparsity": 0.6916666666666667,
    "grey_ratio": 0.07083333333333333,
    "convergence_step": 1,
    "wall_time_s": 2.1197168827056885,
    "n_params": 480,
    "n_steps": 5
  },
  "loss_history": [
    238.06652944679905,
    239.67460229738595,
    241.55550651164614,
    239.1648103309612,
    239.1648103309612
  ],
  "final_density": [
    [
      1.0,
      1.0,
      1.0,
      1.0,
      1.0,
      1.0,
      1.0,
      1.0,
      1.0,
      1.0,
      1.0,
      1.0,
      1.0,
      1.0,
      1.0,
      1.0,
      1.0,
      1.0,
      1.0,
      1.0,
      1.0,
      1.0,
      1.0,
      1.0,
      1.0,
      1.0,
      1.0,
      1.0,
      1.0,
      1.0,
      1.0,
      1.0,
      0.0010000000474974513,
      1.0,
      0.0010000000474974513,
      0.0010000000474974513,
      0.0010000000474974513,
      0.0010000000474974513,
      0.0010000000474974513,
      0.0010000000474974513
    ],
    [
      1.0,
      1.0,
      1.0,
      1.0,
      1.0,
      1.0,
      1.0,
      1.0,
      1.0,
      1.0,
      1.0,
      1.0,
      1.0,
      1.0,
      1.0,
      1.0,
      1.0,
      1.0,
      1.0,
      1.0,
      1.0,
      1.0,
      1.0,
      1.0,
      1.0,
      1.0,
      1.0,
      0.9509958028793335,
      1.0,
      0.8158278465270996,
      1.0,
      0.4808292090892792,
      1.0,
      0.0010000000474974513,
      1.0,
      0.0010000000474974513,
      0.0010000000474974513,
      0.0010000000474974513,
      0.0010000000474974513,
      0.0010000000474974513
    ],
    [
      1.0,
      1.0,
      1.0,
      1.0,
      1.0,
      1.0,
      1.0,
      1.0,
      1.0,
      1.0,
      1.0,
      1.0,
      1.0,
      1.0,
      1.0,
      1.0,
      1.0,
      1.0,
      1.0,
      1.0,
      1.0,
      1.0,
      0.9721250534057617,
      0.0010000000474974513,
      1.0,
      0.31001874804496765,
      0.4025815725326538,
      1.0,
      0.0010000000474974513,
      1.0,
      0.6042693853378296,
      1.0,
      1.0,
      0.9708572030067444,
      0.0010000000474974513,
      0.7560241222381592,
      0.4605414867401123,
      0.0010000000474974513,
      0.0010000000474974513,
      0.0010000000474974513
    ],
    [
      1.0,
      1.0,
      1.0,
      1.0,
      1.0,
      1.0,
      1.0,
      1.0,
      1.0,
      1.0,
      1.0,
      1.0,
      1.0,
      1.0,
      0.0010000000474974513,
      1.0,
      1.0,
      1.0,
      0.0010000000474974513,
      0.06818991899490356,
      1.0,
      1.0,
      0.0010000000474974513,
      0.923425018787384,
      0.0010000000474974513,
      0.0010000000474974513,
      0.0010000000474974513,
      0.3199378252029419,
      1.0,
      1.0,
      0.2744057774543762,
      0.0010000000474974513,
      1.0,
      1.0,
      0.9839274287223816,
      1.0,
      0.5052791833877563,
      0.0010000000474974513,
      0.0010000000474974513,
      0.0010000000474974513
    ],
    [
      0.0010000000474974513,
      1.0,
      1.0,
      1.0,
      0.9684941172599792,
      0.0010000000474974513,
      0.0010000000474974513,
      1.0,
      0.0010000000474974513,
      0.0010000000474974513,
      1.0,
      0.0010000000474974513,
      0.0010000000474974513,
      0.9076618552207947,
      1.0,
      0.0010000000474974513,
      0.10313799977302551,
      0.0010000000474974513,
      0.0010000000474974513,
      0.0010000000474974513,
      0.0010000000474974513,
      0.0010000000474974513,
      1.0,
      0.604863166809082,
      1.0,
      0.5191736221313477,
      1.0,
      0.0010000000474974513,
      0.0010000000474974513,
      0.0010000000474974513,
      1.0,
      1.0,
      0.0010000000474974513,
      1.0,
      0.7804356217384338,
      1.0,
      1.0,
      1.0,
      0.0010000000474974513,
      0.0010000000474974513
    ],
    [
      0.0010000000474974513,
      0.0010000000474974513,
      0.0010000000474974513,
      1.0,
      0.0010000000474974513,
      1.0,
      0.7469015717506409,
      0.0010000000474974513,
      1.0,
      0.8954777121543884,
      1.0,
      0.0010000000474974513,
      0.0010000000474974513,
      0.513745903968811,
      1.0,
      1.0,
      0.7517640590667725,
      1.0,
      1.0,
      1.0,
      0.0010000000474974513,
      0.39823123812675476,
      1.0,
      0.13410693407058716,
      0.6911699771881104,
      0.0010000000474974513,
      1.0,
      0.45561090111732483,
      1.0,
      0.0010000000474974513,
      0.0010000000474974513,
      0.5211465358734131,
      0.023165106773376465,
      0.0010000000474974513,
      0.0010000000474974513,
      0.0010000000474974513,
      1.0,
      1.0,
      0.0010000000474974513,
      0.0010000000474974513
    ],
    [
      0.0010000000474974513,
      0.0010000000474974513,
      0.0010000000474974513,
      0.0010000000474974513,
      0.0010000000474974513,
      1.0,
      0.0010000000474974513,
      1.0,
      0.0010000000474974513,
      0.8607010841369629,
      0.0010000000474974513,
      0.0010000000474974513,
      1.0,
      1.0,
      1.0,
      0.4162669777870178,
      0.0010000000474974513,
      1.0,
      0.4675532281398773,
      0.9926118850708008,
      0.1475803256034851,
      0.0010000000474974513,
      1.0,
      1.0,
      0.0010000000474974513,
      1.0,
      0.0010000000474974513,
      1.0,
      1.0,
      0.4571807384490967,
      1.0,
      0.0010000000474974513,
      0.9971041083335876,
      1.0,
      0.629035234451294,
      1.0,
      1.0,
      0.6212338805198669,
      1.0,
      0.0010000000474974513
    ],
    [
      0.0010000000474974513,
      0.0010000000474974513,
      0.0010000000474974513,
      1.0,
      0.0010000000474974513,
      0.0010000000474974513,
      1.0,
      1.0,
      0.0010000000474974513,
      0.26304692029953003,
      1.0,
      1.0,
      1.0,
      0.0010000000474974513,
      0.0010000000474974513,
      0.0010000000474974513,
      1.0,
      0.402193546295166,
      0.012480662204325199,
      0.16282066702842712,
      1.0,
      0.0010000000474974513,
      1.0,
      0.0010000000474974513,
      1.0,
      0.40834155678749084,
      1.0,
      0.0010000000474974513,
      0.9939172267913818,
      0.18840935826301575,
      1.0,
      0.0010000000474974513,
      0.0010000000474974513,
      0.0010000000474974513,
      0.0010000000474974513,
      0.6783531308174133,
      1.0,
      1.0,
      1.0,
      1.0
    ],
    [
      1.0,
      1.0,
      1.0,
      1.0,
      1.0,
      1.0,
      1.0,
      1.0,
      1.0,
      1.0,
      1.0,
      0.0010000000474974513,
      0.0010000000474974513,
      1.0,
      0.8773205280303955,
      0.7940332889556885,
      0.21028994023799896,
      0.0636221170425415,
      0.47123175859451294,
      0.0010000000474974513,
      1.0,
      1.0,
      1.0,
      0.0010000000474974513,
      0.0010000000474974513,
      0.8124771118164062,
      0.0010000000474974513,
      0.0010000000474974513,
      0.0010000000474974513,
      1.0,
      0.3523808717727661,
      0.0010000000474974513,
      0.0010000000474974513,
      0.0010000000474974513,
      0.0010000000474974513,
      0.38749003410339355,
      0.0010000000474974513,
      1.0,
      1.0,
      1.0
    ],
    [
      1.0,
      1.0,
      1.0,
      1.0,
      1.0,
      1.0,
      1.0,
      1.0,
      1.0,
      1.0,
      1.0,
      1.0,
      1.0,
      1.0,
      1.0,
      1.0,
      1.0,
      1.0,
      1.0,
      1.0,
      1.0,
      1.0,
      0.0010000000474974513,
      1.0,
      0.0010000000474974513,
      1.0,
      1.0,
      1.0,
      0.0010000000474974513,
      0.24755510687828064,
      0.0010000000474974513,
      1.0,
      0.0010000000474974513,
      0.0010000000474974513,
      1.0,
      0.0010000000474974513,
      0.0010000000474974513,
