{
  "run_id": "20260305_132348",
  "condition": "F",
  "problem": "causeway_bridge",
  "timestamp": "2026-03-05T13:23:48.579266",
  "metrics": {
    "final_compliance": 1083.243894354337,
    "topology_sparsity": 1.0,
    "grey_ratio": 1.0,
    "convergence_step": 1,
    "wall_time_s": 1.2346112728118896,
    "n_params": 29377,
    "n_steps": 5
  },
  "loss_history": [
    1085.8609986222705,
    1085.4196680013329,
    1084.9295799737906,
    1084.168431210749,
    1083.243894354337
  ],
  "final_density": [
    [
      0.5336412787437439,
      0.5336436629295349,
      0.5336459875106812,
      0.5336486101150513,
      0.5336506366729736,
      0.5336524844169617,
      0.5336543321609497,
      0.5336571335792542,
      0.5336604714393616,
      0.5336637496948242,
      0.5336669683456421,
      0.5336703062057495,
      0.5336737036705017,
      0.533676266670227,
      0.5336780548095703,
      0.5336799621582031,
      0.5336812734603882,
      0.5336822867393494,
      0.5336832404136658,
      0.5336838364601135,
      0.5336852073669434,
      0.5336862802505493,
      0.5336873531341553,
      0.5336884260177612,
      0.533689558506012,
      0.5336906313896179,
      0.5336917042732239,
      0.5336925983428955,
      0.5336934328079224,
      0.5336942672729492,
      0.5336952209472656,
      0.5336962938308716,
      0.5336973667144775,
      0.533698558807373,
      0.5336999893188477,
      0.5337017178535461,
      0.5337028503417969,
      0.5337039232254028,
      0.5337051749229431,
      0.5337064266204834
    ],
    [
      0.5336523652076721,
      0.5336541533470154,
      0.5336559414863586,
      0.5336577892303467,
      0.5336601734161377,
      0.5336629748344421,
      0.5336660742759705,
      0.5336694121360779,
      0.5336729288101196,
      0.5336763858795166,
      0.533679723739624,
      0.5336830019950867,
      0.5336858034133911,
      0.5336875915527344,
      0.5336891412734985,
      0.5336897969245911,
      0.533690333366394,
      0.5336911082267761,
      0.5336920022964478,
      0.533693253993988,
      0.533694863319397,
      0.533696174621582,
      0.5336971879005432,
      0.5336984992027283,
      0.533699631690979,
      0.5337003469467163,
      0.5337010622024536,
      0.5337018370628357,
      0.533702552318573,
      0.5337033271789551,
      0.5337041616439819,
      0.5337050557136536,
      0.5337059497833252,
      0.5337068438529968,
      0.5337080359458923,
      0.5337096452713013,
      0.5337111949920654,
      0.5337128043174744,
      0.5337145924568176,
      0.5337161421775818
    ],
    [
      0.5336622595787048,
      0.5336648225784302,
      0.5336676239967346,
      0.5336703658103943,
      0.5336731672286987,
      0.533676028251648,
      0.5336790084838867,
      0.5336814522743225,
      0.5336843132972717,
      0.5336872935295105,
      0.5336904525756836,
      0.5336934924125671,
      0.5336964726448059,
      0.5336980223655701,
      0.5336993336677551,
      0.533699631690979,
      0.5336998701095581,
      0.5337005257606506,
      0.5337014198303223,
      0.533702552318573,
      0.5337041020393372,
      0.5337051153182983,
      0.5337061882019043,
      0.5337069034576416,
      0.533707857131958,
      0.5337088704109192,
      0.5337100625038147,
      0.5337112545967102,
      0.5337124466896057,
      0.533713698387146,
      0.5337150692939758,
      0.5337164402008057,
      0.5337180495262146,
      0.5337198972702026,
      0.5337217450141907,
      0.5337234735488892,
      0.5337249040603638,
      0.533726155757904,
      0.5337274074554443,
      0.5337286591529846
    ],
    [
      0.5336729884147644,
      0.5336768627166748,
      0.5336799025535583,
      0.5336824059486389,
      0.5336846709251404,
      0.5336869359016418,
      0.5336892008781433,
      0.5336915850639343,
      0.5336941480636597,
      0.5336973667144775,
      0.5337005853652954,
      0.5337037444114685,
      0.5337066650390625,
      0.5337091088294983,
      0.5337103605270386,
      0.533710777759552,
      0.5337115526199341,
      0.5337123870849609,
      0.5337132215499878,
      0.5337138772010803,
      0.5337146520614624,
      0.5337154269218445,
      0.5337162613868713,
      0.5337170958518982,
      0.5337179899215698,
      0.5337188839912415,
      0.5337195992469788,
      0.5337205529212952,
      0.5337216854095459,
      0.5337229371070862,
      0.5337247252464294,
      0.5337266325950623,
      0.5337285995483398,
      0.5337305068969727,
      0.5337324142456055,
      0.533734142780304,
      0.5337358713150024,
      0.5337373614311218,
      0.5337388515472412,
      0.5337400436401367
    ],
    [
      0.5336790680885315,
      0.5336829423904419,
      0.5336869359016418,
      0.5336907505989075,
      0.533694326877594,
      0.5336978435516357,
      0.5337005853652954,
      0.5337033867835999,
      0.5337058305740356,
      0.5337083339691162,
      0.5337115526199341,
      0.5337145924568176,
      0.533717155456543,
      0.5337198376655579,
      0.5337212085723877,
      0.5337220430374146,
      0.5337228178977966,
      0.5337234735488892,
      0.5337240099906921,
      0.5337244868278503,
      0.5337249636650085,
      0.5337257385253906,
      0.533726692199707,
      0.5337275266647339,
      0.5337283611297607,
      0.5337292551994324,
      0.5337302684783936,
      0.5337317585945129,
      0.5337335467338562,
      0.533734917640686,
      0.5337361693382263,
      0.5337375402450562,
      0.5337387323379517,
      0.5337400436401367,
      0.5337414145469666,
      0.5337428450584412,
      0.5337443351745605,
      0.5337458252906799,
      0.5337473154067993,
      0.5337488055229187
    ],
    [
      0.5336853265762329,
      0.5336893200874329,
      0.5336933732032776,
      0.5336971282958984,
      0.5337009429931641,
      0.5337046980857849,
      0.5337086319923401,
      0.5337125062942505,
      0.5337159633636475,
      0.5337187051773071,
      0.5337211489677429,
      0.5337238311767578,
      0.5337269902229309,
      0.5337300300598145,
      0.53373122215271,
      0.5337321162223816,
      0.5337328314781189,
      0.5337333679199219,
      0.5337339043617249,
      0.5337343811988831,
      0.5337352156639099,
      0.5337360501289368,
      0.5337367653846741,
      0.5337375998497009,
      0.5337387919425964,
      0.533740222454071,
      0.5337416529655457,
      0.533743143081665,
      0.5337448120117188,
      0.5337464809417725,
      0.5337480306625366,
      0.5337492227554321,
      0.5337502360343933,
      0.5337512493133545,
      0.5337522625923157,
      0.5337533354759216,
      0.5337543487548828,
      0.5337554812431335,
      0.5337565541267395,
      0.5337578654289246
    ],
    [
      0.5336910486221313,
      0.5336952209472656,
      0.5336995124816895,
      0.5337037444114685,
      0.533707857131958,
      0.5337115526199341,
      0.533715009689331,
      0.5337183475494385,
      0.5337216854095459,
      0.5337249636650085,
      0.533728301525116,
      0.5337320566177368,
      0.5337358713150024,
      0.5337380766868591,
      0.5337388515472412,
      0.5337398648262024,
      0.5337408781051636,
      0.53374183177948,
      0.5337426662445068,
      0.5337437987327576,
      0.5337451696395874,
      0.533746600151062,
      0.5337477922439575,
      0.5337490439414978,
      0.5337502360343933,
      0.5337514877319336,
      0.5337526798248291,
      0.5337539315223694,
      0.533755362033844,
      0.5337569117546082,
      0.5337585210800171,
      0.533760130405426,
      0.5337616205215454,
      0.5337628126144409,
      0.5337638258934021,
      0.5337648391723633,
      0.5337659120559692,
      0.5337669849395752,
      0.5337679982185364,
      0.5337690711021423
    ],
    [
      0.5336939692497253,
      0.5336984395980835,
      0.5337026715278625,
      0.5337072014808655,
      0.533711314201355,
