{
  "run_id": "20260305_132352",
  "condition": "H",
  "problem": "mbb_beam",
  "timestamp": "2026-03-05T13:23:52.248954",
  "metrics": {
    "final_compliance": 268.88370362904357,
    "topology_sparsity": 0.9979166666666667,
    "grey_ratio": 0.46875,
    "convergence_step": 3,
    "wall_time_s": 0.8971590995788574,
    "n_params": 12737,
    "n_steps": 5
  },
  "loss_history": [
    475.3505760599105,
    345.5818902373951,
    288.9347108704164,
    269.8085404053538,
    268.88370362904357
  ],
  "final_density": [
    [
      0.8811124563217163,
      0.8909823894500732,
      0.8909144401550293,
      0.8961846232414246,
      0.9051395654678345,
      0.908280074596405,
      0.8941625952720642,
      0.8675164580345154,
      0.8702807426452637,
      0.8797580003738403,
      0.8938916325569153,
      0.9018459916114807,
      0.8976555466651917,
      0.8891820311546326,
      0.8733869194984436,
      0.8596737384796143,
      0.8477059602737427,
      0.8315851092338562,
      0.7969018220901489,
      0.7960397601127625,
      0.8221036791801453,
      0.8519347906112671,
      0.8760385513305664,
      0.8941547274589539,
      0.9097262024879456,
      0.9162535071372986,
      0.8996197581291199,
      0.8576741218566895,
      0.8126489520072937,
      0.7680259943008423,
      0.7407508492469788,
      0.7426013946533203,
      0.7539816498756409,
      0.7691217660903931,
      0.7908685207366943,
      0.8122684955596924,
      0.8199531435966492,
      0.7895207405090332,
      0.7183886766433716,
      0.6970096230506897
    ],
    [
      0.9062577486038208,
      0.9120107889175415,
      0.9090908169746399,
      0.8822713494300842,
      0.858123779296875,
      0.8768414258956909,
      0.9016355276107788,
      0.8852109909057617,
      0.8773564696311951,
      0.8849253058433533,
      0.8937777876853943,
      0.9014735221862793,
      0.9138872623443604,
      0.9257034659385681,
      0.9261806607246399,
      0.9127737283706665,
      0.889178454875946,
      0.8803766369819641,
      0.885997474193573,
      0.883806586265564,
      0.8731446266174316,
      0.8670507669448853,
      0.8626967668533325,
      0.8497282862663269,
      0.8416184186935425,
      0.8404434323310852,
      0.8280836939811707,
      0.824178159236908,
      0.8436193466186523,
      0.8564330339431763,
      0.8475623726844788,
      0.8343597650527954,
      0.8312270641326904,
      0.8300489187240601,
      0.8239870071411133,
      0.8258070945739746,
      0.815437912940979,
      0.82279372215271,
      0.810263454914093,
      0.7460256814956665
    ],
    [
      0.8882375955581665,
      0.8896267414093018,
      0.8883180022239685,
      0.8825684785842896,
      0.873330295085907,
      0.864062488079071,
      0.8534507155418396,
      0.8426734209060669,
      0.8449561595916748,
      0.8645549416542053,
      0.8847633600234985,
      0.8840768337249756,
      0.8632892966270447,
      0.8268811106681824,
      0.7684029936790466,
      0.728157103061676,
      0.7294434905052185,
      0.7533217072486877,
      0.777355432510376,
      0.787506103515625,
      0.7805970311164856,
      0.7518740892410278,
      0.7024374604225159,
      0.7016753554344177,
      0.7351415753364563,
      0.7689690589904785,
      0.8190787434577942,
      0.8503793478012085,
      0.8569127917289734,
      0.8613026142120361,
      0.8596644401550293,
      0.8427796959877014,
      0.8271634578704834,
      0.8073089718818665,
      0.7867741584777832,
      0.7825115919113159,
      0.7867231369018555,
      0.7877702713012695,
      0.8037410974502563,
      0.820350706577301
    ],
    [
      0.7809329032897949,
      0.7771145701408386,
      0.7821945548057556,
      0.7962200045585632,
      0.8216378092765808,
      0.8309584856033325,
      0.811902642250061,
      0.7915525436401367,
      0.7926655411720276,
      0.803067684173584,
      0.7965311408042908,
      0.7733168601989746,
      0.7588077783584595,
      0.7761934399604797,
      0.760211706161499,
      0.692062258720398,
      0.598698616027832,
      0.5227205753326416,
      0.4942820072174072,
      0.5061562657356262,
      0.5659956336021423,
      0.6505178213119507,
      0.7089725136756897,
      0.7349815368652344,
      0.742752730846405,
      0.7327496409416199,
      0.7166480422019958,
      0.7090135216712952,
      0.7033224701881409,
      0.7196979522705078,
      0.7576040029525757,
      0.7512089014053345,
      0.7358365058898926,
      0.7350608110427856,
      0.7335860729217529,
      0.7361857295036316,
      0.7409279346466064,
      0.7505803108215332,
      0.7665607929229736,
      0.7829846739768982
    ],
    [
      0.8578345775604248,
      0.8633378148078918,
      0.8500007390975952,
      0.8422644734382629,
      0.837985634803772,
      0.8087310194969177,
      0.7865573167800903,
      0.778448224067688,
      0.7617770433425903,
      0.7438573241233826,
      0.7292823195457458,
      0.7344334721565247,
      0.7698266506195068,
      0.8034136891365051,
      0.8071520924568176,
      0.780208170413971,
      0.7309914231300354,
      0.6947556734085083,
      0.6648905873298645,
      0.6358535289764404,
      0.6146347522735596,
      0.6119312644004822,
      0.6446667313575745,
      0.7074370980262756,
      0.7619255185127258,
      0.7996008992195129,
      0.8373479843139648,
      0.8611147403717041,
      0.8688647747039795,
      0.8705238699913025,
      0.8658702373504639,
      0.8532232642173767,
      0.8369825482368469,
      0.8228617310523987,
      0.8119884729385376,
      0.803587794303894,
      0.805665910243988,
      0.8183308243751526,
      0.8391138911247253,
      0.8593736290931702
    ],
    [
      0.9114289283752441,
      0.9011885523796082,
      0.868239164352417,
      0.8138952255249023,
      0.7652204036712646,
      0.6981959342956543,
      0.6390970349311829,
      0.6267837882041931,
      0.6205110549926758,
      0.6098805665969849,
      0.6271902322769165,
      0.6755969524383545,
      0.7161567807197571,
      0.748910129070282,
      0.7652794718742371,
      0.7338323593139648,
      0.6628361940383911,
      0.6010383367538452,
      0.5863125324249268,
      0.6123883128166199,
      0.6584964990615845,
      0.7274805903434753,
      0.778853178024292,
      0.7948436141014099,
      0.7862983345985413,
      0.784313440322876,
      0.8117623329162598,
      0.8409178256988525,
      0.8456922769546509,
      0.8291106224060059,
      0.8001010417938232,
      0.7564584016799927,
      0.7215145826339722,
      0.7269870638847351,
      0.7644169926643372,
      0.7916631698608398,
      0.8002327680587769,
      0.8087108731269836,
      0.8212848901748657,
      0.8230334520339966
    ],
    [
      0.7820944786071777,
      0.7591908574104309,
      0.7397458553314209,
      0.7323129773139954,
      0.7428420782089233,
      0.7584671378135681,
      0.712687075138092,
      0.6375969648361206,
      0.6192068457603455,
      0.6403814554214478,
      0.7045680284500122,
      0.7534531354904175,
      0.7766869068145752,
      0.7811939716339111,
      0.7591111063957214,
      0.7119773626327515,
      0.686154842376709,
      0.6987766623497009,
      0.6953632831573486,
      0.6649768352508545,
      0.6420549750328064,
      0.6422448754310608,
      0.6543245315551758,
      0.6909772753715515,
      0.7449949383735657,
      0.7290016412734985,
      0.7061792016029358,
      0.7145944237709045,
      0.7416091561317444,
      0.7612698078155518,
      0.7683731913566589,
      0.7608078718185425,
      0.7538795471191406,
      0.7433867454528809,
      0.7426159381866455,
      0.7500494122505188,
      0.7268092036247253,
      0.6720607876777649,
      0.6247396469116211,
      0.619862973690033
    ],
    [
      0.7155213952064514,
      0.6866134405136108,
      0.6746609807014465,
      0.6757198572158813,
      0.681865930557251,
