{
  "run_id": "20260305_132744",
  "condition": "L",
  "problem": "causeway_bridge",
  "timestamp": "2026-03-05T13:27:44.036753",
  "metrics": {
    "final_compliance": 1220.0460348822812,
    "topology_sparsity": 0.5416666666666666,
    "grey_ratio": 1.0,
    "convergence_step": 1,
    "wall_time_s": 0.1931304931640625,
    "n_params": 480,
    "n_steps": 5
  },
  "loss_history": [
    1246.802304193963,
    1239.7098905661483,
    1232.8863513731594,
    1226.3395160731493,
    1220.0460348822812
  ],
  "final_density": [
    [
      0.48117297887802124,
      0.41409724950790405,
      0.4820730984210968,
      0.5327387452125549,
      0.4811076819896698,
      0.4935014545917511,
      0.5321431159973145,
      0.525188148021698,
      0.4380057752132416,
      0.6441117525100708,
      0.5151442885398865,
      0.41941407322883606,
      0.5982614755630493,
      0.4607854187488556,
      0.4336518943309784,
      0.48656362295150757,
      0.5449070334434509,
      0.5610056519508362,
      0.44343429803848267,
      0.36431223154067993,
      0.5944219827651978,
      0.4967132806777954,
      0.48087838292121887,
      0.5140289068222046,
      0.4985444247722626,
      0.42615175247192383,
      0.43286773562431335,
      0.4328562021255493,
      0.4750523865222931,
      0.4962797164916992,
      0.506740152835846,
      0.49947068095207214,
      0.44761529564857483,
      0.36169442534446716,
      0.5881621241569519,
      0.4326353967189789,
      0.43925055861473083,
      0.5722468495368958,
      0.37504610419273376,
      0.5796356201171875
    ],
    [
      0.5748685002326965,
      0.5284597277641296,
      0.3783501386642456,
      0.5469024181365967,
      0.5800154805183411,
      0.44844678044319153,
      0.4977494776248932,
      0.5812406539916992,
      0.5720842480659485,
      0.49975550174713135,
      0.43091529607772827,
      0.5052698850631714,
      0.5612093806266785,
      0.6231781840324402,
      0.4487631320953369,
      0.5325968265533447,
      0.5573568344116211,
      0.5051808953285217,
      0.5227940082550049,
      0.46863898634910583,
      0.5033226013183594,
      0.48953482508659363,
      0.4984351694583893,
      0.4644595682621002,
      0.5010497570037842,
      0.5497414469718933,
      0.580322802066803,
      0.39688530564308167,
      0.5844305157661438,
      0.46022501587867737,
      0.6443540453910828,
      0.5643085241317749,
      0.42917728424072266,
      0.4197976291179657,
      0.5237762331962585,
      0.5004279613494873,
      0.49859803915023804,
      0.4516953229904175,
      0.4363996386528015,
      0.48807263374328613
    ],
    [
      0.548999547958374,
      0.46968522667884827,
      0.561316728591919,
      0.4955807328224182,
      0.5185660719871521,
      0.3760584592819214,
      0.4558383822441101,
      0.5249757766723633,
      0.5276697874069214,
      0.524905800819397,
      0.5235081911087036,
      0.500468373298645,
      0.5537247657775879,
      0.4253062307834625,
      0.5642758011817932,
      0.5164833664894104,
      0.509288489818573,
      0.6305795907974243,
      0.49885380268096924,
      0.6536908745765686,
      0.5235490798950195,
      0.469608336687088,
      0.6286906599998474,
      0.48621630668640137,
      0.4488930106163025,
      0.5378419756889343,
      0.6724445819854736,
      0.550438642501831,
      0.46422234177589417,
      0.4062516689300537,
      0.5233318209648132,
      0.4396204948425293,
      0.5448117256164551,
      0.5364485383033752,
      0.6124885082244873,
      0.5155744552612305,
      0.5469303727149963,
      0.4408687949180603,
      0.5881568193435669,
      0.6115583777427673
    ],
    [
      0.5623269081115723,
      0.543216347694397,
      0.40889090299606323,
      0.5133025050163269,
      0.6055508255958557,
      0.5100551843643188,
      0.5552982687950134,
      0.4355164170265198,
      0.44548967480659485,
      0.42537808418273926,
      0.4012283682823181,
      0.4925183057785034,
      0.4500194787979126,
      0.47861236333847046,
      0.458988219499588,
      0.5249357223510742,
      0.5621152520179749,
      0.444019079208374,
      0.4920571446418762,
      0.48315924406051636,
      0.28025421500205994,
      0.5158353447914124,
      0.5931486487388611,
      0.4531334340572357,
      0.4592058062553406,
      0.5026736855506897,
      0.5141667127609253,
      0.43731388449668884,
      0.4857032597064972,
      0.501871645450592,
      0.42875969409942627,
      0.392458975315094,
      0.5369086861610413,
      0.6005218625068665,
      0.669342577457428,
      0.3824353516101837,
      0.4858168959617615,
      0.5512081384658813,
      0.5096640586853027,
      0.6049826145172119
    ],
    [
      0.5022849440574646,
      0.42917710542678833,
      0.507341742515564,
      0.5748468041419983,
      0.4992537796497345,
      0.565632700920105,
      0.5223660469055176,
      0.46993935108184814,
      0.42537450790405273,
      0.39002153277397156,
      0.48155903816223145,
      0.4881117343902588,
      0.3475356996059418,
      0.45862239599227905,
      0.6620609760284424,
      0.4734916388988495,
      0.5880967378616333,
      0.6299111247062683,
      0.5626451969146729,
      0.526269257068634,
      0.426345556974411,
      0.6502079367637634,
      0.5431667566299438,
      0.3265925347805023,
      0.5896257758140564,
      0.46077844500541687,
      0.4520299434661865,
      0.498988538980484,
      0.48493149876594543,
      0.5050632357597351,
      0.5254347324371338,
      0.493673175573349,
      0.5651538372039795,
      0.533300518989563,
      0.45253467559814453,
      0.4204380214214325,
      0.6435043215751648,
      0.5000871419906616,
      0.5670559406280518,
      0.48329246044158936
    ],
    [
      0.6300774216651917,
      0.6090955138206482,
      0.46664804220199585,
      0.4096994996070862,
      0.5761955976486206,
      0.539143443107605,
      0.5569658875465393,
      0.48636525869369507,
      0.5708252191543579,
      0.49675068259239197,
      0.7187831401824951,
      0.4476679563522339,
      0.5173413157463074,
      0.4202113151550293,
      0.6591464877128601,
      0.5217488408088684,
      0.4286348223686218,
      0.521085262298584,
      0.5796148180961609,
      0.44509440660476685,
      0.6334728598594666,
      0.5038176774978638,
      0.4070852994918823,
      0.5521518588066101,
      0.42488884925842285,
      0.48194006085395813,
      0.44139960408210754,
      0.41903257369995117,
      0.49360746145248413,
      0.5073570609092712,
      0.4058356285095215,
      0.4655947685241699,
      0.4245958626270294,
      0.512852132320404,
      0.45755642652511597,
      0.4037502706050873,
      0.5104316473007202,
      0.434926837682724,
      0.5236997008323669,
      0.43921852111816406
    ],
    [
      0.5545057654380798,
      0.5155046582221985,
      0.5079694986343384,
      0.5581019520759583,
      0.4230256974697113,
      0.3455561697483063,
      0.49104464054107666,
      0.47828346490859985,
      0.61102694272995,
      0.5837328433990479,
      0.6018210649490356,
      0.5552546381950378,
      0.5447040796279907,
      0.38834163546562195,
      0.42689064145088196,
      0.5533491969108582,
      0.5540762543678284,
      0.504231870174408,
      0.45747002959251404,
      0.6258716583251953,
      0.4583122730255127,
      0.44425058364868164,
      0.4217296838760376,
      0.3903345465660095,
      0.5084370374679565,
      0.5538473725318909,
      0.5482568144798279,
      0.619104266166687,
      0.4854843318462372,
      0.4544564485549927,
      0.5124008655548096,
      0.5262497067451477,
      0.4652210772037506,
      0.5543166399002075,
      0.47548171877861023,
      0.5441470742225647,
      0.5431376695632935,
      0.5140838623046875,
      0.5205202102661133,
      0.4956975281238556
    ],
    [
      0.4416918456554413,
      0.4421079754829407,
