{
  "run_id": "20260305_132346",
  "condition": "F",
  "problem": "mbb_beam",
  "timestamp": "2026-03-05T13:23:46.031410",
  "metrics": {
    "final_compliance": 1259.1415036029143,
    "topology_sparsity": 1.0,
    "grey_ratio": 1.0,
    "convergence_step": 1,
    "wall_time_s": 1.281909465789795,
    "n_params": 29377,
    "n_steps": 5
  },
  "loss_history": [
    1262.338167404377,
    1261.7482717894216,
    1260.9929088032004,
    1260.0946141563895,
    1259.1415036029143
  ],
  "final_density": [
    [
      0.5075969696044922,
      0.5075979828834534,
      0.5075986385345459,
      0.5075995922088623,
      0.5076003074645996,
      0.5076006054878235,
      0.5075995922088623,
      0.5075975656509399,
      0.5075955390930176,
      0.5075933933258057,
      0.5075892806053162,
      0.507584810256958,
      0.5075797438621521,
      0.507575511932373,
      0.507571816444397,
      0.5075682997703552,
      0.507564902305603,
      0.5075615048408508,
      0.5075582265853882,
      0.5075548887252808,
      0.5075526237487793,
      0.5075504183769226,
      0.507547914981842,
      0.5075452923774719,
      0.5075425505638123,
      0.5075396299362183,
      0.5075367093086243,
      0.5075331926345825,
      0.5075290203094482,
      0.5075237154960632,
      0.5075181126594543,
      0.5075119137763977,
      0.5075054168701172,
      0.5074995160102844,
      0.5074951648712158,
      0.5074902772903442,
      0.5074852705001831,
      0.507480263710022,
      0.5074757933616638,
      0.50747150182724
    ],
    [
      0.5076017379760742,
      0.507602870464325,
      0.5076037645339966,
      0.507604718208313,
      0.5076056718826294,
      0.5076064467430115,
      0.5076054334640503,
      0.5076037049293518,
      0.5076016783714294,
      0.5075997710227966,
      0.5075967311859131,
      0.5075933933258057,
      0.5075896978378296,
      0.507585883140564,
      0.5075823664665222,
      0.5075788497924805,
      0.5075753331184387,
      0.507571816444397,
      0.5075681209564209,
      0.5075653195381165,
      0.5075629949569702,
      0.5075608491897583,
      0.5075588226318359,
      0.5075564980506897,
      0.5075531601905823,
      0.5075492858886719,
      0.507544994354248,
      0.5075404644012451,
      0.5075353980064392,
      0.5075303912162781,
      0.5075244307518005,
      0.5075187087059021,
      0.5075127482414246,
      0.5075066685676575,
      0.5075005292892456,
      0.5074944496154785,
      0.5074892044067383,
      0.5074845552444458,
      0.5074798464775085,
      0.507474958896637
    ],
    [
      0.5076070427894592,
      0.5076082348823547,
      0.5076091289520264,
      0.5076104402542114,
      0.5076116919517517,
      0.5076125860214233,
      0.5076109766960144,
      0.5076084136962891,
      0.5076065063476562,
      0.5076051950454712,
      0.5076029896736145,
      0.5076004266738892,
      0.5075976848602295,
      0.5075950622558594,
      0.5075924396514893,
      0.5075897574424744,
      0.5075863599777222,
      0.50758296251297,
      0.5075801610946655,
      0.507577657699585,
      0.507574200630188,
      0.5075706243515015,
      0.5075670480728149,
      0.5075634717941284,
      0.5075591802597046,
      0.5075548887252808,
      0.5075506567955017,
      0.5075459480285645,
      0.5075413584709167,
      0.5075368881225586,
      0.5075310468673706,
      0.5075247883796692,
      0.5075185894966125,
      0.5075119137763977,
      0.5075052976608276,
      0.5074986815452576,
      0.507492184638977,
      0.5074861645698547,
      0.5074804425239563,
      0.507475733757019
    ],
    [
      0.5076120495796204,
      0.5076139569282532,
      0.5076155066490173,
      0.5076164603233337,
      0.5076175332069397,
      0.5076178908348083,
      0.5076166391372681,
      0.5076152682304382,
      0.5076137185096741,
      0.5076121687889099,
      0.5076111555099487,
      0.5076085329055786,
      0.5076055526733398,
      0.5076029300689697,
      0.5076002478599548,
      0.5075976848602295,
      0.5075943470001221,
      0.5075917840003967,
      0.5075881481170654,
      0.5075844526290894,
      0.5075808167457581,
      0.5075772404670715,
      0.5075734257698059,
      0.5075684785842896,
      0.5075631141662598,
      0.5075587034225464,
      0.5075538158416748,
      0.5075491666793823,
      0.5075443387031555,
      0.5075393319129944,
      0.5075330138206482,
      0.5075265765190125,
      0.5075200200080872,
      0.5075135231018066,
      0.5075065493583679,
      0.5074998140335083,
      0.507493793964386,
      0.5074878334999084,
      0.50748211145401,
      0.5074763894081116
    ],
    [
      0.5076181292533875,
      0.5076202154159546,
      0.5076221823692322,
      0.5076239109039307,
      0.5076244473457336,
      0.5076239109039307,
      0.5076234340667725,
      0.5076223015785217,
      0.5076208114624023,
      0.507619321346283,
      0.5076174736022949,
      0.5076143145561218,
      0.5076107382774353,
      0.5076068043708801,
      0.5076029300689697,
      0.5075990557670593,
      0.5075961351394653,
      0.5075939297676086,
      0.5075920224189758,
      0.5075891017913818,
      0.5075849890708923,
      0.5075808763504028,
      0.5075768232345581,
      0.5075716376304626,
      0.5075664520263672,
      0.5075609683990479,
      0.507555365562439,
      0.5075501203536987,
      0.5075451135635376,
      0.5075400471687317,
      0.5075342059135437,
      0.5075278878211975,
      0.5075214505195618,
      0.507515549659729,
      0.5075095891952515,
      0.5075029730796814,
      0.507496178150177,
      0.5074894428253174,
      0.5074835419654846,
      0.5074777603149414
    ],
    [
      0.5076253414154053,
      0.507627546787262,
      0.5076294541358948,
      0.507631242275238,
      0.5076311230659485,
      0.5076301693916321,
      0.507628858089447,
      0.5076272487640381,
      0.5076250433921814,
      0.5076227188110352,
      0.5076195597648621,
      0.5076160430908203,
      0.5076112151145935,
      0.5076072812080383,
      0.5076034069061279,
      0.5076002478599548,
      0.5075979828834534,
      0.5075954794883728,
      0.5075929164886475,
      0.5075904726982117,
      0.5075880289077759,
      0.5075839161872864,
      0.5075799226760864,
      0.5075749158859253,
      0.5075693726539612,
      0.5075638294219971,
      0.5075579285621643,
      0.507551908493042,
      0.5075458884239197,
      0.5075401067733765,
      0.5075346231460571,
      0.5075283646583557,
      0.5075223445892334,
      0.5075166821479797,
      0.5075110197067261,
      0.5075051188468933,
      0.5074986219406128,
      0.5074923038482666,
      0.507485568523407,
      0.5074788331985474
    ],
    [
      0.5076301097869873,
      0.5076329112052917,
      0.5076349973678589,
      0.507636547088623,
      0.5076364278793335,
      0.5076354146003723,
      0.5076337456703186,
      0.507631778717041,
      0.5076294541358948,
      0.5076266527175903,
      0.5076233148574829,
      0.5076187252998352,
      0.5076137185096741,
      0.5076091885566711,
      0.5076053142547607,
      0.5076029300689697,
      0.5076001286506653,
      0.5075974464416504,
      0.5075947046279907,
      0.507591962814331,
      0.5075893998146057,
      0.5075868964195251,
      0.5075840950012207,
      0.5075789093971252,
      0.5075733661651611,
      0.507567286491394,
      0.507561206817627,
      0.5075550675392151,
      0.5075489282608032,
      0.5075427889823914,
      0.5075365304946899,
      0.507529079914093,
      0.5075233578681946,
      0.5075175762176514,
      0.5075118541717529,
      0.5075058341026306,
      0.5074994564056396,
      0.507493257522583,
      0.5074871182441711,
      0.507481038570404
    ],
    [
      0.5076319575309753,
      0.5076339840888977,
      0.5076356530189514,
      0.5076373219490051,
      0.5076386332511902,
      0.507637619972229,
