{
  "run_id": "20260305_132029",
  "condition": "C",
  "problem": "mbb_beam",
  "timestamp": "2026-03-05T13:20:29.126548",
  "metrics": {
    "final_compliance": 237.78491657673146,
    "topology_sparsity": 0.6895833333333333,
    "grey_ratio": 0.029166666666666667,
    "convergence_step": 1,
    "wall_time_s": 1.4736177921295166,
    "n_params": 480,
    "n_steps": 5
  },
  "loss_history": [
    234.59681470560736,
    237.18784031320303,
    237.7886649122358,
    237.78491657673146,
    237.78491657673146
  ],
  "final_density": [
    [
      1.0,
      1.0,
      1.0,
      1.0,
      1.0,
      1.0,
      1.0,
      1.0,
      1.0,
      1.0,
      1.0,
      1.0,
      1.0,
      1.0,
      1.0,
      1.0,
      1.0,
      1.0,
      1.0,
      1.0,
      1.0,
      1.0,
      1.0,
      1.0,
      1.0,
      1.0,
      1.0,
      1.0,
      1.0,
      1.0,
      0.0010000000474974513,
      1.0,
      0.0010000000474974513,
      0.24057842791080475,
      0.0010000000474974513,
      0.0010000000474974513,
      0.0010000000474974513,
      0.0010000000474974513,
      0.0010000000474974513,
      0.0010000000474974513
    ],
    [
      1.0,
      1.0,
      1.0,
      1.0,
      1.0,
      1.0,
      1.0,
      1.0,
      1.0,
      1.0,
      1.0,
      1.0,
      1.0,
      1.0,
      1.0,
      1.0,
      1.0,
      1.0,
      1.0,
      1.0,
      1.0,
      1.0,
      1.0,
      1.0,
      1.0,
      1.0,
      1.0,
      1.0,
      1.0,
      1.0,
      0.0010000000474974513,
      0.0010000000474974513,
      1.0,
      0.0010000000474974513,
      0.0010000000474974513,
      0.0010000000474974513,
      0.0010000000474974513,
      0.0010000000474974513,
      0.0010000000474974513,
      0.0010000000474974513
    ],
    [
      1.0,
      1.0,
      1.0,
      1.0,
      1.0,
      1.0,
      1.0,
      1.0,
      1.0,
      1.0,
      1.0,
      1.0,
      1.0,
      1.0,
      1.0,
      1.0,
      1.0,
      1.0,
      1.0,
      1.0,
      1.0,
      1.0,
      1.0,
      1.0,
      1.0,
      1.0,
      1.0,
      1.0,
      1.0,
      1.0,
      1.0,
      1.0,
      1.0,
      1.0,
      1.0,
      0.0010000000474974513,
      0.0010000000474974513,
      0.0010000000474974513,
      0.0010000000474974513,
      0.0010000000474974513
    ],
    [
      1.0,
      1.0,
      1.0,
      1.0,
      1.0,
      1.0,
      1.0,
      1.0,
      1.0,
      1.0,
      1.0,
      1.0,
      1.0,
      1.0,
      1.0,
      0.0010000000474974513,
      0.0010000000474974513,
      1.0,
      0.0010000000474974513,
      1.0,
      1.0,
      1.0,
      1.0,
      0.0010000000474974513,
      0.0010000000474974513,
      0.0010000000474974513,
      0.0010000000474974513,
      0.0010000000474974513,
      0.0010000000474974513,
      1.0,
      1.0,
      1.0,
      1.0,
      1.0,
      0.07387200742959976,
      1.0,
      0.0010000000474974513,
      0.0010000000474974513,
      0.0010000000474974513,
      0.0010000000474974513
    ],
    [
      0.0010000000474974513,
      1.0,
      0.0010000000474974513,
      0.37870320677757263,
      1.0,
      1.0,
      1.0,
      0.0010000000474974513,
      0.0010000000474974513,
      0.0010000000474974513,
      0.9740097522735596,
      1.0,
      0.0010000000474974513,
      1.0,
      0.0010000000474974513,
      1.0,
      0.0010000000474974513,
      1.0,
      0.0010000000474974513,
      0.0010000000474974513,
      0.0010000000474974513,
      0.0010000000474974513,
      0.0010000000474974513,
      1.0,
      0.0010000000474974513,
      0.0010000000474974513,
      0.31312882900238037,
      0.0010000000474974513,
      0.2906031310558319,
      0.757693350315094,
      0.0010000000474974513,
      1.0,
      1.0,
      1.0,
      1.0,
      1.0,
      0.40504029393196106,
      0.0010000000474974513,
      0.0010000000474974513,
      0.0010000000474974513
    ],
    [
      0.0010000000474974513,
      0.0010000000474974513,
      0.0010000000474974513,
      0.0010000000474974513,
      1.0,
      1.0,
      1.0,
      0.0010000000474974513,
      0.0010000000474974513,
      0.0010000000474974513,
      0.0010000000474974513,
      0.0010000000474974513,
      0.0010000000474974513,
      1.0,
      1.0,
      0.0010000000474974513,
      0.0010000000474974513,
      1.0,
      0.0010000000474974513,
      1.0,
      1.0,
      0.0010000000474974513,
      0.7122257947921753,
      1.0,
      1.0,
      1.0,
      1.0,
      0.0010000000474974513,
      1.0,
      1.0,
      1.0,
      0.0010000000474974513,
      0.0010000000474974513,
      0.0010000000474974513,
      1.0,
      1.0,
      1.0,
      1.0,
      0.0010000000474974513,
      0.0010000000474974513
    ],
    [
      0.0010000000474974513,
      1.0,
      0.0010000000474974513,
      0.0010000000474974513,
      0.0010000000474974513,
      0.0010000000474974513,
      1.0,
      1.0,
      0.0010000000474974513,
      0.0010000000474974513,
      0.0010000000474974513,
      1.0,
      1.0,
      1.0,
      0.0010000000474974513,
      1.0,
      0.0010000000474974513,
      1.0,
      0.0010000000474974513,
      1.0,
      1.0,
      1.0,
      0.0010000000474974513,
      1.0,
      1.0,
      1.0,
      1.0,
      1.0,
      1.0,
      0.0010000000474974513,
      0.0010000000474974513,
      0.0010000000474974513,
      0.6723147630691528,
      0.0010000000474974513,
      1.0,
      1.0,
      1.0,
      1.0,
      0.0010000000474974513,
      0.0010000000474974513
    ],
    [
      1.0,
      0.0010000000474974513,
      1.0,
      0.0010000000474974513,
      0.0010000000474974513,
      1.0,
      1.0,
      0.0010000000474974513,
      1.0,
      1.0,
      0.0010000000474974513,
      0.42106905579566956,
      0.0010000000474974513,
      1.0,
      1.0,
      0.0010000000474974513,
      0.0010000000474974513,
      0.0010000000474974513,
      1.0,
      1.0,
      0.0010000000474974513,
      0.0010000000474974513,
      1.0,
      1.0,
      0.0010000000474974513,
      0.0010000000474974513,
      1.0,
      0.0010000000474974513,
      0.0010000000474974513,
      0.0010000000474974513,
      0.06174406036734581,
      0.42125850915908813,
      1.0,
      0.0010000000474974513,
      0.0010000000474974513,
      0.0010000000474974513,
      1.0,
      0.0010000000474974513,
      1.0,
      1.0
    ],
    [
      1.0,
      1.0,
      1.0,
      1.0,
      1.0,
      1.0,
      1.0,
      1.0,
      1.0,
      1.0,
      1.0,
      1.0,
      1.0,
      0.0010000000474974513,
      1.0,
      0.6500016450881958,
      1.0,
      1.0,
      0.6464537978172302,
      0.0010000000474974513,
      1.0,
      1.0,
      0.03383225202560425,
      1.0,
      0.0010000000474974513,
      0.0010000000474974513,
      0.0010000000474974513,
      1.0,
      0.0010000000474974513,
      0.0010000000474974513,
      1.0,
      0.0010000000474974513,
      0.0010000000474974513,
      0.0010000000474974513,
      0.0010000000474974513,
      1.0,
      1.0,
      1.0,
      1.0,
      1.0
    ],
    [
      1.0,
      1.0,
      1.0,
      1.0,
      1.0,
      1.0,
      1.0,
      1.0,
      1.0,
      1.0,
      1.0,
      1.0,
      1.0,
      1.0,
      1.0,
      1.0,
      1.0,
      1.0,
      1.0,
      1.0,
      1.0,
      1.0,
      1.0,
      0.0010000000474974513,
      1.0,
      0.0010000000474974513,
      1.0,
      0.0010000000474974513,
      0.0010000000474974513,
      0.0010000000474974513,
      0.0010000000474974513,
      1.0,
      0.0010000000474974513,
      0.4447513222694397,
      0.32271549105644226,
      0.8049044013023376,
      0.0010000000474974513,
      0.0010000000474974513,
      1.0,
      1.0
    ],
    [
      1.0,
      1.0,
      1.0,
      1.0,
      1.0,
      1.0,
      1.0,
      1.0,
      1.0,
      1.0,
      1.0,
      1.0,
      1.0,
      1.0,
      1.0,
      1.0,
      1.0,
      1.0,
      1.0,
      1.0,
      1.0,
      1.0,
