{
  "run_id": "20260305_132037",
  "condition": "F",
  "problem": "causeway_bridge",
  "timestamp": "2026-03-05T13:20:37.723761",
  "metrics": {
    "final_compliance": 1567.9784353208438,
    "topology_sparsity": 0.0,
    "grey_ratio": 1.0,
    "convergence_step": 1,
    "wall_time_s": 1.2873680591583252,
    "n_params": 29377,
    "n_steps": 5
  },
  "loss_history": [
    1578.6442628371149,
    1576.4993625835277,
    1574.1451953125434,
    1571.825916905061,
    1567.9784353208438
  ],
  "final_density": [
    [
      0.4718443751335144,
      0.47184619307518005,
      0.47184810042381287,
      0.4718500077724457,
      0.4718519151210785,
      0.471854031085968,
      0.47185638546943665,
      0.4718579649925232,
      0.4718594551086426,
      0.4718610644340515,
      0.4718630611896515,
      0.4718650281429291,
      0.4718666672706604,
      0.4718681573867798,
      0.471869558095932,
      0.4718707203865051,
      0.4718717634677887,
      0.4718725085258484,
      0.47187304496765137,
      0.47187304496765137,
      0.47187310457229614,
      0.4718731641769409,
      0.47187310457229614,
      0.4718727171421051,
      0.47187209129333496,
      0.4718693792819977,
      0.4718663692474365,
      0.4718635082244873,
      0.4718608260154724,
      0.47185829281806946,
      0.47185570001602173,
      0.4718535542488098,
      0.4718513786792755,
      0.471849262714386,
      0.4718472361564636,
      0.4718452990055084,
      0.47184333205223083,
      0.4718411862850189,
      0.4718390703201294,
      0.4718368351459503
    ],
    [
      0.47183680534362793,
      0.4718388617038727,
      0.4718409776687622,
      0.4718431234359741,
      0.47184523940086365,
      0.4718473553657532,
      0.4718496799468994,
      0.47185203433036804,
      0.4718543589115143,
      0.4718568027019501,
      0.4718589186668396,
      0.47186094522476196,
      0.4718628525733948,
      0.47186481952667236,
      0.47186678647994995,
      0.4718686044216156,
      0.47187018394470215,
      0.47187134623527527,
      0.4718714654445648,
      0.4718714654445648,
      0.4718714952468872,
      0.47187134623527527,
      0.47187092900276184,
      0.4718703031539917,
      0.4718693196773529,
      0.471868634223938,
      0.47186774015426636,
      0.4718647599220276,
      0.47186174988746643,
      0.47185850143432617,
      0.4718557894229889,
      0.4718533158302307,
      0.4718509614467621,
      0.4718489348888397,
      0.47184714674949646,
      0.4718452990055084,
      0.471843421459198,
      0.471841424703598,
      0.4718393385410309,
      0.47183728218078613
    ],
    [
      0.47182759642601013,
      0.471830278635025,
      0.47183293104171753,
      0.47183558344841003,
      0.47183823585510254,
      0.4718407690525055,
      0.471843421459198,
      0.4718456566333771,
      0.47184768319129944,
      0.47184985876083374,
      0.47185251116752625,
      0.4718552231788635,
      0.4718576669692993,
      0.4718596637248993,
      0.47186148166656494,
      0.47186291217803955,
      0.4718642830848694,
      0.47186562418937683,
      0.47186657786369324,
      0.4718672037124634,
      0.47186774015426636,
      0.4718680679798126,
      0.47186821699142456,
      0.47186774015426636,
      0.4718669354915619,
      0.4718661904335022,
      0.4718654453754425,
      0.4718646705150604,
      0.47186243534088135,
      0.47185924649238586,
      0.4718562066555023,
      0.47185367345809937,
      0.4718511700630188,
      0.4718485176563263,
      0.47184598445892334,
      0.4718436300754547,
      0.4718411862850189,
      0.47183898091316223,
      0.47183674573898315,
      0.4718343913555145
    ],
    [
      0.47181859612464905,
      0.471821665763855,
      0.4718242287635803,
      0.4718267023563385,
      0.47182920575141907,
      0.47183164954185486,
      0.4718340337276459,
      0.47183653712272644,
      0.47183918952941895,
      0.4718417823314667,
      0.4718448221683502,
      0.47184768319129944,
      0.4718506336212158,
      0.4718535542488098,
      0.47185590863227844,
      0.47185713052749634,
      0.47185787558555603,
      0.4718586206436157,
      0.4718593657016754,
      0.4718601107597351,
      0.47186079621315,
      0.47186148166656494,
      0.47186243534088135,
      0.47186312079429626,
      0.47186312079429626,
      0.4718630611896515,
      0.4718627631664276,
      0.4718620181083679,
      0.4718612730503082,
      0.4718594551086426,
      0.4718562066555023,
      0.47185277938842773,
      0.4718494713306427,
      0.4718465209007263,
      0.47184374928474426,
      0.471841037273407,
      0.4718383252620697,
      0.4718358814716339,
      0.47183355689048767,
      0.47183096408843994
    ],
    [
      0.47180604934692383,
      0.4718100428581238,
      0.4718139171600342,
      0.4718169569969177,
      0.47181975841522217,
      0.4718225300312042,
      0.4718252718448639,
      0.47182804346084595,
      0.4718305766582489,
      0.47183316946029663,
      0.47183600068092346,
      0.4718393385410309,
      0.47184258699417114,
      0.4718448221683502,
      0.47184693813323975,
      0.47184884548187256,
      0.47185054421424866,
      0.4718514382839203,
      0.4718523323535919,
      0.4718530774116516,
      0.47185394167900085,
      0.47185489535331726,
      0.47185564041137695,
      0.4718557894229889,
      0.4718557298183441,
      0.47185590863227844,
      0.4718562662601471,
      0.47185659408569336,
      0.4718568027019501,
      0.4718562662601471,
      0.4718543589115143,
      0.4718511700630188,
      0.47184768319129944,
      0.4718441665172577,
      0.47184130549430847,
      0.4718385338783264,
      0.47183600068092346,
      0.47183355689048767,
      0.4718310534954071,
      0.4718283414840698
    ],
    [
      0.47179290652275085,
      0.4717969298362732,
      0.47180092334747314,
      0.471805214881897,
      0.4718088209629059,
      0.4718117415904999,
      0.4718146026134491,
      0.4718175232410431,
      0.4718203842639923,
      0.4718230068683624,
      0.4718256890773773,
      0.47182872891426086,
      0.4718313217163086,
      0.4718337059020996,
      0.4718361496925354,
      0.4718382656574249,
      0.4718402326107025,
      0.4718422591686249,
      0.4718441069126129,
      0.4718455374240875,
      0.4718465209007263,
      0.47184714674949646,
      0.47184768319129944,
      0.47184816002845764,
      0.4718479812145233,
      0.4718483090400696,
      0.47184890508651733,
      0.47184959053993225,
      0.47185054421424866,
      0.4718514382839203,
      0.47185128927230835,
      0.471848726272583,
      0.4718458652496338,
      0.47184306383132935,
      0.471839964389801,
      0.4718370735645294,
      0.4718341827392578,
      0.47183144092559814,
      0.4718286097049713,
      0.4718259274959564
    ],
    [
      0.4717828035354614,
      0.47178611159324646,
      0.4717891812324524,
      0.47179222106933594,
      0.4717954993247986,
      0.47179949283599854,
      0.4718032479286194,
      0.47180554270744324,
      0.4718078672885895,
      0.4718102514743805,
      0.47181323170661926,
      0.47181645035743713,
      0.471818745136261,
      0.471821129322052,
      0.4718233644962311,
      0.47182539105415344,
      0.4718273878097534,
      0.4718298316001892,
      0.47183218598365784,
      0.4718340337276459,
      0.4718360900878906,
      0.4718380272388458,
      0.4718390703201294,
      0.47183966636657715,
      0.4718402326107025,
      0.4718409776687622,
      0.4718421399593353,
      0.4718432128429413,
      0.471843957901001,
      0.47184470295906067,
      0.47184503078460693,
      0.4718452990055084,
      0.4718433618545532,
      0.4718404710292816,
      0.4718371629714966,
      0.47183409333229065,
      0.4718313217163086,
      0.4718288779258728,
      0.4718262255191803,
      0.47182294726371765
    ],
    [
