{
  "run_id": "20260305_132043",
  "condition": "I",
  "problem": "mbb_beam",
  "timestamp": "2026-03-05T13:20:43.433291",
  "metrics": {
    "final_compliance": 368.2480820861798,
    "topology_sparsity": 0.6375,
    "grey_ratio": 0.6416666666666667,
    "convergence_step": 5,
    "wall_time_s": 0.36368656158447266,
    "n_params": 948833,
    "n_steps": 5
  },
  "loss_history": [
    682.4343298313742,
    531.2116473616132,
    454.62018485882334,
    405.31389886184184,
    368.2480820861798
  ],
  "final_density": [
    [
      0.9677372574806213,
      0.9646321535110474,
      0.9573590755462646,
      0.9703043103218079,
      0.9487187266349792,
      0.9406495094299316,
      0.9128350615501404,
      0.9447953104972839,
      0.9488553404808044,
      0.9500662684440613,
      0.941892147064209,
      0.9493444561958313,
      0.9135317802429199,
      0.8873486518859863,
      0.8628158569335938,
      0.9236626625061035,
      0.9365759491920471,
      0.9579306244850159,
      0.9125992059707642,
      0.9006721377372742,
      0.8871355056762695,
      0.9126777052879333,
      0.8756986260414124,
      0.8458631038665771,
      0.8193888664245605,
      0.8395708203315735,
      0.8690186142921448,
      0.93393874168396,
      0.9441055059432983,
      0.8864263296127319,
      0.786893367767334,
      0.6298968195915222,
      0.7206540703773499,
      0.5883826613426208,
      0.5803996920585632,
      0.5994114279747009,
      0.7541395425796509,
      0.7792397737503052,
      0.6948028802871704,
      0.8632219433784485
    ],
    [
      0.9404774308204651,
      0.9753433465957642,
      0.9687989354133606,
      0.975236713886261,
      0.9712343215942383,
      0.970618486404419,
      0.9600170850753784,
      0.9607910513877869,
      0.9439185857772827,
      0.9012194275856018,
      0.892341136932373,
      0.8985688090324402,
      0.8651999235153198,
      0.8481799364089966,
      0.8100027441978455,
      0.8548102974891663,
      0.8623132109642029,
      0.9444148540496826,
      0.9190264940261841,
      0.9325469732284546,
      0.8755389451980591,
      0.8458881974220276,
      0.7689440846443176,
      0.7291816473007202,
      0.6379004120826721,
      0.6174066662788391,
      0.6575314998626709,
      0.830344557762146,
      0.858707070350647,
      0.8818618059158325,
      0.8320313096046448,
      0.4829440712928772,
      0.4192262291908264,
      0.3132658302783966,
      0.2879478633403778,
      0.3721577227115631,
      0.4695289134979248,
      0.41462668776512146,
      0.36850064992904663,
      0.5603777170181274
    ],
    [
      0.829054057598114,
      0.8628348112106323,
      0.861228883266449,
      0.8786687850952148,
      0.7482408881187439,
      0.7477174401283264,
      0.9222813248634338,
      0.9066148400306702,
      0.9298535585403442,
      0.8750090599060059,
      0.82615065574646,
      0.7792214751243591,
      0.8520692586898804,
      0.758917510509491,
      0.7081218361854553,
      0.6102467179298401,
      0.7351757287979126,
      0.8262752890586853,
      0.8510748147964478,
      0.6855427622795105,
      0.6438578963279724,
      0.5616203546524048,
      0.7017408013343811,
      0.7069893479347229,
      0.6899861097335815,
      0.6108543276786804,
      0.694068193435669,
      0.7347418665885925,
      0.659928560256958,
      0.7184221148490906,
      0.7725374698638916,
      0.6747544407844543,
      0.5267524123191833,
      0.21680457890033722,
      0.2775205969810486,
      0.3179890811443329,
      0.47132840752601624,
      0.36008012294769287,
      0.25935840606689453,
      0.5107718110084534
    ],
    [
      0.6343994736671448,
      0.33222755789756775,
      0.2997683584690094,
      0.20876581966876984,
      0.19780878722667694,
      0.15067900717258453,
      0.22034072875976562,
      0.3107987344264984,
      0.5911847949028015,
      0.3961978256702423,
      0.4803199768066406,
      0.4592706561088562,
      0.6091885566711426,
      0.529358983039856,
      0.39220303297042847,
      0.4058896005153656,
      0.5114313364028931,
      0.4125629663467407,
      0.3276016116142273,
      0.19429220259189606,
      0.20340080559253693,
      0.3105274438858032,
      0.23045456409454346,
      0.3224169909954071,
      0.540424108505249,
      0.4988975524902344,
      0.516646146774292,
      0.4894658029079437,
      0.5197718739509583,
      0.3584972620010376,
      0.4723590314388275,
      0.5856812000274658,
      0.6626691222190857,
      0.426921546459198,
      0.23412136733531952,
      0.18494372069835663,
      0.18075646460056305,
      0.18168336153030396,
      0.1991608738899231,
      0.4206600785255432
    ],
    [
      0.5975719690322876,
      0.2866564095020294,
      0.24807040393352509,
      0.16237469017505646,
      0.30112624168395996,
      0.12872131168842316,
      0.16309283673763275,
      0.1143517941236496,
      0.15126022696495056,
      0.11520076543092728,
      0.24562084674835205,
      0.30328071117401123,
      0.4720892012119293,
      0.4190393388271332,
      0.46495920419692993,
      0.3736993074417114,
      0.48365259170532227,
      0.43284881114959717,
      0.19285033643245697,
      0.08983192592859268,
      0.11605558544397354,
      0.10016585886478424,
      0.12855245172977448,
      0.25701239705085754,
      0.37676775455474854,
      0.36375686526298523,
      0.44199493527412415,
      0.48307889699935913,
      0.47552773356437683,
      0.4487798511981964,
      0.42421194911003113,
      0.4112970530986786,
      0.5281011462211609,
      0.49558594822883606,
      0.37071844935417175,
      0.3953613042831421,
      0.37840914726257324,
      0.20391368865966797,
      0.33178070187568665,
      0.621589183807373
    ],
    [
      0.8162108063697815,
      0.6642118096351624,
      0.5669597387313843,
      0.5071048140525818,
      0.6547789573669434,
      0.6616028547286987,
      0.7312837839126587,
      0.2900373339653015,
      0.09339473396539688,
      0.07789904624223709,
      0.11713263392448425,
      0.20441293716430664,
      0.3680378198623657,
      0.6321560144424438,
      0.777045726776123,
      0.768627941608429,
      0.7477825284004211,
      0.7297225594520569,
      0.5981658101081848,
      0.3427993357181549,
      0.19638481736183167,
      0.11761995404958725,
      0.24868403375148773,
      0.3439215421676636,
      0.5079246759414673,
      0.5336616635322571,
      0.5439040064811707,
      0.6037487983703613,
      0.5844733119010925,
      0.6428634524345398,
      0.6846656203269958,
      0.6876363754272461,
      0.6406614184379578,
      0.6260589957237244,
      0.5840146541595459,
      0.391928106546402,
      0.6063746213912964,
      0.4778989553451538,
      0.5179719924926758,
      0.80007404088974
    ],
    [
      0.8330936431884766,
      0.7395243048667908,
      0.610555112361908,
      0.5071375370025635,
      0.49127885699272156,
      0.7223052978515625,
      0.6843344569206238,
      0.6308250427246094,
      0.637493908405304,
      0.39993715286254883,
      0.4335162043571472,
      0.42181700468063354,
      0.42138877511024475,
      0.6025290489196777,
      0.7782014608383179,
      0.8441362380981445,
      0.7459666132926941,
      0.8055500984191895,
      0.7974193096160889,
      0.7767491340637207,
      0.360747367143631,
      0.22370900213718414,
      0.15918880701065063,
      0.35183730721473694,
      0.5050658583641052,
      0.5619474649429321,
      0.46727776527404785,
      0.6345210671424866,
      0.6016175150871277,
      0.5774732828140259,
      0.5508713722229004,
      0.5354334712028503,
      0.5678362250328064,
      0.7404574155807495,
      0.7378837466239929,
      0.7387145161628723,
      0.7437225580215454,
      0.7605742812156677,
      0.6909856200218201,
      0.8922294974327087
    ],
    [
      0.6755080223083496,
      0.2820409834384918,
