{
  "run_id": "20260305_132043",
  "condition": "H",
  "problem": "causeway_bridge",
  "timestamp": "2026-03-05T13:20:43.049115",
  "metrics": {
    "final_compliance": 500.40630303307137,
    "topology_sparsity": 0.9708333333333333,
    "grey_ratio": 0.9854166666666667,
    "convergence_step": 5,
    "wall_time_s": 0.8150608539581299,
    "n_params": 12737,
    "n_steps": 5
  },
  "loss_history": [
    1795.6535691520578,
    1171.2362766856959,
    796.3184156710648,
    607.2674295414686,
    500.40630303307137
  ],
  "final_density": [
    [
      0.6882714033126831,
      0.7154131531715393,
      0.7364315390586853,
      0.7486776113510132,
      0.7533959150314331,
      0.7523096799850464,
      0.7755826115608215,
      0.7551406025886536,
      0.7000930905342102,
      0.6591895818710327,
      0.6439853310585022,
      0.6462768912315369,
      0.6629968881607056,
      0.6361910700798035,
      0.6252977252006531,
      0.6204651594161987,
      0.6452521681785583,
      0.6773428320884705,
      0.7200505137443542,
      0.7517750859260559,
      0.7346811294555664,
      0.7291669249534607,
      0.7213028073310852,
      0.7158349752426147,
      0.7128909230232239,
      0.6926990151405334,
      0.651788055896759,
      0.6222133040428162,
      0.5909444689750671,
      0.5588292479515076,
      0.541995644569397,
      0.548085629940033,
      0.6108906865119934,
      0.6430405378341675,
      0.6523473858833313,
      0.6511759757995605,
      0.6433560848236084,
      0.6362472176551819,
      0.6349682807922363,
      0.6764895915985107
    ],
    [
      0.8315824866294861,
      0.832423746585846,
      0.8165335059165955,
      0.7969555258750916,
      0.7844393253326416,
      0.7716076374053955,
      0.7436832785606384,
      0.7254087924957275,
      0.7234082818031311,
      0.7322107553482056,
      0.7448731064796448,
      0.7531784772872925,
      0.7475005984306335,
      0.7133952379226685,
      0.7040555477142334,
      0.6829505562782288,
      0.6933646202087402,
      0.7228726744651794,
      0.7344743609428406,
      0.7422992587089539,
      0.7486944794654846,
      0.6889774799346924,
      0.5725809931755066,
      0.5669020414352417,
      0.6731376647949219,
      0.7729465365409851,
      0.7570064663887024,
      0.6998600363731384,
      0.6781991124153137,
      0.6377283334732056,
      0.6067029237747192,
      0.6253515481948853,
      0.6631861329078674,
      0.6881118416786194,
      0.7100792527198792,
      0.6555242538452148,
      0.577820897102356,
      0.5295562148094177,
      0.48431605100631714,
      0.4648902118206024
    ],
    [
      0.8603978753089905,
      0.7922376394271851,
      0.7310699820518494,
      0.6812076568603516,
      0.6608701944351196,
      0.7036342620849609,
      0.7550377249717712,
      0.7689726948738098,
      0.7649292349815369,
      0.7534992098808289,
      0.7428267002105713,
      0.7550117373466492,
      0.7887334823608398,
      0.7961680889129639,
      0.7614237070083618,
      0.7518500685691833,
      0.7379941940307617,
      0.7580733895301819,
      0.7854312658309937,
      0.7708973288536072,
      0.7361019849777222,
      0.7217856645584106,
      0.7041851282119751,
      0.6943483352661133,
      0.7200159430503845,
      0.7176207304000854,
      0.7152970433235168,
      0.7360090017318726,
      0.6906962394714355,
      0.6631025671958923,
      0.6556016802787781,
      0.6466858983039856,
      0.6606063842773438,
      0.6819560527801514,
      0.6534256935119629,
      0.6369689106941223,
      0.6099392771720886,
      0.5754340291023254,
      0.5688036680221558,
      0.55167555809021
    ],
    [
      0.6522051692008972,
      0.612798810005188,
      0.6124756336212158,
      0.6636794209480286,
      0.6874131560325623,
      0.6683456301689148,
      0.6445869207382202,
      0.6565107703208923,
      0.6679131388664246,
      0.6720392107963562,
      0.6884140968322754,
      0.7085521817207336,
      0.6870889067649841,
      0.6378411650657654,
      0.5735664367675781,
      0.5197715759277344,
      0.49775609374046326,
      0.5408209562301636,
      0.6417441368103027,
      0.7455033659934998,
      0.7559179067611694,
      0.6925188302993774,
      0.657925009727478,
      0.691990077495575,
      0.7648190259933472,
      0.8161483407020569,
      0.776706337928772,
      0.6727732419967651,
      0.6298198103904724,
      0.6068929433822632,
      0.5757274627685547,
      0.5299827456474304,
      0.5531359910964966,
      0.5889579653739929,
      0.5545423626899719,
      0.5396989583969116,
      0.6059625148773193,
      0.5810073614120483,
      0.547366201877594,
      0.5452008247375488
    ],
    [
      0.6399719715118408,
      0.6254310607910156,
      0.5658367276191711,
      0.5524199604988098,
      0.5782979726791382,
      0.5692694187164307,
      0.5947142243385315,
      0.6451310515403748,
      0.6533719301223755,
      0.605532169342041,
      0.545865535736084,
      0.5293377637863159,
      0.5735984444618225,
      0.6041964888572693,
      0.636496365070343,
      0.6273581385612488,
      0.6164202690124512,
      0.6476479768753052,
      0.6731970310211182,
      0.6719890236854553,
      0.6985681056976318,
      0.7065889239311218,
      0.687278151512146,
      0.7284747362136841,
      0.7741650938987732,
      0.7932389974594116,
      0.7771029472351074,
      0.6912262439727783,
      0.5639640092849731,
      0.4963270425796509,
      0.5430803894996643,
      0.6063572764396667,
      0.6461182236671448,
      0.6265620589256287,
      0.6121888756752014,
      0.6261682510375977,
      0.5236912965774536,
      0.5058034062385559,
      0.5234829783439636,
      0.5767789483070374
    ],
    [
      0.5892338156700134,
      0.5691259503364563,
      0.6006945371627808,
      0.6814795732498169,
      0.684677004814148,
      0.667981743812561,
      0.64618319272995,
      0.6296132206916809,
      0.6328391432762146,
      0.6502559781074524,
      0.6483351588249207,
      0.6208420395851135,
      0.6341865658760071,
      0.6157212257385254,
      0.5817162394523621,
      0.548365592956543,
      0.5457784533500671,
      0.5692848563194275,
      0.5894907712936401,
      0.6061711311340332,
      0.6138247847557068,
      0.6540277004241943,
      0.6700490713119507,
      0.6222877502441406,
      0.5809146165847778,
      0.6152530312538147,
      0.6949306726455688,
      0.7100019454956055,
      0.6602300405502319,
      0.612423837184906,
      0.577507495880127,
      0.5495942234992981,
      0.5810955166816711,
      0.5978381037712097,
      0.580346941947937,
      0.5995262265205383,
      0.629726767539978,
      0.6122685670852661,
      0.5487307906150818,
      0.4897879362106323
    ],
    [
      0.5060032606124878,
      0.5658700466156006,
      0.6137036085128784,
      0.6347588896751404,
      0.6352947354316711,
      0.659731388092041,
      0.6658157110214233,
      0.6323823928833008,
      0.6191554665565491,
      0.638530433177948,
      0.6388363242149353,
      0.651836633682251,
      0.6757875680923462,
      0.634666919708252,
      0.56802898645401,
      0.5268628001213074,
      0.5152669548988342,
      0.5515214800834656,
      0.5667532682418823,
      0.5648254752159119,
      0.576917290687561,
      0.6327477097511292,
      0.6118367314338684,
      0.518320620059967,
      0.5543322563171387,
      0.6111948490142822,
      0.5611075758934021,
      0.5691028237342834,
      0.5967889428138733,
      0.597086489200592,
      0.5728967189788818,
      0.5427246689796448,
      0.5212159752845764,
      0.5580843091011047,
      0.6227794885635376,
      0.6420624852180481,
      0.5955999493598938,
      0.5253800749778748,
      0.47194620966911316,
      0.44772768020629883
    ],
    [
      0.7395273447036743,
      0.7617634534835815,
      0.7539857625961304,
      0.7332544922828674,
