{
  "run_id": "20260305_132732",
  "condition": "E",
  "problem": "multistory_building",
  "timestamp": "2026-03-05T13:27:32.111777",
  "metrics": {
    "final_compliance": 1090.748460139742,
    "topology_sparsity": 1.0,
    "grey_ratio": 1.0,
    "convergence_step": 1,
    "wall_time_s": 0.6788039207458496,
    "n_params": 8577,
    "n_steps": 5
  },
  "loss_history": [
    1157.6491210449697,
    1150.8181424670777,
    1129.9137533321828,
    1110.715680556852,
    1090.748460139742
  ],
  "final_density": [
    [
      0.5271477103233337,
      0.527137279510498,
      0.5271081328392029,
      0.5269484519958496,
      0.5267748832702637,
      0.5265858173370361,
      0.526347279548645,
      0.5261077284812927,
      0.5259085893630981,
      0.5256969332695007,
      0.5254499316215515,
      0.5251978635787964,
      0.5249699950218201,
      0.5247230529785156,
      0.5244924426078796,
      0.5242862701416016,
      0.5241541862487793,
      0.524009108543396,
      0.5238604545593262,
      0.5237227082252502,
      0.5235955715179443,
      0.5234709978103638,
      0.523346483707428,
      0.5231814384460449,
      0.5229266881942749,
      0.5227732062339783,
      0.5226557850837708,
      0.522538423538208,
      0.5224210023880005,
      0.522303581237793,
      0.5221938490867615,
      0.5220873951911926,
      0.5219812393188477,
      0.521871030330658,
      0.521780788898468,
      0.5216905474662781,
      0.5216261744499207,
      0.5216079354286194,
      0.5216032266616821,
      0.5216050744056702
    ],
    [
      0.5283101201057434,
      0.5282692909240723,
      0.5281458497047424,
      0.5280205607414246,
      0.52782142162323,
      0.5276222229003906,
      0.5274299383163452,
      0.5272323489189148,
      0.5269307494163513,
      0.5266481637954712,
      0.5263476371765137,
      0.5260514616966248,
      0.5257617831230164,
      0.5255450010299683,
      0.525346577167511,
      0.5252310633659363,
      0.5251051783561707,
      0.5249918699264526,
      0.5248808264732361,
      0.524762749671936,
      0.5246329307556152,
      0.5245031118392944,
      0.5243815779685974,
      0.5242608785629272,
      0.5241401195526123,
      0.5239747166633606,
      0.5237994194030762,
      0.5237012505531311,
      0.5236001014709473,
      0.5235007405281067,
      0.5234193801879883,
      0.5233395099639893,
      0.5232565402984619,
      0.5231659412384033,
      0.5230709314346313,
      0.5229992866516113,
      0.5229312181472778,
      0.5228631496429443,
      0.522842526435852,
      0.5228320956230164
    ],
    [
      0.5296372175216675,
      0.5296324491500854,
      0.5295563340187073,
      0.5294808149337769,
      0.5293181538581848,
      0.529148280620575,
      0.5290027856826782,
      0.528876781463623,
      0.5286662578582764,
      0.528382420539856,
      0.5280967950820923,
      0.5278233885765076,
      0.5275158286094666,
      0.527195155620575,
      0.5269259214401245,
      0.5267419219017029,
      0.5265675187110901,
      0.5263590216636658,
      0.5261629223823547,
      0.5259943008422852,
      0.525805652141571,
      0.5256191492080688,
      0.5254878401756287,
      0.5253801941871643,
      0.5252590775489807,
      0.525142252445221,
      0.5249559879302979,
      0.5247971415519714,
      0.5246796607971191,
      0.5245788097381592,
      0.5245195031166077,
      0.5244614481925964,
      0.524408221244812,
      0.5243699550628662,
      0.524316668510437,
      0.5242552161216736,
      0.5241937637329102,
      0.5241323113441467,
      0.5240715146064758,
      0.5240206718444824
    ],
    [
      0.5309737324714661,
      0.5309522747993469,
      0.5308836698532104,
      0.5308307409286499,
      0.5307804942131042,
      0.5306497812271118,
      0.5305189490318298,
      0.5303894877433777,
      0.5301493406295776,
      0.5298556089401245,
      0.5295602679252625,
      0.5292929410934448,
      0.5290362238883972,
      0.5288366675376892,
      0.5286906957626343,
      0.5284662246704102,
      0.5282745957374573,
      0.5280778408050537,
      0.5278695821762085,
      0.5276456475257874,
      0.5274010896682739,
      0.5272226333618164,
      0.5270833373069763,
      0.5269237756729126,
      0.5268162488937378,
      0.5267186760902405,
      0.5265036225318909,
      0.5261933207511902,
      0.5259028077125549,
      0.5256379842758179,
      0.5255099534988403,
      0.5253881216049194,
      0.5252969264984131,
      0.5252417922019958,
      0.5251590609550476,
      0.5250796675682068,
      0.525007426738739,
      0.5249358415603638,
      0.524890124797821,
      0.5248456597328186
    ],
    [
      0.5322129726409912,
      0.532217800617218,
      0.5321846008300781,
      0.532151460647583,
      0.5321197509765625,
      0.532063364982605,
      0.5319277048110962,
      0.531765341758728,
      0.5314978957176208,
      0.5312252640724182,
      0.5309256911277771,
      0.5306443572044373,
      0.5304425358772278,
      0.5302778482437134,
      0.5301104784011841,
      0.5298967361450195,
      0.5297138094902039,
      0.5295529365539551,
      0.5294044017791748,
      0.5292622447013855,
      0.5291230082511902,
      0.5289750695228577,
      0.5288028717041016,
      0.528615415096283,
      0.5284055471420288,
      0.5281245112419128,
      0.5278411507606506,
      0.5275694727897644,
      0.5273052453994751,
      0.52705979347229,
      0.5268369317054749,
      0.5266469120979309,
      0.5264884829521179,
      0.5263300538063049,
      0.5261669158935547,
      0.5260524749755859,
      0.5259511470794678,
      0.5258591771125793,
      0.5258086323738098,
      0.5257608294487
    ],
    [
      0.5335042476654053,
      0.5335119366645813,
      0.5335003137588501,
      0.5334650874137878,
      0.5334298014640808,
      0.5333945155143738,
      0.5332872271537781,
      0.5330908894538879,
      0.5328114628791809,
      0.5325179100036621,
      0.532219409942627,
      0.531990110874176,
      0.5317816138267517,
      0.5316056609153748,
      0.5314438939094543,
      0.5312707424163818,
      0.5311039090156555,
      0.5309825539588928,
      0.5308535099029541,
      0.5307182669639587,
      0.5305829644203186,
      0.5303669571876526,
      0.5301373600959778,
      0.5298834443092346,
      0.5296651721000671,
      0.5294412970542908,
      0.5292060971260071,
      0.5289704203605652,
      0.5287150740623474,
      0.5284731984138489,
      0.5282803177833557,
      0.52806556224823,
      0.5278177261352539,
      0.5276152491569519,
      0.5274438858032227,
      0.5273155570030212,
      0.5272087454795837,
      0.5270910859107971,
      0.5269901156425476,
      0.526883602142334
    ],
    [
      0.534785807132721,
      0.5348036885261536,
      0.534799337387085,
      0.5347599983215332,
      0.5347131490707397,
      0.5346423983573914,
      0.5345562696456909,
      0.534309446811676,
      0.5339978337287903,
      0.5337739586830139,
      0.5335654616355896,
      0.53338623046875,
      0.533224880695343,
      0.5330643653869629,
      0.532904326915741,
      0.5327270030975342,
      0.5325489640235901,
      0.5323746204376221,
      0.532145082950592,
      0.5319425463676453,
      0.5317638516426086,
      0.5316057801246643,
      0.5314350724220276,
      0.5312545895576477,
      0.5310684442520142,
      0.5308480858802795,
      0.5306237936019897,
      0.5304176211357117,
      0.5302112698554993,
      0.5299822688102722,
      0.529743492603302,
      0.5295466780662537,
      0.5293490886688232,
      0.5291595458984375,
      0.5289338827133179,
      0.5287310481071472,
      0.5285282731056213,
      0.5283254384994507,
      0.5281223654747009,
      0.5279214978218079
    ],
    [
      0.5358941555023193,
      0.5358744859695435,
      0.535823404788971,
      0.5357564091682434,
      0.535689115524292,
      0.5356583595275879,
