{
  "run_id": "20260305_132036",
  "condition": "F",
  "problem": "multistory_building",
  "timestamp": "2026-03-05T13:20:36.430748",
  "metrics": {
    "final_compliance": 1273.683571807639,
    "topology_sparsity": 1.0,
    "grey_ratio": 1.0,
    "convergence_step": 1,
    "wall_time_s": 1.1672494411468506,
    "n_params": 29377,
    "n_steps": 5
  },
  "loss_history": [
    1285.1564284309734,
    1282.3364222729924,
    1279.1189057491165,
    1276.300540731939,
    1273.683571807639
  ],
  "final_density": [
    [
      0.5056284666061401,
      0.5056310892105103,
      0.505633533000946,
      0.5056356191635132,
      0.5056381225585938,
      0.5056405663490295,
      0.5056433081626892,
      0.505646288394928,
      0.5056487917900085,
      0.5056509971618652,
      0.5056531429290771,
      0.5056553483009338,
      0.5056567788124084,
      0.5056579113006592,
      0.5056589841842651,
      0.5056600570678711,
      0.5056601166725159,
      0.5056600570678711,
      0.5056599974632263,
      0.5056597590446472,
      0.5056591629981995,
      0.5056586265563965,
      0.5056580305099487,
      0.5056573152542114,
      0.505656898021698,
      0.5056564211845398,
      0.5056557655334473,
      0.5056552290916443,
      0.5056547522544861,
      0.5056533813476562,
      0.5056519508361816,
      0.5056504607200623,
      0.5056490302085876,
      0.5056473612785339,
      0.5056451559066772,
      0.5056426525115967,
      0.5056406259536743,
      0.5056385397911072,
      0.5056361556053162,
      0.5056336522102356
    ],
    [
      0.5056309103965759,
      0.5056336522102356,
      0.5056365132331848,
      0.5056393146514893,
      0.5056424140930176,
      0.5056454539299011,
      0.5056484937667847,
      0.5056515336036682,
      0.5056545734405518,
      0.5056575536727905,
      0.5056605935096741,
      0.5056633949279785,
      0.5056660771369934,
      0.5056676864624023,
      0.5056689381599426,
      0.5056696534156799,
      0.5056705474853516,
      0.5056714415550232,
      0.5056717395782471,
      0.5056716799736023,
      0.5056713223457336,
      0.5056710839271545,
      0.505670964717865,
      0.5056708455085754,
      0.5056707262992859,
      0.5056702494621277,
      0.5056694746017456,
      0.505668580532074,
      0.5056676268577576,
      0.5056665539741516,
      0.5056654214859009,
      0.5056641101837158,
      0.505662739276886,
      0.5056613087654114,
      0.5056599378585815,
      0.5056584477424622,
      0.5056560039520264,
      0.5056533813476562,
      0.5056509971618652,
      0.5056486129760742
    ],
    [
      0.5056332945823669,
      0.5056360363960266,
      0.5056387186050415,
      0.5056420564651489,
      0.5056454539299011,
      0.5056489706039429,
      0.5056523084640503,
      0.5056553483009338,
      0.5056583881378174,
      0.5056614279747009,
      0.5056644082069397,
      0.5056673288345337,
      0.505669891834259,
      0.5056714415550232,
      0.5056732296943665,
      0.5056754350662231,
      0.5056770443916321,
      0.505678653717041,
      0.5056801438331604,
      0.5056811571121216,
      0.5056819319725037,
      0.5056825280189514,
      0.5056831240653992,
      0.5056830644607544,
      0.5056827068328857,
      0.5056823492050171,
      0.5056818127632141,
      0.5056809186935425,
      0.5056796669960022,
      0.5056783556938171,
      0.5056771039962769,
      0.50567626953125,
      0.5056754350662231,
      0.505674421787262,
      0.5056734085083008,
      0.5056718587875366,
      0.5056701898574829,
      0.5056684017181396,
      0.5056663155555725,
      0.5056638121604919
    ],
    [
      0.5056358575820923,
      0.5056387782096863,
      0.5056420564651489,
      0.5056453347206116,
      0.505648672580719,
      0.5056520104408264,
      0.5056555867195129,
      0.5056591629981995,
      0.505662202835083,
      0.5056650638580322,
      0.5056673288345337,
      0.5056695342063904,
      0.5056713223457336,
      0.5056730508804321,
      0.5056745409965515,
      0.5056760907173157,
      0.5056777000427246,
      0.5056793689727783,
      0.5056810975074768,
      0.5056827664375305,
      0.5056842565536499,
      0.5056853294372559,
      0.5056864619255066,
      0.5056875944137573,
      0.5056881904602051,
      0.5056888461112976,
      0.5056886672973633,
      0.5056881904602051,
      0.5056881904602051,
      0.5056878924369812,
      0.5056871771812439,
      0.5056864023208618,
      0.5056855082511902,
      0.5056846737861633,
      0.505683958530426,
      0.5056828856468201,
      0.5056812167167664,
      0.5056793093681335,
      0.5056771039962769,
      0.5056748986244202
    ],
    [
      0.5056381225585938,
      0.5056413412094116,
      0.5056449770927429,
      0.5056484341621399,
      0.5056519508361816,
      0.5056555271148682,
      0.505658745765686,
      0.5056617259979248,
      0.5056646466255188,
      0.5056672096252441,
      0.5056696534156799,
      0.5056713819503784,
      0.505672812461853,
      0.505673885345459,
      0.5056750178337097,
      0.5056761503219604,
      0.5056772232055664,
      0.5056785345077515,
      0.505679726600647,
      0.5056808590888977,
      0.5056820511817932,
      0.5056836605072021,
      0.5056852102279663,
      0.5056869387626648,
      0.5056884288787842,
      0.505689799785614,
      0.5056910514831543,
      0.5056919455528259,
      0.505692720413208,
      0.5056929588317871,
      0.505692720413208,
      0.5056923627853394,
      0.5056920051574707,
      0.505691647529602,
      0.5056911110877991,
      0.5056901574134827,
      0.5056891441345215,
      0.5056873559951782,
      0.5056857466697693,
      0.5056838989257812
    ],
    [
      0.5056397318840027,
      0.5056431293487549,
      0.5056465268135071,
      0.5056501626968384,
      0.5056531429290771,
      0.5056561231613159,
      0.5056588649749756,
      0.5056616067886353,
      0.5056643486022949,
      0.5056669116020203,
      0.5056689381599426,
      0.5056709051132202,
      0.5056726336479187,
      0.505673885345459,
      0.5056751370429993,
      0.5056763291358948,
      0.5056772828102112,
      0.5056783556938171,
      0.5056794881820679,
      0.5056806206703186,
      0.5056817531585693,
      0.5056828856468201,
      0.5056837797164917,
      0.505685031414032,
      0.5056861042976379,
      0.5056871175765991,
      0.5056881308555603,
      0.5056892037391663,
      0.5056902170181274,
      0.5056912899017334,
      0.5056918859481812,
      0.5056923627853394,
      0.5056924819946289,
      0.5056920051574707,
      0.505691409111023,
      0.5056903958320618,
      0.5056898593902588,
      0.505689799785614,
      0.5056895017623901,
      0.5056887269020081
    ],
    [
      0.5056427121162415,
      0.5056458115577698,
      0.5056482553482056,
      0.5056507587432861,
      0.5056531429290771,
      0.5056557059288025,
      0.5056586265563965,
      0.5056616067886353,
      0.5056644678115845,
      0.505667507648468,
      0.505670428276062,
      0.5056724548339844,
      0.5056742429733276,
      0.505675733089447,
      0.5056765079498291,
      0.5056774020195007,
      0.5056782960891724,
      0.5056788921356201,
      0.5056799054145813,
      0.5056808590888977,
      0.5056817531585693,
      0.505682647228241,
      0.5056834816932678,
      0.5056840777397156,
      0.5056847333908081,
      0.5056854486465454,
      0.505686342716217,
      0.5056872367858887,
      0.5056880116462708,
      0.5056886076927185,
      0.5056889057159424,
      0.5056893229484558,
      0.5056899785995483,
      0.5056905746459961,
      0.505691409111023,
      0.5056929588317871,
      0.5056938529014587,
      0.5056937336921692,
      0.5056934356689453,
      0.5056933760643005
    ],
    [
      0.5056447386741638,
      0.5056471824645996,
      0.5056494474411011,
      0.5056519508361816,
      0.5056543946266174,
