{
  "run_id": "20260305_132742",
  "condition": "I",
  "problem": "causeway_bridge",
  "timestamp": "2026-03-05T13:27:42.359798",
  "metrics": {
    "final_compliance": 369.4735536015145,
    "topology_sparsity": 0.65625,
    "grey_ratio": 0.6354166666666666,
    "convergence_step": 5,
    "wall_time_s": 0.30130434036254883,
    "n_params": 948833,
    "n_steps": 5
  },
  "loss_history": [
    669.414826107701,
    553.1937458402543,
    459.30540313568315,
    417.4233398685371,
    369.4735536015145
  ],
  "final_density": [
    [
      0.9515207409858704,
      0.9391829371452332,
      0.9338782429695129,
      0.9545062184333801,
      0.9245139956474304,
      0.9278761148452759,
      0.9185165762901306,
      0.9394011497497559,
      0.9203081727027893,
      0.9065725207328796,
      0.938803493976593,
      0.9206134676933289,
      0.8747288584709167,
      0.8176596164703369,
      0.7811763286590576,
      0.8401634097099304,
      0.8645354509353638,
      0.9256541132926941,
      0.8949676752090454,
      0.8634522557258606,
      0.8245596289634705,
      0.8655933737754822,
      0.902411699295044,
      0.8577356934547424,
      0.7605970501899719,
      0.7199968099594116,
      0.7500960826873779,
      0.9106733798980713,
      0.9080025553703308,
      0.864302933216095,
      0.7486326694488525,
      0.5417486429214478,
      0.45640793442726135,
      0.5717584490776062,
      0.6022145748138428,
      0.7425037622451782,
      0.763932466506958,
      0.6983776092529297,
      0.782142698764801,
      0.8657419085502625
    ],
    [
      0.9596534371376038,
      0.977497398853302,
      0.9795690178871155,
      0.9794214963912964,
      0.9685831665992737,
      0.9751086235046387,
      0.9842686653137207,
      0.9770979881286621,
      0.9769087433815002,
      0.9644002318382263,
      0.9410985708236694,
      0.9183756709098816,
      0.8392058610916138,
      0.7524606585502625,
      0.7582380175590515,
      0.8746870160102844,
      0.926341712474823,
      0.9182513356208801,
      0.8590565323829651,
      0.8973808884620667,
      0.8806596994400024,
      0.9144627451896667,
      0.8757244348526001,
      0.7996267080307007,
      0.6712744235992432,
      0.6676391959190369,
      0.7050535678863525,
      0.7803248763084412,
      0.8022602200508118,
      0.8713176250457764,
      0.8313109278678894,
      0.653172492980957,
      0.4533695578575134,
      0.49273982644081116,
      0.477463036775589,
      0.578755259513855,
      0.6120017170906067,
      0.565380334854126,
      0.6493121385574341,
      0.7213548421859741
    ],
    [
      0.8727807998657227,
      0.8523927330970764,
      0.9004427194595337,
      0.8969736695289612,
      0.806891143321991,
      0.8124145865440369,
      0.834347128868103,
      0.9444946646690369,
      0.9400776624679565,
      0.893255889415741,
      0.8570855259895325,
      0.9040961265563965,
      0.8832530975341797,
      0.8451570272445679,
      0.6560578942298889,
      0.6421604156494141,
      0.6821473240852356,
      0.6798775792121887,
      0.6931379437446594,
      0.44679468870162964,
      0.5876672267913818,
      0.6642770767211914,
      0.5819120407104492,
      0.6544480919837952,
      0.5600166916847229,
      0.5246711373329163,
      0.540679931640625,
      0.7330144047737122,
      0.7410768866539001,
      0.6225336790084839,
      0.6199823021888733,
      0.5896994471549988,
      0.4821770191192627,
      0.2681428790092468,
      0.4152122437953949,
      0.3894575238227844,
      0.5233761668205261,
      0.35597512125968933,
      0.35135164856910706,
      0.6501668095588684
    ],
    [
      0.7046996355056763,
      0.5837826132774353,
      0.5817843079566956,
      0.4433664083480835,
      0.47493985295295715,
      0.28128695487976074,
      0.42445892095565796,
      0.4890972077846527,
      0.5176576375961304,
      0.4362979829311371,
      0.6089622974395752,
      0.6223915219306946,
      0.66245037317276,
      0.5446217656135559,
      0.5215882062911987,
      0.520500898361206,
      0.5499101281166077,
      0.42011991143226624,
      0.3004573583602905,
      0.25943687558174133,
      0.37843093276023865,
      0.38924282789230347,
      0.42534443736076355,
      0.42212963104248047,
      0.501725435256958,
      0.5639983415603638,
      0.6109849214553833,
      0.6135583519935608,
      0.5660470724105835,
      0.4342162311077118,
      0.5408570766448975,
      0.6368547081947327,
      0.6703479290008545,
      0.4826534688472748,
      0.3834170997142792,
      0.3550530672073364,
      0.41585084795951843,
      0.42958515882492065,
      0.5180351138114929,
      0.6887359023094177
    ],
    [
      0.3697783052921295,
      0.11393196135759354,
      0.14315952360630035,
      0.11826609075069427,
      0.20031461119651794,
      0.04335067793726921,
      0.07479818165302277,
      0.03440709412097931,
      0.0585828572511673,
      0.04956548660993576,
      0.12554951012134552,
      0.1204332560300827,
      0.2693755328655243,
      0.2374059408903122,
      0.2591574788093567,
      0.18872195482254028,
      0.2755160927772522,
      0.18002364039421082,
      0.11830425262451172,
      0.06300938129425049,
      0.144814133644104,
      0.11753387749195099,
      0.21962293982505798,
      0.16711874306201935,
      0.17364755272865295,
      0.1419934779405594,
      0.2680923640727997,
      0.3331904709339142,
      0.41979655623435974,
      0.27575984597206116,
      0.28667283058166504,
      0.20106804370880127,
      0.32957154512405396,
      0.15471987426280975,
      0.26230448484420776,
      0.21354177594184875,
      0.29722610116004944,
      0.2460452914237976,
      0.3753361701965332,
      0.7028731107711792
    ],
    [
      0.8802540302276611,
      0.7112312316894531,
      0.6532362699508667,
      0.6355816125869751,
      0.8016619086265564,
      0.8419731259346008,
      0.8075841665267944,
      0.2305094599723816,
      0.2601993978023529,
      0.13633275032043457,
      0.2015780508518219,
      0.19817528128623962,
      0.40698355436325073,
      0.5166481137275696,
      0.7552614808082581,
      0.7916840314865112,
      0.8173593282699585,
      0.6635696887969971,
      0.5292734503746033,
      0.34838467836380005,
      0.28903767466545105,
      0.376086950302124,
      0.4447105824947357,
      0.5242323875427246,
      0.7164703011512756,
      0.6476835608482361,
      0.7128265500068665,
      0.4826067090034485,
      0.5463624000549316,
      0.584900438785553,
      0.7558711767196655,
      0.7150287628173828,
      0.7826162576675415,
      0.6210378408432007,
      0.5515432953834534,
      0.5633592009544373,
      0.722854495048523,
      0.7454967498779297,
      0.7188450694084167,
      0.8193475604057312
    ],
    [
      0.8522157073020935,
      0.6785752177238464,
      0.5108901262283325,
      0.30018851161003113,
      0.624870777130127,
      0.5974510312080383,
      0.6361122131347656,
      0.6347477436065674,
      0.6488726139068604,
      0.504157304763794,
      0.5611205101013184,
      0.4351867139339447,
      0.39527878165245056,
      0.6270875334739685,
      0.700354278087616,
      0.7768065333366394,
      0.6678584218025208,
      0.5635913014411926,
      0.5821394920349121,
      0.5861116647720337,
      0.48126909136772156,
      0.3013197183609009,
      0.30598321557044983,
      0.4399246275424957,
      0.5070046186447144,
      0.47971290349960327,
      0.505010724067688,
      0.439191609621048,
      0.529327392578125,
      0.34112295508384705,
      0.3443513512611389,
      0.3645291328430176,
      0.48477575182914734,
      0.5494323968887329,
      0.5639522075653076,
      0.5422690510749817,
      0.6265113353729248,
      0.752996027469635,
      0.7607333064079285,
      0.9002940058708191
    ],
    [
      0.647972583770752,
      0.4219711422920227,
