{
  "run_id": "20260305_131913",
  "condition": "B",
  "problem": "causeway_bridge",
  "timestamp": "2026-03-05T13:19:13.905880",
  "metrics": {
    "final_compliance": 2293.2884206787658,
    "topology_sparsity": 0.0,
    "grey_ratio": 1.0,
    "convergence_step": 2,
    "wall_time_s": 0.07900190353393555,
    "n_params": 480,
    "n_steps": 5
  },
  "loss_history": [
    2536.357079173815,
    2483.002905212462,
    2422.888027954708,
    2360.578115366411,
    2293.2884206787658
  ],
  "final_density": [
    [
      0.4268774688243866,
      0.4054549038410187,
      0.4297090172767639,
      0.424518346786499,
      0.44334903359413147,
      0.41072314977645874,
      0.4324057996273041,
      0.43939393758773804,
      0.42451727390289307,
      0.4054549038410187,
      0.4000000059604645,
      0.4054549038410187,
      0.41604378819465637,
      0.4218880534172058,
      0.4348720610141754,
      0.43685269355773926,
      0.4218880534172058,
      0.43274351954460144,
      0.4289819598197937,
      0.4000000059604645,
      0.4000000059604645,
      0.4289925992488861,
      0.41072314977645874,
      0.4218880534172058,
      0.44676896929740906,
      0.4297090470790863,
      0.4131353199481964,
      0.41072314977645874,
      0.4054549038410187,
      0.4000000059604645,
      0.4000000059604645,
      0.4297090470790863,
      0.43482643365859985,
      0.4297090470790863,
      0.43481162190437317,
      0.4000000059604645,
      0.44671693444252014,
      0.4000000059604645,
      0.4218880534172058,
      0.4000000059604645
    ],
    [
      0.4000000059604645,
      0.4000000059604645,
      0.4000000059604645,
      0.4054549038410187,
      0.43240949511528015,
      0.4054549038410187,
      0.41604378819465637,
      0.418568879365921,
      0.4218880534172058,
      0.4000000059604645,
      0.41604378819465637,
      0.4000000059604645,
      0.4000000059604645,
      0.4207807779312134,
      0.4289770722389221,
      0.4000000059604645,
      0.43938711285591125,
      0.4297090172767639,
      0.4054549038410187,
      0.4000000059604645,
      0.4000000059604645,
      0.41604378819465637,
      0.4054549038410187,
      0.4000000059604645,
      0.4324122667312622,
      0.4297090172767639,
      0.4000000059604645,
      0.4000000059604645,
      0.4000000059604645,
      0.42188799381256104,
      0.4218880534172058,
      0.4218880534172058,
      0.4297090172767639,
      0.4371277093887329,
      0.4297090470790863,
      0.4218880534172058,
      0.41855818033218384,
      0.41604378819465637,
      0.4218880236148834,
      0.41072314977645874
    ],
    [
      0.4297090470790863,
      0.4289815127849579,
      0.4297090470790863,
      0.4297090470790863,
      0.41072314977645874,
      0.41072314977645874,
      0.43488597869873047,
      0.42078012228012085,
      0.4218880534172058,
      0.4054549038410187,
      0.41072314977645874,
      0.4000000059604645,
      0.4371947646141052,
      0.41604378819465637,
      0.4268553853034973,
      0.43486225605010986,
      0.41856706142425537,
      0.41604378819465637,
      0.44274917244911194,
      0.431001216173172,
      0.4000000059604645,
      0.4000000059604645,
      0.4000000059604645,
      0.4054549038410187,
      0.4000000059604645,
      0.4000000059604645,
      0.41072314977645874,
      0.4000000059604645,
      0.4000000059604645,
      0.4054549038410187,
      0.4297090470790863,
      0.4054549038410187,
      0.4218880534172058,
      0.41604378819465637,
      0.41604378819465637,
      0.4054549038410187,
      0.4297090470790863,
      0.41604378819465637,
      0.4218880534172058,
      0.41072314977645874
    ],
    [
      0.4000000059604645,
      0.41072314977645874,
      0.4000000059604645,
      0.4218880534172058,
      0.4218880534172058,
      0.42686784267425537,
      0.41072314977645874,
      0.4000000059604645,
      0.41857439279556274,
      0.4450726807117462,
      0.41072314977645874,
      0.4000000059604645,
      0.4369071125984192,
      0.43716999888420105,
      0.4131312072277069,
      0.4000000059604645,
      0.4000000059604645,
      0.4288156032562256,
      0.41072314977645874,
      0.4000000059604645,
      0.4369432330131531,
      0.4297090470790863,
      0.4000000059604645,
      0.4000000059604645,
      0.43490132689476013,
      0.4000000059604645,
      0.4000000059604645,
      0.4000000059604645,
      0.43491125106811523,
      0.4348934292793274,
      0.4054549038410187,
      0.4000000059604645,
      0.41604378819465637,
      0.41604378819465637,
      0.4000000059604645,
      0.4218880534172058,
      0.4218880534172058,
      0.4000000059604645,
      0.4000000059604645,
      0.4054549038410187
    ],
    [
      0.4000000059604645,
      0.4000000059604645,
      0.4000000059604645,
      0.41604378819465637,
      0.4000000059604645,
      0.4000000059604645,
      0.4371805489063263,
      0.4131320118904114,
      0.4000000059604645,
      0.4054549038410187,
      0.4297090470790863,
      0.4000000059604645,
      0.4297090172767639,
      0.41072314977645874,
      0.4207800626754761,
      0.4054549038410187,
      0.4000000059604645,
      0.42188799381256104,
      0.4218880534172058,
      0.4000000059604645,
      0.4218880236148834,
      0.4000000059604645,
      0.4000000059604645,
      0.4000000059604645,
      0.43692776560783386,
      0.43938788771629333,
      0.43490105867385864,
      0.4000000059604645,
      0.41858041286468506,
      0.43690934777259827,
      0.43939322233200073,
      0.4000000059604645,
      0.41072314977645874,
      0.4218880534172058,
      0.4414796233177185,
      0.41604378819465637,
      0.4289793372154236,
      0.43717074394226074,
      0.42188799381256104,
      0.4000000059604645
    ],
    [
      0.4000000059604645,
      0.42270925641059875,
      0.4218880534172058,
      0.4297090470790863,
      0.4000000059604645,
      0.4000000059604645,
      0.4000000059604645,
      0.43489405512809753,
      0.4218880534172058,
      0.43241357803344727,
      0.4227038621902466,
      0.4000000059604645,
      0.4297090470790863,
      0.4000000059604645,
      0.4000000059604645,
      0.4297090470790863,
      0.4000000059604645,
      0.4218880534172058,
      0.41604378819465637,
      0.41072314977645874,
      0.41072314977645874,
      0.4054549038410187,
      0.4054549038410187,
      0.41858458518981934,
      0.4000000059604645,
      0.4000000059604645,
      0.4000000059604645,
      0.4245241582393646,
      0.4054549038410187,
      0.4000000059604645,
      0.4000000059604645,
      0.4218880534172058,
      0.4000000059604645,
      0.4054549038410187,
      0.4000000059604645,
      0.4054549038410187,
      0.4297090470790863,
      0.4000000059604645,
      0.4414806365966797,
      0.4297090470790863
    ],
    [
      0.4349292814731598,
      0.4000000059604645,
      0.4000000059604645,
      0.43242090940475464,
      0.4000000059604645,
      0.41072314977645874,
      0.4000000059604645,
      0.4000000059604645,
      0.41604378819465637,
      0.4371850788593292,
      0.4369114935398102,
      0.4054549038410187,
      0.4218880534172058,
      0.431012898683548,
      0.4000000059604645,
      0.4054549038410187,
      0.4000000059604645,
      0.41072314977645874,
      0.4000000059604645,
      0.4218880534172058,
      0.4297090172767639,
      0.4000000059604645,
      0.4000000059604645,
      0.41072314977645874,
      0.4185761511325836,
      0.41604378819465637,
      0.4000000059604645,
      0.42687419056892395,
      0.4000000059604645,
      0.4054549038410187,
      0.4054549038410187,
      0.4000000059604645,
      0.4000000059604645,
      0.4000000059604645,
      0.41604378819465637,
      0.41072314977645874,
      0.4000000059604645,
      0.4054549038410187,
      0.41072314977645874,
      0.4000000059604645
    ],
    [
      0.4297090172767639,
