{
  "run_id": "20260305_132045",
  "condition": "L",
  "problem": "causeway_bridge",
  "timestamp": "2026-03-05T13:20:45.920606",
  "metrics": {
    "final_compliance": 2328.712305509658,
    "topology_sparsity": 0.10416666666666667,
    "grey_ratio": 0.9958333333333333,
    "convergence_step": 1,
    "wall_time_s": 0.21462297439575195,
    "n_params": 480,
    "n_steps": 5
  },
  "loss_history": [
    2390.344919943666,
    2374.2941562465976,
    2358.580053495503,
    2343.377445304356,
    2328.712305509658
  ],
  "final_density": [
    [
      0.4063553512096405,
      0.4473915696144104,
      0.35101768374443054,
      0.4241137206554413,
      0.4491952955722809,
      0.3931782841682434,
      0.37049123644828796,
      0.4223877191543579,
      0.35116028785705566,
      0.3556949496269226,
      0.43675053119659424,
      0.4233529269695282,
      0.3861486315727234,
      0.4539240002632141,
      0.3790598511695862,
      0.3653716742992401,
      0.4073854386806488,
      0.38063037395477295,
      0.39856383204460144,
      0.4339374899864197,
      0.28463903069496155,
      0.4527701139450073,
      0.3526378273963928,
      0.4165121912956238,
      0.4287759065628052,
      0.44400539994239807,
      0.3757852613925934,
      0.5008571743965149,
      0.4215199649333954,
      0.4243979752063751,
      0.4599832594394684,
      0.36558613181114197,
      0.4664636552333832,
      0.28898003697395325,
      0.363271027803421,
      0.44940701127052307,
      0.31056681275367737,
      0.3758358061313629,
      0.38362348079681396,
      0.530329704284668
    ],
    [
      0.4966561496257782,
      0.4902470111846924,
      0.3511093556880951,
      0.36206766963005066,
      0.3988315463066101,
      0.4154975116252899,
      0.52395099401474,
      0.3917035162448883,
      0.4583098292350769,
      0.4167293608188629,
      0.3774431645870209,
      0.4176779091358185,
      0.31121376156806946,
      0.41102293133735657,
      0.37326541543006897,
      0.4746423065662384,
      0.5214112997055054,
      0.3482767939567566,
      0.42023566365242004,
      0.4239617884159088,
      0.45198625326156616,
      0.32824355363845825,
      0.36266374588012695,
      0.48990482091903687,
      0.3311343789100647,
      0.3966413736343384,
      0.4485788345336914,
      0.32663094997406006,
      0.39109107851982117,
      0.38886260986328125,
      0.4265814423561096,
      0.36686971783638,
      0.45104533433914185,
      0.4280542731285095,
      0.28621146082878113,
      0.4111195504665375,
      0.28753161430358887,
      0.5183364748954773,
      0.40775206685066223,
      0.4777599275112152
    ],
    [
      0.39713147282600403,
      0.3313275873661041,
      0.3922646939754486,
      0.4713977575302124,
      0.3486032783985138,
      0.3160823583602905,
      0.3678128719329834,
      0.4708208739757538,
      0.493905633687973,
      0.34903424978256226,
      0.3740316927433014,
      0.3556879162788391,
      0.4844939112663269,
      0.33848345279693604,
      0.449957013130188,
      0.44123658537864685,
      0.4298395812511444,
      0.37465935945510864,
      0.4634871780872345,
      0.3290427029132843,
      0.45916375517845154,
      0.38326960802078247,
      0.4206135869026184,
      0.28993552923202515,
      0.4566759765148163,
      0.39374077320098877,
      0.3908381760120392,
      0.505862832069397,
      0.45378944277763367,
      0.3631978929042816,
      0.44786885380744934,
      0.46220794320106506,
      0.4549115002155304,
      0.26657694578170776,
      0.6317269802093506,
      0.3483763635158539,
      0.4421597421169281,
      0.36306411027908325,
      0.23318181931972504,
      0.4598727226257324
    ],
    [
      0.4338203966617584,
      0.4442721903324127,
      0.42664647102355957,
      0.41490018367767334,
      0.45548465847969055,
      0.4632115960121155,
      0.5182568430900574,
      0.48713698983192444,
      0.3677051365375519,
      0.3167814016342163,
      0.4405069947242737,
      0.5273310542106628,
      0.46272754669189453,
      0.44960644841194153,
      0.4557143747806549,
      0.46803364157676697,
      0.4861917197704315,
      0.4127156734466553,
      0.36613211035728455,
      0.5070331692695618,
      0.40545713901519775,
      0.2876961827278137,
      0.5122498869895935,
      0.3472912311553955,
      0.425016313791275,
      0.5210074186325073,
      0.46825340390205383,
      0.43123334646224976,
      0.32304269075393677,
      0.33724284172058105,
      0.47917991876602173,
      0.4574504792690277,
      0.46881839632987976,
      0.333294540643692,
      0.4102030396461487,
      0.3034619390964508,
      0.44778504967689514,
      0.5687987804412842,
      0.4054229259490967,
      0.3808669149875641
    ],
    [
      0.424749493598938,
      0.3849129378795624,
      0.36235612630844116,
      0.36925947666168213,
      0.28598418831825256,
      0.30309444665908813,
      0.4170578420162201,
      0.3545932173728943,
      0.3229821026325226,
      0.47517240047454834,
      0.2577614486217499,
      0.4187692403793335,
      0.42684200406074524,
      0.37814977765083313,
      0.48094046115875244,
      0.3346056640148163,
      0.38328543305397034,
      0.46536821126937866,
      0.34613656997680664,
      0.4826219081878662,
      0.3388362228870392,
      0.4094873070716858,
      0.30587080121040344,
      0.18355900049209595,
      0.438657283782959,
      0.3848061263561249,
      0.4229322671890259,
      0.46299949288368225,
      0.49694550037384033,
      0.4135453701019287,
      0.4118572771549225,
      0.4166375994682312,
      0.4813413918018341,
      0.47637811303138733,
      0.39347100257873535,
      0.37226226925849915,
      0.34072697162628174,
      0.38105127215385437,
      0.41708803176879883,
      0.462534099817276
    ],
    [
      0.42919448018074036,
      0.40657395124435425,
      0.5018839836120605,
      0.43025705218315125,
      0.40426546335220337,
      0.5164740085601807,
      0.5045279264450073,
      0.25520968437194824,
      0.30648544430732727,
      0.17175376415252686,
      0.5202024579048157,
      0.43220624327659607,
      0.39167168736457825,
      0.4813980162143707,
      0.5112831592559814,
      0.5342239141464233,
      0.4559842050075531,
      0.3027910888195038,
      0.5492020845413208,
      0.32247477769851685,
      0.4518972337245941,
      0.47298210859298706,
      0.2814098298549652,
      0.4164937436580658,
      0.5285235643386841,
      0.4369826018810272,
      0.44363030791282654,
      0.292677640914917,
      0.4209361672401428,
      0.4400385618209839,
      0.4640365540981293,
      0.3826122283935547,
      0.4407065808773041,
      0.3917495310306549,
      0.3557853698730469,
      0.44325020909309387,
      0.5292953848838806,
      0.38407930731773376,
      0.42648372054100037,
      0.4028124511241913
    ],
    [
      0.46588438749313354,
      0.47987276315689087,
      0.3011782765388489,
      0.2868024706840515,
      0.4493063986301422,
      0.34125497937202454,
      0.4464569389820099,
      0.5203884243965149,
      0.3580140769481659,
      0.34486523270606995,
      0.4184039831161499,
      0.23793084919452667,
      0.4461566209793091,
      0.5093751549720764,
      0.44456639885902405,
      0.412322461605072,
      0.3235178291797638,
      0.45130670070648193,
      0.46528446674346924,
      0.4302152991294861,
      0.3614947199821472,
      0.26195228099823,
      0.23211327195167542,
      0.40660715103149414,
      0.25073230266571045,
      0.4518771767616272,
      0.30316129326820374,
      0.5295436978340149,
      0.3962620198726654,
      0.33060115575790405,
      0.33331549167633057,
      0.3472747206687927,
      0.47104570269584656,
      0.4174920320510864,
      0.3757097125053406,
      0.3753504157066345,
      0.3424362242221832,
      0.3816795349121094,
      0.48475876450538635,
      0.3409290909767151
