{
  "run_id": "20260305_132741",
  "condition": "H",
  "problem": "causeway_bridge",
  "timestamp": "2026-03-05T13:27:41.430847",
  "metrics": {
    "final_compliance": 286.92094153619973,
    "topology_sparsity": 1.0,
    "grey_ratio": 0.5125,
    "convergence_step": 4,
    "wall_time_s": 0.9239242076873779,
    "n_params": 12737,
    "n_steps": 5
  },
  "loss_history": [
    468.65499902728266,
    381.6868296492596,
    330.19859251069204,
    299.74874002923104,
    286.92094153619973
  ],
  "final_density": [
    [
      0.8767667412757874,
      0.863715410232544,
      0.859844982624054,
      0.860329806804657,
      0.8519434928894043,
      0.8267315626144409,
      0.8163243532180786,
      0.8359774351119995,
      0.8621808290481567,
      0.8675211071968079,
      0.8675408959388733,
      0.8773506283760071,
      0.8863410353660583,
      0.8795790672302246,
      0.8604763150215149,
      0.8477540612220764,
      0.8457443714141846,
      0.8301305770874023,
      0.8214824199676514,
      0.8297877311706543,
      0.8432733416557312,
      0.8282651305198669,
      0.8116052150726318,
      0.8123174905776978,
      0.7962675094604492,
      0.7774145603179932,
      0.7759124040603638,
      0.7731046676635742,
      0.7454266548156738,
      0.7060617804527283,
      0.6806403398513794,
      0.70676189661026,
      0.7742414474487305,
      0.8100618720054626,
      0.8183832764625549,
      0.8084246516227722,
      0.7650925517082214,
      0.7234451174736023,
      0.708490252494812,
      0.7207503914833069
    ],
    [
      0.8775354623794556,
      0.8647354245185852,
      0.8739007115364075,
      0.8950232267379761,
      0.8935808539390564,
      0.8814737796783447,
      0.8816751837730408,
      0.8693443536758423,
      0.857494592666626,
      0.8573179841041565,
      0.8402074575424194,
      0.822827935218811,
      0.8292911052703857,
      0.8367576003074646,
      0.844299852848053,
      0.8564409613609314,
      0.8434979915618896,
      0.8003895878791809,
      0.7622080445289612,
      0.7561559677124023,
      0.7818087935447693,
      0.8155303597450256,
      0.8493386507034302,
      0.8789252638816833,
      0.874542772769928,
      0.818855881690979,
      0.7572301626205444,
      0.7123417854309082,
      0.6742575168609619,
      0.6324278712272644,
      0.5743659734725952,
      0.5308075547218323,
      0.5439307689666748,
      0.6228911280632019,
      0.7166817784309387,
      0.7581939697265625,
      0.7524425983428955,
      0.7109013199806213,
      0.6753342747688293,
      0.63888019323349
    ],
    [
      0.8334875702857971,
      0.8420355916023254,
      0.8500450849533081,
      0.8639691472053528,
      0.8806562423706055,
      0.8944418430328369,
      0.8922122120857239,
      0.889593243598938,
      0.8897908329963684,
      0.8727681636810303,
      0.8280522227287292,
      0.7789406180381775,
      0.7591133117675781,
      0.7804131507873535,
      0.8069327473640442,
      0.8167906403541565,
      0.8388684988021851,
      0.8596956133842468,
      0.8691701292991638,
      0.8712772727012634,
      0.8700323104858398,
      0.8729383945465088,
      0.8760401010513306,
      0.8649550080299377,
      0.8480962514877319,
      0.8337141871452332,
      0.821984052658081,
      0.8030334115028381,
      0.7680171132087708,
      0.7113246917724609,
      0.6519429087638855,
      0.6557648181915283,
      0.7533180713653564,
      0.8457111716270447,
      0.8688170313835144,
      0.8391416668891907,
      0.7888110280036926,
      0.7451012134552002,
      0.6921101808547974,
      0.6084933280944824
    ],
    [
      0.8380943536758423,
      0.8174009323120117,
      0.8096550703048706,
      0.8279584050178528,
      0.8542450070381165,
      0.8732401728630066,
      0.8818944096565247,
      0.8763481974601746,
      0.8562405109405518,
      0.8422914743423462,
      0.8488327860832214,
      0.8434383273124695,
      0.8137804865837097,
      0.7874802350997925,
      0.762666642665863,
      0.752014696598053,
      0.7760604619979858,
      0.7897824048995972,
      0.7934767603874207,
      0.800624430179596,
      0.8101805448532104,
      0.8107283115386963,
      0.8093544840812683,
      0.8208984136581421,
      0.8435463905334473,
      0.8416884541511536,
      0.8138360977172852,
      0.7636204957962036,
      0.6985435485839844,
      0.6434720754623413,
      0.6154083013534546,
      0.6199923753738403,
      0.6532836556434631,
      0.7067340016365051,
      0.7605209350585938,
      0.7747524380683899,
      0.7315141558647156,
      0.6761009693145752,
      0.6489183902740479,
      0.6642572283744812
    ],
    [
      0.8340206742286682,
      0.7877291440963745,
      0.7524116635322571,
      0.7585486173629761,
      0.8149732947349548,
      0.8594247102737427,
      0.8652533888816833,
      0.849170982837677,
      0.8332445621490479,
      0.82456374168396,
      0.8181232810020447,
      0.8223986625671387,
      0.8345603942871094,
      0.8150498270988464,
      0.7326257228851318,
      0.6743748784065247,
      0.6662083268165588,
      0.6423880457878113,
      0.6204898953437805,
      0.6400248408317566,
      0.6666615605354309,
      0.6811547875404358,
      0.6226199865341187,
      0.5893369317054749,
      0.6657688617706299,
      0.6951277256011963,
      0.7194063067436218,
      0.7506502270698547,
      0.7346005439758301,
      0.6843301653862,
      0.6333655118942261,
      0.6086071133613586,
      0.6285308003425598,
      0.683618426322937,
      0.7737370729446411,
      0.7720413208007812,
      0.7304111123085022,
      0.7009584307670593,
      0.685124933719635,
      0.6836459636688232
    ],
    [
      0.8541989922523499,
      0.8378113508224487,
      0.812447726726532,
      0.7841598987579346,
      0.7557843923568726,
      0.747798502445221,
      0.7377402186393738,
      0.7456642389297485,
      0.7546815276145935,
      0.7430660724639893,
      0.7036447525024414,
      0.6603657007217407,
      0.666659414768219,
      0.7158814072608948,
      0.7331004738807678,
      0.6966009736061096,
      0.6930444836616516,
      0.7374604940414429,
      0.7597485780715942,
      0.6966261267662048,
      0.6284579038619995,
      0.5708556175231934,
      0.5834954380989075,
      0.6328414082527161,
      0.6097229719161987,
      0.6006466150283813,
      0.5805115103721619,
      0.5677614212036133,
      0.599995493888855,
      0.6649209260940552,
      0.7524868249893188,
      0.8060185313224792,
      0.8191079497337341,
      0.811447262763977,
      0.8009738326072693,
      0.7917222380638123,
      0.8037042617797852,
      0.8303360939025879,
      0.8482799530029297,
      0.8564801216125488
    ],
    [
      0.8069404363632202,
      0.7349137663841248,
      0.6787266731262207,
      0.7039507031440735,
      0.7817578911781311,
      0.8338068723678589,
      0.8620010614395142,
      0.8626757264137268,
      0.8222939372062683,
      0.787975549697876,
      0.7625980973243713,
      0.7602434158325195,
      0.7545909285545349,
      0.7514889240264893,
      0.7474396824836731,
      0.7342337965965271,
      0.7462275624275208,
      0.7741928696632385,
      0.7487550973892212,
      0.6819790005683899,
      0.6361008882522583,
      0.6291953921318054,
      0.6539035439491272,
      0.6512516140937805,
      0.6382888555526733,
      0.6160969138145447,
      0.5932496190071106,
      0.6192278861999512,
      0.6920177936553955,
      0.7413155436515808,
      0.7578330039978027,
      0.7881672978401184,
      0.8230767250061035,
      0.8431003093719482,
      0.837709367275238,
      0.8078514933586121,
      0.7786753177642822,
      0.7717429995536804,
      0.7869057655334473,
      0.7974616289138794
    ],
    [
      0.8264522552490234,
      0.8131686449050903,
      0.7646992802619934,
      0.7822979092597961,
      0.8426384925842285,
