{
  "run_id": "20260305_132405",
  "condition": "K",
  "problem": "causeway_bridge",
  "timestamp": "2026-03-05T13:24:05.859732",
  "metrics": {
    "final_compliance": 434.8867049738781,
    "topology_sparsity": 0.7104166666666667,
    "grey_ratio": 0.7416666666666667,
    "convergence_step": 4,
    "wall_time_s": 1.0585663318634033,
    "n_params": 755297,
    "n_steps": 5
  },
  "loss_history": [
    961.9378863860047,
    802.2028644668194,
    545.9150843193224,
    475.4197347559443,
    434.8867049738781
  ],
  "final_density": [
    [
      0.9091254472732544,
      0.8984952569007874,
      0.9102891087532043,
      0.9010665416717529,
      0.9040616154670715,
      0.9045788049697876,
      0.914634108543396,
      0.9050930738449097,
      0.9057110548019409,
      0.9135162830352783,
      0.9252931475639343,
      0.9128170609474182,
      0.9092695116996765,
      0.9066962599754333,
      0.919160008430481,
      0.9048674702644348,
      0.9038393497467041,
      0.9150981903076172,
      0.9278904795646667,
      0.9116178154945374,
      0.9008520245552063,
      0.9005475044250488,
      0.9117328524589539,
      0.8999379873275757,
      0.8990646004676819,
      0.9167160391807556,
      0.9317391514778137,
      0.9132999777793884,
      0.9009690880775452,
      0.906166672706604,
      0.9217842221260071,
      0.8982529044151306,
      0.8945028781890869,
      0.9149603247642517,
      0.9300681352615356,
      0.9037851095199585,
      0.877528727054596,
      0.8788632154464722,
      0.8899884819984436,
      0.8800758719444275
    ],
    [
      0.8738908171653748,
      0.8557283878326416,
      0.841907262802124,
      0.8407284021377563,
      0.824502170085907,
      0.8440310955047607,
      0.8172997832298279,
      0.823753833770752,
      0.8182021975517273,
      0.8554839491844177,
      0.8365124464035034,
      0.8346672058105469,
      0.8099084496498108,
      0.8129293322563171,
      0.7285796403884888,
      0.7473946213722229,
      0.7518560290336609,
      0.8235306143760681,
      0.7692881226539612,
      0.7948215007781982,
      0.7598872780799866,
      0.7879846692085266,
      0.6929309368133545,
      0.7371890544891357,
      0.7451940774917603,
      0.8363547325134277,
      0.7876790165901184,
      0.8079427480697632,
      0.761778712272644,
      0.782364547252655,
      0.6471908092498779,
      0.7038711309432983,
      0.6885321140289307,
      0.8054921627044678,
      0.7239694595336914,
      0.7636922597885132,
      0.667415976524353,
      0.7462802529335022,
      0.6864312887191772,
      0.7607051730155945
    ],
    [
      0.8266376256942749,
      0.7241443395614624,
      0.7664663791656494,
      0.654448390007019,
      0.6857861876487732,
      0.6182927489280701,
      0.7116810083389282,
      0.5333804488182068,
      0.5923308730125427,
      0.5385990738868713,
      0.6851059198379517,
      0.5054917335510254,
      0.5487456917762756,
      0.4938129484653473,
      0.6353546380996704,
      0.4440773129463196,
      0.5160216093063354,
      0.475103497505188,
      0.6336960196495056,
      0.4456966519355774,
      0.5206725597381592,
      0.4780385494232178,
      0.6487348675727844,
      0.4667087495326996,
      0.5220771431922913,
      0.5048684477806091,
      0.6441121101379395,
      0.4733261466026306,
      0.5285732746124268,
      0.4976688623428345,
      0.6628084182739258,
      0.4593006372451782,
      0.5321887135505676,
      0.47036874294281006,
      0.6399608254432678,
      0.4196067154407501,
      0.5488376617431641,
      0.4595125913619995,
      0.6359716057777405,
      0.6771817803382874
    ],
    [
      0.834684431552887,
      0.7321619987487793,
      0.6671815514564514,
      0.6593403816223145,
      0.6368421912193298,
      0.6040420532226562,
      0.46637973189353943,
      0.5534345507621765,
      0.5006341934204102,
      0.5436583161354065,
      0.361599326133728,
      0.5324800610542297,
      0.45700138807296753,
      0.5426262617111206,
      0.2774154543876648,
      0.5993077158927917,
      0.3981165289878845,
      0.5515698194503784,
      0.23671795427799225,
      0.5705519318580627,
      0.3943490982055664,
      0.5648918151855469,
      0.2644372284412384,
      0.6080134510993958,
      0.40612414479255676,
      0.546922504901886,
      0.23994188010692596,
      0.570021390914917,
      0.3893868923187256,
      0.5750601887702942,
      0.22500868141651154,
      0.6366317868232727,
      0.3507786691188812,
      0.5656560063362122,
      0.2005290389060974,
      0.5902919173240662,
      0.3690166771411896,
      0.5784569382667542,
      0.3523046672344208,
      0.6466981768608093
    ],
    [
      0.8050757646560669,
      0.7005833387374878,
      0.6872947216033936,
      0.5505284667015076,
      0.5048691034317017,
      0.512442409992218,
      0.5638170838356018,
      0.3473082184791565,
      0.39651399850845337,
      0.4305776357650757,
      0.606566846370697,
      0.2839451730251312,
      0.35923439264297485,
      0.3680100739002228,
      0.55756014585495,
      0.1746818572282791,
      0.3741835951805115,
      0.3176499009132385,
      0.6517266035079956,
      0.158237487077713,
      0.31670406460762024,
      0.3230139911174774,
      0.5496293902397156,
      0.1776871532201767,
      0.38083571195602417,
      0.3330148756504059,
      0.6763712167739868,
      0.16674382984638214,
      0.3007831871509552,
      0.3045911490917206,
      0.5890397429466248,
      0.13046954572200775,
      0.3627682626247406,
      0.270869642496109,
      0.6875995397567749,
      0.12696537375450134,
      0.28669100999832153,
      0.3059174120426178,
      0.5253132581710815,
      0.4669198989868164
    ],
    [
      0.8552955389022827,
      0.7951351404190063,
      0.7570775151252747,
      0.7424629330635071,
      0.7050484418869019,
      0.7124704718589783,
      0.5935199856758118,
      0.633445143699646,
      0.5643730759620667,
      0.6320629715919495,
      0.4642033576965332,
      0.6327918767929077,
      0.4932114779949188,
      0.5561952590942383,
      0.3127003610134125,
      0.5632808804512024,
      0.4096470773220062,
      0.5591328740119934,
      0.2575916647911072,
      0.6441199779510498,
      0.4062231779098511,
      0.5294907689094543,
      0.29134824872016907,
      0.5624200701713562,
      0.4090442359447479,
      0.5786954760551453,
      0.27482882142066956,
      0.6471707820892334,
      0.3940313458442688,
      0.5245646834373474,
      0.24215766787528992,
      0.5739415287971497,
      0.33421042561531067,
      0.5495648980140686,
      0.22808240354061127,
      0.6620051264762878,
      0.3807157874107361,
      0.5561420321464539,
      0.4217323064804077,
      0.7131857872009277
    ],
    [
      0.8356291651725769,
      0.7472177147865295,
      0.774483859539032,
      0.6512889266014099,
      0.6929754614830017,
      0.6381442546844482,
      0.6954559683799744,
      0.4939638674259186,
      0.5769188404083252,
      0.49843671917915344,
      0.6302368640899658,
      0.416696161031723,
      0.5583526492118835,
      0.5067534446716309,
      0.6793578863143921,
      0.4121759533882141,
      0.5754381418228149,
      0.41879671812057495,
      0.650797426700592,
      0.30307796597480774,
      0.5645066499710083,
      0.4760289490222931,
      0.6881328821182251,
      0.4310804009437561,
      0.578907310962677,
      0.4412035346031189,
      0.6497921943664551,
      0.34463971853256226,
      0.5716680884361267,
      0.5032529234886169,
      0.7107841372489929,
      0.4138653576374054,
      0.5935816168785095,
      0.3965754806995392,
      0.6562032699584961,
      0.2888980805873871,
      0.5718392729759216,
      0.477455735206604,
      0.6420356631278992,
      0.6919273734092712
    ],
    [
      0.8281309008598328,
      0.7380262017250061,
      0.7123346328735352,
