{
  "run_id": "20260305_132738",
  "condition": "G",
  "problem": "causeway_bridge",
  "timestamp": "2026-03-05T13:27:38.892269",
  "metrics": {
    "final_compliance": 1487.6256388467455,
    "topology_sparsity": 0.0,
    "grey_ratio": 1.0,
    "convergence_step": 1,
    "wall_time_s": 0.8551232814788818,
    "n_params": 16705,
    "n_steps": 5
  },
  "loss_history": [
    1502.3708826253082,
    1499.690729849348,
    1496.8748038321914,
    1493.4296207615498,
    1487.6256388467455
  ],
  "final_density": [
    [
      0.4788292646408081,
      0.4792739748954773,
      0.4796907305717468,
      0.4793345630168915,
      0.4789070188999176,
      0.47851213812828064,
      0.47782719135284424,
      0.47733527421951294,
      0.47698721289634705,
      0.47703832387924194,
      0.47764289379119873,
      0.47849729657173157,
      0.47892165184020996,
      0.47934475541114807,
      0.47939378023147583,
      0.4792913496494293,
      0.47935548424720764,
      0.47956135869026184,
      0.4799359142780304,
      0.4799051284790039,
      0.47989320755004883,
      0.4798327088356018,
      0.4799240529537201,
      0.48010221123695374,
      0.48029324412345886,
      0.4804994761943817,
      0.4804338812828064,
      0.4802214503288269,
      0.48047471046447754,
      0.48113059997558594,
      0.4818711280822754,
      0.48217037320137024,
      0.48229238390922546,
      0.4820955991744995,
      0.4816480576992035,
      0.48046061396598816,
      0.4793808162212372,
      0.47817331552505493,
      0.4769688844680786,
      0.47597062587738037
    ],
    [
      0.4781103730201721,
      0.4781518876552582,
      0.4784758388996124,
      0.4788801074028015,
      0.4793882668018341,
      0.47948744893074036,
      0.479689359664917,
      0.47989609837532043,
      0.47973117232322693,
      0.4796278178691864,
      0.47982096672058105,
      0.48020341992378235,
      0.4805143475532532,
      0.48094820976257324,
      0.481126070022583,
      0.48134586215019226,
      0.48203542828559875,
      0.4826894700527191,
      0.4832880198955536,
      0.483398973941803,
      0.4829143285751343,
      0.48231059312820435,
      0.48169904947280884,
      0.4811745882034302,
      0.48073673248291016,
      0.48062363266944885,
      0.4805162847042084,
      0.4805586040019989,
      0.48058316111564636,
      0.48057886958122253,
      0.48111799359321594,
      0.4816743731498718,
      0.4816609025001526,
      0.4813198447227478,
      0.4808596968650818,
      0.4801442623138428,
      0.4795618951320648,
      0.47896137833595276,
      0.47818219661712646,
      0.4772307872772217
    ],
    [
      0.4786613881587982,
      0.4781387746334076,
      0.47828707098960876,
      0.4788040220737457,
      0.47952285408973694,
      0.48025834560394287,
      0.48096561431884766,
      0.4816831350326538,
      0.48219990730285645,
      0.4825863838195801,
      0.4828467071056366,
      0.4828944802284241,
      0.48290857672691345,
      0.4830920696258545,
      0.48324570059776306,
      0.4835510551929474,
      0.48412665724754333,
      0.48503026366233826,
      0.48579472303390503,
      0.4854889512062073,
      0.4846703112125397,
      0.48390084505081177,
      0.48319247364997864,
      0.48241153359413147,
      0.48165902495384216,
      0.4808901846408844,
      0.4807429611682892,
      0.48054540157318115,
      0.48035454750061035,
      0.4800935983657837,
      0.4800107181072235,
      0.4806140065193176,
      0.48126572370529175,
      0.4817136228084564,
      0.4817946255207062,
      0.4815439283847809,
      0.48097920417785645,
      0.48043322563171387,
      0.4793413579463959,
      0.4783840477466583
    ],
    [
      0.4787291884422302,
      0.47881969809532166,
      0.47860679030418396,
      0.47877001762390137,
      0.479356974363327,
      0.4806537628173828,
      0.4820135533809662,
      0.4830054044723511,
      0.4833516776561737,
      0.4833948016166687,
      0.48334476351737976,
      0.48312023282051086,
      0.4828815162181854,
      0.48297643661499023,
      0.48371824622154236,
      0.4841251075267792,
      0.4836510419845581,
      0.48338571190834045,
      0.4832272231578827,
      0.48280152678489685,
      0.48207342624664307,
      0.48126715421676636,
      0.48020505905151367,
      0.47952374815940857,
      0.47931814193725586,
      0.479263037443161,
      0.47924768924713135,
      0.47923609614372253,
      0.4794469475746155,
      0.4798224866390228,
      0.4800886809825897,
      0.4807092845439911,
      0.4816283583641052,
      0.48184260725975037,
      0.48181337118148804,
      0.48198452591896057,
      0.48197439312934875,
      0.48165613412857056,
      0.48099109530448914,
      0.4802989661693573
    ],
    [
      0.4775247871875763,
      0.4775615930557251,
      0.4779161512851715,
      0.4784562587738037,
      0.4792967736721039,
      0.4799882173538208,
      0.4805220663547516,
      0.48086437582969666,
      0.480835884809494,
      0.48101726174354553,
      0.48127368092536926,
      0.4816441833972931,
      0.48188644647598267,
      0.48231247067451477,
      0.4825286567211151,
      0.4825464189052582,
      0.48233360052108765,
      0.48154231905937195,
      0.48108693957328796,
      0.48058491945266724,
      0.4798060357570648,
      0.478965699672699,
      0.4781898856163025,
      0.4776577353477478,
      0.4772314429283142,
      0.4772660732269287,
      0.4775635898113251,
      0.4776633381843567,
      0.4777167737483978,
      0.4779401123523712,
      0.47793129086494446,
      0.47756534814834595,
      0.4779357612133026,
      0.4785017669200897,
      0.4788511395454407,
      0.4796004593372345,
      0.4800774157047272,
      0.48037412762641907,
      0.4804699122905731,
      0.4801115095615387
    ],
    [
      0.47868451476097107,
      0.47857269644737244,
      0.47855550050735474,
      0.47863999009132385,
      0.47884654998779297,
      0.4790240526199341,
      0.4792434275150299,
      0.4791147708892822,
      0.4788668751716614,
      0.47846919298171997,
      0.4783101975917816,
      0.47812017798423767,
      0.47830578684806824,
      0.47869017720222473,
      0.47892001271247864,
      0.47882604598999023,
      0.47895175218582153,
      0.4792114496231079,
      0.47947365045547485,
      0.47887900471687317,
      0.47800132632255554,
      0.4775291681289673,
      0.47715380787849426,
      0.4768967032432556,
      0.4767269790172577,
      0.47699421644210815,
      0.47758054733276367,
      0.4779808521270752,
      0.4782433807849884,
      0.4786626100540161,
      0.47867679595947266,
      0.4782247841358185,
      0.4778905510902405,
      0.47768542170524597,
      0.4778846800327301,
      0.47826242446899414,
      0.4788745939731598,
      0.4794090688228607,
      0.47936829924583435,
      0.4790493845939636
    ],
    [
      0.4800015687942505,
      0.47963088750839233,
      0.47907131910324097,
      0.4787828028202057,
      0.47886228561401367,
      0.4791147708892822,
      0.4791738986968994,
      0.47911906242370605,
      0.479093998670578,
      0.47877374291419983,
      0.47844430804252625,
      0.4784108102321625,
      0.4784294664859772,
      0.47810617089271545,
      0.47811031341552734,
      0.47828051447868347,
      0.47836562991142273,
      0.47838351130485535,
      0.4786362051963806,
      0.4788270890712738,
      0.47903040051460266,
      0.47909846901893616,
      0.47938859462738037,
      0.4796068072319031,
      0.4797954857349396,
      0.47989538311958313,
      0.4798363149166107,
      0.4795168340206146,
      0.47905972599983215,
      0.478488951921463,
      0.4781138002872467,
      0.47743090987205505,
      0.47689878940582275,
      0.47687235474586487,
      0.4772534668445587,
      0.4777868986129761,
      0.47847968339920044,
      0.47898533940315247,
      0.47935155034065247,
