{
  "run_id": "20260305_132044",
  "condition": "K",
  "problem": "mbb_beam",
  "timestamp": "2026-03-05T13:20:44.661292",
  "metrics": {
    "final_compliance": 334.45438459091935,
    "topology_sparsity": 0.725,
    "grey_ratio": 0.7041666666666667,
    "convergence_step": 4,
    "wall_time_s": 0.3337230682373047,
    "n_params": 755297,
    "n_steps": 5
  },
  "loss_history": [
    796.3737542197268,
    580.7876908041677,
    424.39675926613677,
    365.0135616551362,
    334.45438459091935
  ],
  "final_density": [
    [
      0.9432309865951538,
      0.9622737765312195,
      0.969420850276947,
      0.9539040923118591,
      0.9632489085197449,
      0.9441112875938416,
      0.9497320652008057,
      0.9380374550819397,
      0.956421434879303,
      0.9449304938316345,
      0.9526696801185608,
      0.9347074627876282,
      0.9447485208511353,
      0.9252778887748718,
      0.9321338534355164,
      0.9225838780403137,
      0.9448578953742981,
      0.931256115436554,
      0.9317355751991272,
      0.9028658866882324,
      0.8971761465072632,
      0.8638595342636108,
      0.8429253697395325,
      0.8364508748054504,
      0.8518062233924866,
      0.8538550138473511,
      0.8420283198356628,
      0.8301749229431152,
      0.821512758731842,
      0.8070229291915894,
      0.7557092308998108,
      0.7604019641876221,
      0.7800300121307373,
      0.8155956864356995,
      0.8126496076583862,
      0.8301480412483215,
      0.8366092443466187,
      0.8391611576080322,
      0.8373565673828125,
      0.759154736995697
    ],
    [
      0.9482386112213135,
      0.9699558615684509,
      0.9748370051383972,
      0.9607943296432495,
      0.9655833840370178,
      0.9470425248146057,
      0.9572668671607971,
      0.9409304857254028,
      0.9552698731422424,
      0.9439934492111206,
      0.9528656601905823,
      0.9204155206680298,
      0.9292564392089844,
      0.9082379937171936,
      0.9293497204780579,
      0.9111537337303162,
      0.937244176864624,
      0.9174237251281738,
      0.921116828918457,
      0.8197124004364014,
      0.8143875002861023,
      0.7373983263969421,
      0.7634440064430237,
      0.6524859666824341,
      0.7609258890151978,
      0.7063450813293457,
      0.7304725646972656,
      0.5702027082443237,
      0.6081041097640991,
      0.5927823185920715,
      0.59834885597229,
      0.5106402635574341,
      0.6178695559501648,
      0.6089483499526978,
      0.6558160781860352,
      0.6103702187538147,
      0.7026239633560181,
      0.7099313139915466,
      0.7527831196784973,
      0.6702253222465515
    ],
    [
      0.8891669511795044,
      0.854620099067688,
      0.9177401065826416,
      0.8374801874160767,
      0.9237093925476074,
      0.8068187832832336,
      0.8661536574363708,
      0.7522855401039124,
      0.8731423616409302,
      0.737611711025238,
      0.793748140335083,
      0.6859264969825745,
      0.8143470287322998,
      0.6964749693870544,
      0.7543393969535828,
      0.6689128875732422,
      0.7954297065734863,
      0.6783966422080994,
      0.6948638558387756,
      0.6230667233467102,
      0.7104814648628235,
      0.6411094069480896,
      0.5927997827529907,
      0.594711184501648,
      0.6103952527046204,
      0.5968028903007507,
      0.4869062602519989,
      0.5688945055007935,
      0.604447603225708,
      0.6143032312393188,
      0.5150864720344543,
      0.5787866115570068,
      0.5373607277870178,
      0.5854367017745972,
      0.48653608560562134,
      0.5832981467247009,
      0.642417311668396,
      0.6293410658836365,
      0.581635594367981,
      0.6029711961746216
    ],
    [
      0.8778746128082275,
      0.8640680909156799,
      0.8731058239936829,
      0.8421756029129028,
      0.8548513054847717,
      0.7687728404998779,
      0.7616642713546753,
      0.7057598233222961,
      0.7612830400466919,
      0.6224930286407471,
      0.6426640748977661,
      0.589009702205658,
      0.6401847004890442,
      0.5462880730628967,
      0.5726364254951477,
      0.556577742099762,
      0.6047030091285706,
      0.5078089237213135,
      0.5251132845878601,
      0.4943009912967682,
      0.5322540998458862,
      0.44672200083732605,
      0.48702436685562134,
      0.4337950050830841,
      0.4584345519542694,
      0.38382312655448914,
      0.4567873477935791,
      0.42855212092399597,
      0.4877271354198456,
      0.4137042462825775,
      0.47940298914909363,
      0.4022079408168793,
      0.4413934350013733,
      0.37092480063438416,
      0.4713979661464691,
      0.4590608477592468,
      0.5209182500839233,
      0.47717148065567017,
      0.5213342905044556,
      0.5302510261535645
    ],
    [
      0.6535673141479492,
      0.5559811592102051,
      0.46725893020629883,
      0.4386497139930725,
      0.42304301261901855,
      0.41771966218948364,
      0.3816501498222351,
      0.39018285274505615,
      0.3664568066596985,
      0.36474570631980896,
      0.35469478368759155,
      0.3539661467075348,
      0.33974504470825195,
      0.3375023305416107,
      0.3417930006980896,
      0.3451611399650574,
      0.3333413600921631,
      0.34237611293792725,
      0.32610073685646057,
      0.3366602063179016,
      0.3170470893383026,
      0.31486231088638306,
      0.3207339942455292,
      0.32612669467926025,
      0.29677602648735046,
      0.32006189227104187,
      0.2943759560585022,
      0.3124365508556366,
      0.27699950337409973,
      0.29230624437332153,
      0.3086601495742798,
      0.31890496611595154,
      0.277401864528656,
      0.3178296685218811,
      0.2964913249015808,
      0.33303356170654297,
      0.30581796169281006,
      0.35235917568206787,
      0.3956274092197418,
      0.4570566415786743
    ],
    [
      0.8242096304893494,
      0.7906075716018677,
      0.7403103709220886,
      0.6644957661628723,
      0.6888875365257263,
      0.6307496428489685,
      0.6109939813613892,
      0.5637823343276978,
      0.5778759717941284,
      0.537800669670105,
      0.5152980089187622,
      0.5104559063911438,
      0.4965081214904785,
      0.49440959095954895,
      0.4830375611782074,
      0.5059139132499695,
      0.5106725692749023,
      0.5067245960235596,
      0.4793040156364441,
      0.5054482221603394,
      0.5009064078330994,
      0.5109292268753052,
      0.503660261631012,
      0.5280141830444336,
      0.5346967577934265,
      0.5215535759925842,
      0.4811137020587921,
      0.5234212279319763,
      0.5119659900665283,
      0.5382429361343384,
      0.5284947752952576,
      0.5513404011726379,
      0.5588472485542297,
      0.5525103807449341,
      0.5001525282859802,
      0.5603224039077759,
      0.5546585917472839,
      0.6257295608520508,
      0.6228578090667725,
      0.6127586960792542
    ],
    [
      0.7691345810890198,
      0.6504657864570618,
      0.6459090113639832,
      0.6129885315895081,
      0.6732495427131653,
      0.6095148324966431,
      0.538750171661377,
      0.568398118019104,
      0.5640518069267273,
      0.5677439570426941,
      0.44954466819763184,
      0.5425610542297363,
      0.5036447644233704,
      0.5542190074920654,
      0.43610233068466187,
      0.5257143974304199,
      0.47522786259651184,
      0.5280370712280273,
      0.40723666548728943,
      0.5357449650764465,
      0.534014105796814,
      0.6003832221031189,
      0.4804927706718445,
      0.5660991072654724,
      0.49123436212539673,
      0.5521581172943115,
      0.3933618366718292,
      0.5648984909057617,
      0.5836488008499146,
      0.633771538734436,
      0.48686331510543823,
      0.5899622440338135,
      0.5308930277824402,
      0.5958818793296814,
      0.43553879857063293,
      0.6079040765762329,
      0.7342848181724548,
      0.6892154216766357,
      0.6759411692619324,
      0.6699458360671997
    ],
    [
      0.7643960118293762,
      0.6998806595802307,
      0.7035924792289734,
