{
  "run_id": "20260305_131916",
  "condition": "C",
  "problem": "multistory_building",
  "timestamp": "2026-03-05T13:19:16.915943",
  "metrics": {
    "final_compliance": 250.2158640739994,
    "topology_sparsity": 0.69375,
    "grey_ratio": 0.05625,
    "convergence_step": 1,
    "wall_time_s": 1.5197346210479736,
    "n_params": 480,
    "n_steps": 5
  },
  "loss_history": [
    239.6578073960422,
    248.56500972428245,
    250.2158640739994,
    250.2158640739994,
    250.2158640739994
  ],
  "final_density": [
    [
      1.0,
      0.0010000000474974513,
      1.0,
      1.0,
      1.0,
      1.0,
      1.0,
      1.0,
      1.0,
      1.0,
      1.0,
      1.0,
      0.0010000000474974513,
      1.0,
      1.0,
      1.0,
      1.0,
      1.0,
      1.0,
      1.0,
      1.0,
      1.0,
      1.0,
      1.0,
      1.0,
      1.0,
      1.0,
      1.0,
      1.0,
      1.0,
      0.6804680228233337,
      0.0010000000474974513,
      0.0010000000474974513,
      0.0010000000474974513,
      0.0010000000474974513,
      0.0010000000474974513,
      0.0010000000474974513,
      0.0010000000474974513,
      0.0010000000474974513,
      0.0010000000474974513
    ],
    [
      1.0,
      1.0,
      1.0,
      1.0,
      1.0,
      1.0,
      1.0,
      1.0,
      1.0,
      1.0,
      1.0,
      1.0,
      1.0,
      1.0,
      1.0,
      1.0,
      1.0,
      1.0,
      1.0,
      1.0,
      1.0,
      1.0,
      1.0,
      1.0,
      1.0,
      1.0,
      1.0,
      1.0,
      1.0,
      1.0,
      1.0,
      1.0,
      0.7721180319786072,
      1.0,
      0.0010000000474974513,
      0.0010000000474974513,
      0.0010000000474974513,
      0.0010000000474974513,
      0.0010000000474974513,
      0.0010000000474974513
    ],
    [
      1.0,
      1.0,
      1.0,
      1.0,
      1.0,
      1.0,
      1.0,
      1.0,
      1.0,
      1.0,
      1.0,
      1.0,
      1.0,
      1.0,
      1.0,
      1.0,
      1.0,
      1.0,
      1.0,
      1.0,
      1.0,
      1.0,
      1.0,
      1.0,
      1.0,
      0.0010000000474974513,
      0.22436432540416718,
      1.0,
      0.0010000000474974513,
      0.0010000000474974513,
      1.0,
      1.0,
      0.4949670135974884,
      1.0,
      1.0,
      1.0,
      0.0010000000474974513,
      0.0010000000474974513,
      0.0010000000474974513,
      0.0010000000474974513
    ],
    [
      1.0,
      1.0,
      1.0,
      1.0,
      1.0,
      1.0,
      1.0,
      1.0,
      1.0,
      1.0,
      1.0,
      1.0,
      1.0,
      1.0,
      1.0,
      0.37898993492126465,
      1.0,
      0.0010000000474974513,
      1.0,
      0.0010000000474974513,
      0.0010000000474974513,
      0.09734438359737396,
      0.0010000000474974513,
      0.0010000000474974513,
      1.0,
      1.0,
      0.37042778730392456,
      1.0,
      0.0010000000474974513,
      1.0,
      1.0,
      1.0,
      1.0,
      0.5435194969177246,
      1.0,
      1.0,
      0.0010000000474974513,
      0.0010000000474974513,
      0.0010000000474974513,
      0.0010000000474974513
    ],
    [
      0.0010000000474974513,
      1.0,
      1.0,
      1.0,
      0.0010000000474974513,
      0.6759838461875916,
      0.0010000000474974513,
      1.0,
      0.0010000000474974513,
      1.0,
      0.0010000000474974513,
      0.0010000000474974513,
      1.0,
      0.0010000000474974513,
      1.0,
      0.29399269819259644,
      0.43102914094924927,
      0.0010000000474974513,
      1.0,
      1.0,
      0.0010000000474974513,
      0.0010000000474974513,
      0.0010000000474974513,
      1.0,
      0.0010000000474974513,
      0.0010000000474974513,
      0.7140982151031494,
      0.12364435195922852,
      1.0,
      1.0,
      0.0010000000474974513,
      0.5919632911682129,
      0.46233752369880676,
      1.0,
      1.0,
      1.0,
      1.0,
      0.0010000000474974513,
      0.0010000000474974513,
      0.0010000000474974513
    ],
    [
      1.0,
      0.0010000000474974513,
      0.0010000000474974513,
      1.0,
      1.0,
      0.0010000000474974513,
      0.0010000000474974513,
      0.0010000000474974513,
      0.0010000000474974513,
      0.0010000000474974513,
      0.0010000000474974513,
      1.0,
      1.0,
      0.0010000000474974513,
      1.0,
      1.0,
      0.0010000000474974513,
      1.0,
      0.0010000000474974513,
      0.6730289459228516,
      1.0,
      1.0,
      1.0,
      0.7070668935775757,
      1.0,
      1.0,
      0.0010000000474974513,
      0.0010000000474974513,
      0.48266908526420593,
      0.0010000000474974513,
      0.0010000000474974513,
      0.0010000000474974513,
      0.2165510356426239,
      1.0,
      1.0,
      1.0,
      1.0,
      1.0,
      0.0010000000474974513,
      0.0010000000474974513
    ],
    [
      0.0010000000474974513,
      1.0,
      0.0010000000474974513,
      0.0010000000474974513,
      1.0,
      1.0,
      1.0,
      1.0,
      0.0010000000474974513,
      0.0010000000474974513,
      0.0010000000474974513,
      0.0010000000474974513,
      1.0,
      0.0010000000474974513,
      1.0,
      1.0,
      1.0,
      1.0,
      0.0010000000474974513,
      1.0,
      0.0010000000474974513,
      1.0,
      1.0,
      0.135299950838089,
      0.0010000000474974513,
      0.5384401082992554,
      0.0010000000474974513,
      0.6305660009384155,
      1.0,
      1.0,
      1.0,
      1.0,
      0.0010000000474974513,
      0.0010000000474974513,
      0.33122578263282776,
      0.7275251746177673,
      1.0,
      1.0,
      1.0,
      0.0010000000474974513
    ],
    [
      0.0010000000474974513,
      0.0010000000474974513,
      0.0010000000474974513,
      0.0010000000474974513,
      1.0,
      0.0010000000474974513,
      0.0010000000474974513,
      0.0010000000474974513,
      0.0010000000474974513,
      1.0,
      1.0,
      1.0,
      0.0010000000474974513,
      1.0,
      0.0010000000474974513,
      0.5063198208808899,
      0.44254472851753235,
      1.0,
      1.0,
      0.0010000000474974513,
      0.0010000000474974513,
      1.0,
      0.0010000000474974513,
      0.0010000000474974513,
      1.0,
      0.0010000000474974513,
      0.0010000000474974513,
      0.0010000000474974513,
      1.0,
      1.0,
      0.0010000000474974513,
      1.0,
      0.0010000000474974513,
      0.0010000000474974513,
      0.3095082640647888,
      0.28357985615730286,
      0.0010000000474974513,
      1.0,
      1.0,
      1.0
    ],
    [
      1.0,
      1.0,
      1.0,
      1.0,
      1.0,
      1.0,
      1.0,
      1.0,
      1.0,
      1.0,
      1.0,
      1.0,
      1.0,
      1.0,
      1.0,
      1.0,
      0.0010000000474974513,
      0.0010000000474974513,
      0.0010000000474974513,
      1.0,
      0.024043653160333633,
      0.0010000000474974513,
      0.0010000000474974513,
      1.0,
      0.0010000000474974513,
      1.0,
      1.0,
      1.0,
      0.0010000000474974513,
      0.0010000000474974513,
      0.0010000000474974513,
      1.0,
      1.0,
      0.0010000000474974513,
      0.0010000000474974513,
      1.0,
      0.0010000000474974513,
      1.0,
      1.0,
      1.0
    ],
    [
      1.0,
      1.0,
      1.0,
      1.0,
      1.0,
      1.0,
      1.0,
      1.0,
      1.0,
      1.0,
      1.0,
      1.0,
      1.0,
      1.0,
      1.0,
      1.0,
      1.0,
      1.0,
      1.0,
      1.0,
      1.0,
      1.0,
      1.0,
      1.0,
      1.0,
      1.0,
      1.0,
      0.0010000000474974513,
      1.0,
      0.0010000000474974513,
      0.0010000000474974513,
      0.0010000000474974513,
      0.0010000000474974513,
      0.0010000000474974513,
      0.0010000000474974513,
      0.0010000000474974513,
      0.0010000000474974513,
      0.0010000000474974513,
      1.0,
      1.0
    ],
    [
      1.0,
      1.0,
      1.0,
      1.0,
      1.0,
      1.0,
      1.0,
      1.0,
      1.0,
      1.0,
      1.0,
      1.0,
      1.0,
      1.0,
      1.0,
      1.0,
      1.0,
      1.0,
      1.0,
