{
  "run_id": "20260305_132742",
  "condition": "K",
  "problem": "mbb_beam",
  "timestamp": "2026-03-05T13:27:42.886202",
  "metrics": {
    "final_compliance": 367.4022046270598,
    "topology_sparsity": 0.7020833333333333,
    "grey_ratio": 0.6875,
    "convergence_step": 4,
    "wall_time_s": 0.3189270496368408,
    "n_params": 755297,
    "n_steps": 5
  },
  "loss_history": [
    935.7385913259242,
    594.8099399902501,
    459.5769838945374,
    400.9381234811917,
    367.4022046270598
  ],
  "final_density": [
    [
      0.9507445096969604,
      0.9619348645210266,
      0.9642524719238281,
      0.9604663252830505,
      0.96159428358078,
      0.9589256644248962,
      0.9619339108467102,
      0.9587556719779968,
      0.9546098113059998,
      0.9482759237289429,
      0.9576871991157532,
      0.9575456976890564,
      0.9571167826652527,
      0.9510267972946167,
      0.9522901773452759,
      0.9503101110458374,
      0.9490405917167664,
      0.9432283639907837,
      0.9466651082038879,
      0.9449782967567444,
      0.9379315972328186,
      0.9112954139709473,
      0.869400143623352,
      0.8814635276794434,
      0.8815760016441345,
      0.874997615814209,
      0.8605394959449768,
      0.8945435285568237,
      0.8821391463279724,
      0.83921217918396,
      0.7182213664054871,
      0.8006365895271301,
      0.8197291493415833,
      0.827030599117279,
      0.7616544961929321,
      0.8634544014930725,
      0.850555956363678,
      0.8300058245658875,
      0.7863874435424805,
      0.8641625046730042
    ],
    [
      0.9146847128868103,
      0.9425318837165833,
      0.9333792924880981,
      0.9394857287406921,
      0.9117822051048279,
      0.919170081615448,
      0.9237937331199646,
      0.9345740079879761,
      0.9047073721885681,
      0.907581627368927,
      0.9146103858947754,
      0.9307988882064819,
      0.8952977657318115,
      0.889753520488739,
      0.8966248631477356,
      0.9084040522575378,
      0.8789170980453491,
      0.8635870218276978,
      0.8846988081932068,
      0.8732779026031494,
      0.8097968697547913,
      0.699079692363739,
      0.740614652633667,
      0.6896114349365234,
      0.682907223701477,
      0.6225976347923279,
      0.7629007697105408,
      0.6930179595947266,
      0.6694085597991943,
      0.5330755114555359,
      0.6213103532791138,
      0.516718864440918,
      0.6095356941223145,
      0.5136731863021851,
      0.6883103251457214,
      0.6187471747398376,
      0.6561856865882874,
      0.5832532048225403,
      0.6985067129135132,
      0.7905310392379761
    ],
    [
      0.8818825483322144,
      0.8238769769668579,
      0.5885493755340576,
      0.7546464800834656,
      0.7014545798301697,
      0.7097206711769104,
      0.40095090866088867,
      0.7219278812408447,
      0.6772053241729736,
      0.6989222764968872,
      0.40368297696113586,
      0.7228288650512695,
      0.6789518594741821,
      0.6851175427436829,
      0.33919134736061096,
      0.6759716272354126,
      0.6523505449295044,
      0.6689028739929199,
      0.29789718985557556,
      0.67805415391922,
      0.6717762351036072,
      0.6573143005371094,
      0.222376748919487,
      0.6282021999359131,
      0.6471695899963379,
      0.646012008190155,
      0.2225928008556366,
      0.6532599925994873,
      0.6643644571304321,
      0.6518165469169617,
      0.17815838754177094,
      0.6151440143585205,
      0.6440279483795166,
      0.6436980962753296,
      0.19929653406143188,
      0.6522541642189026,
      0.6496031880378723,
      0.6542322635650635,
      0.2923900783061981,
      0.7671200633049011
    ],
    [
      0.7628440260887146,
      0.5019760727882385,
      0.6027753353118896,
      0.3996191918849945,
      0.5090782046318054,
      0.3786223530769348,
      0.5503795146942139,
      0.375489205121994,
      0.49814414978027344,
      0.3754480183124542,
      0.5407460331916809,
      0.37121036648750305,
      0.48702505230903625,
      0.35295963287353516,
      0.5525007843971252,
      0.33459460735321045,
      0.4704474210739136,
      0.3266255259513855,
      0.5527234673500061,
      0.3036007583141327,
      0.4567928612232208,
      0.2954430878162384,
      0.5558066964149475,
      0.2769610285758972,
      0.43883517384529114,
      0.2816099226474762,
      0.5545604228973389,
      0.28486016392707825,
      0.4443991482257843,
      0.2782191038131714,
      0.5650078058242798,
      0.26223140954971313,
      0.4320898652076721,
      0.2748449742794037,
      0.5578439831733704,
      0.32310765981674194,
      0.457698792219162,
      0.362763911485672,
      0.5728280544281006,
      0.5857493877410889
    ],
    [
      0.8388618230819702,
      0.706142008304596,
      0.3917182981967926,
      0.4987078905105591,
      0.5231521129608154,
      0.5225831866264343,
      0.2502511143684387,
      0.49188899993896484,
      0.5175135731697083,
      0.5269102454185486,
      0.25211480259895325,
      0.48905467987060547,
      0.5088617205619812,
      0.4985799193382263,
      0.19601140916347504,
      0.45018041133880615,
      0.511120617389679,
      0.49522078037261963,
      0.1594628095626831,
      0.441610187292099,
      0.5156309604644775,
      0.4780658483505249,
      0.10496465116739273,
      0.40242999792099,
      0.523134171962738,
      0.49506300687789917,
      0.11176401376724243,
      0.445678174495697,
      0.5424231886863708,
      0.47591543197631836,
      0.08430812507867813,
      0.3943183124065399,
      0.5354351997375488,
      0.5130683779716492,
      0.1084185391664505,
      0.478678822517395,
      0.5478255748748779,
      0.5201237797737122,
      0.23293261229991913,
      0.6841147541999817
    ],
    [
      0.8171008229255676,
      0.7629637718200684,
      0.7481745481491089,
      0.6284166574478149,
      0.6203010678291321,
      0.5651644468307495,
      0.6982759237289429,
      0.585964560508728,
      0.6062760949134827,
      0.5422874093055725,
      0.6796838641166687,
      0.5543930530548096,
      0.5820620059967041,
      0.5116410255432129,
      0.6096238493919373,
      0.48288872838020325,
      0.5745615363121033,
      0.4925883412361145,
      0.6172420978546143,
      0.4412993788719177,
      0.570456862449646,
      0.486599862575531,
      0.6028569936752319,
      0.40765899419784546,
      0.5616911053657532,
      0.45819222927093506,
      0.6299643516540527,
      0.40890708565711975,
      0.5746265649795532,
      0.48802685737609863,
      0.6184223890304565,
      0.3827081620693207,
      0.5594627261161804,
      0.4508327841758728,
      0.6472216248512268,
      0.44457200169563293,
      0.5800309181213379,
      0.5289896726608276,
      0.6725439429283142,
      0.7458447217941284
    ],
    [
      0.8478237986564636,
      0.7698220014572144,
      0.4640038013458252,
      0.681537926197052,
      0.6139315962791443,
      0.6430153250694275,
      0.2996809780597687,
      0.6358555555343628,
      0.5848390460014343,
      0.6342088580131531,
      0.2912266254425049,
      0.6434774994850159,
      0.5975871682167053,
      0.6306585073471069,
      0.25250720977783203,
      0.6260427832603455,
      0.5867707133293152,
      0.6167842149734497,
      0.19631168246269226,
      0.6273422837257385,
      0.6198058128356934,
      0.6360257863998413,
      0.15631306171417236,
      0.6196908950805664,
      0.6100832223892212,
      0.6113817095756531,
      0.12826752662658691,
      0.6267814636230469,
      0.6421913504600525,
      0.6546247005462646,
      0.132423534989357,
      0.6282109022140503,
      0.616039514541626,
      0.6109658479690552,
      0.12140407413244247,
      0.6118100881576538,
      0.6283444762229919,
      0.6650273203849792,
      0.2723209261894226,
      0.8035867810249329
    ],
    [
      0.775224506855011,
      0.5455338954925537,
      0.6338229775428772,
      0.42148709297180176,
