{
  "run_id": "20260305_132406",
  "condition": "L",
  "problem": "mbb_beam",
  "timestamp": "2026-03-05T13:24:06.636324",
  "metrics": {
    "final_compliance": 1541.2501596164975,
    "topology_sparsity": 0.34791666666666665,
    "grey_ratio": 0.9958333333333333,
    "convergence_step": 1,
    "wall_time_s": 0.737830400466919,
    "n_params": 480,
    "n_steps": 5
  },
  "loss_history": [
    1572.0364882300291,
    1563.7187771095003,
    1555.8865619071198,
    1548.3999636773851,
    1541.2501596164975
  ],
  "final_density": [
    [
      0.4953956604003906,
      0.520578145980835,
      0.4462943375110626,
      0.38726553320884705,
      0.44768252968788147,
      0.44760775566101074,
      0.4188236892223358,
      0.44505637884140015,
      0.46927228569984436,
      0.5622556209564209,
      0.4879784882068634,
      0.44441863894462585,
      0.49184349179267883,
      0.5153257250785828,
      0.49815741181373596,
      0.4649141728878021,
      0.42930907011032104,
      0.5316942930221558,
      0.4802480638027191,
      0.398690789937973,
      0.46628013253211975,
      0.3893793523311615,
      0.4185898005962372,
      0.48209649324417114,
      0.5070645809173584,
      0.47150489687919617,
      0.44556576013565063,
      0.4815216064453125,
      0.443193644285202,
      0.5406162142753601,
      0.46293529868125916,
      0.49439093470573425,
      0.5457789301872253,
      0.39512231945991516,
      0.44927549362182617,
      0.453240305185318,
      0.47944262623786926,
      0.46975353360176086,
      0.417802631855011,
      0.4221315383911133
    ],
    [
      0.46243366599082947,
      0.4833236038684845,
      0.3456321954727173,
      0.5631217360496521,
      0.5987381339073181,
      0.5687659978866577,
      0.4200907349586487,
      0.41962167620658875,
      0.5640087127685547,
      0.5613231658935547,
      0.4318641126155853,
      0.4620310366153717,
      0.46139439940452576,
      0.3467094302177429,
      0.40243586897850037,
      0.4532749354839325,
      0.40897655487060547,
      0.518470048904419,
      0.3649803400039673,
      0.3991229832172394,
      0.5017598867416382,
      0.46929192543029785,
      0.4586105942726135,
      0.5071393251419067,
      0.4730391800403595,
      0.40916430950164795,
      0.4165209233760834,
      0.48784342408180237,
      0.4160384237766266,
      0.5059539079666138,
      0.4364696443080902,
      0.388896107673645,
      0.34167611598968506,
      0.6080769896507263,
      0.4036400020122528,
      0.36856675148010254,
      0.41672974824905396,
      0.4084027409553528,
      0.477568656206131,
      0.32856467366218567
    ],
    [
      0.42374908924102783,
      0.47235599160194397,
      0.4149995744228363,
      0.4643639326095581,
      0.5645309686660767,
      0.406779944896698,
      0.4633278548717499,
      0.40578094124794006,
      0.4430971145629883,
      0.4355575144290924,
      0.5173547863960266,
      0.2965376675128937,
      0.5114655494689941,
      0.44993463158607483,
      0.5546773672103882,
      0.5024619102478027,
      0.46080446243286133,
      0.41029176115989685,
      0.5316451787948608,
      0.5543516278266907,
      0.5703782439231873,
      0.4055016338825226,
      0.48697230219841003,
      0.4598020911216736,
      0.5343538522720337,
      0.42637407779693604,
      0.35076621174812317,
      0.404558926820755,
      0.36755210161209106,
      0.5691590905189514,
      0.6066561937332153,
      0.5458402633666992,
      0.383069783449173,
      0.3905908465385437,
      0.486876517534256,
      0.5040911436080933,
      0.40213489532470703,
      0.5453904271125793,
      0.37531813979148865,
      0.4270811676979065
    ],
    [
      0.5683881044387817,
      0.5102428793907166,
      0.622815728187561,
      0.5571601986885071,
      0.4252665042877197,
      0.5247131586074829,
      0.4879782199859619,
      0.4838545620441437,
      0.5075766444206238,
      0.6332849264144897,
      0.47518235445022583,
      0.4404442608356476,
      0.44929999113082886,
      0.43370434641838074,
      0.5257872939109802,
      0.5763331651687622,
      0.49413949251174927,
      0.420014888048172,
      0.5700808167457581,
      0.5477365255355835,
      0.4176563322544098,
      0.4661276340484619,
      0.37255722284317017,
      0.3797082006931305,
      0.48486360907554626,
      0.4020668566226959,
      0.5821182727813721,
      0.5014891028404236,
      0.48634275794029236,
      0.41248077154159546,
      0.3900197744369507,
      0.4986836016178131,
      0.3651413023471832,
      0.5161652565002441,
      0.7176091074943542,
      0.4664527177810669,
      0.4926413297653198,
      0.4743694067001343,
      0.4618343710899353,
      0.5282705426216125
    ],
    [
      0.544589638710022,
      0.4678216874599457,
      0.4903673231601715,
      0.46494579315185547,
      0.5532354712486267,
      0.36644744873046875,
      0.3236057460308075,
      0.5895777940750122,
      0.4926448166370392,
      0.4246843457221985,
      0.6045879125595093,
      0.40185001492500305,
      0.5593235492706299,
      0.6210535764694214,
      0.4796108603477478,
      0.36540642380714417,
      0.44892868399620056,
      0.43493035435676575,
      0.4419185221195221,
      0.37865498661994934,
      0.44106462597846985,
      0.5640313625335693,
      0.4048532545566559,
      0.5934799909591675,
      0.47478780150413513,
      0.423981249332428,
      0.46295931935310364,
      0.45081835985183716,
      0.5799631476402283,
      0.5587239265441895,
      0.4424341320991516,
      0.29586392641067505,
      0.5383569598197937,
      0.6101030111312866,
      0.43768584728240967,
      0.5123027563095093,
      0.40787461400032043,
      0.48825275897979736,
      0.5413910746574402,
      0.47078245878219604
    ],
    [
      0.5646677613258362,
      0.5163371562957764,
      0.19746457040309906,
      0.5103788375854492,
      0.569929838180542,
      0.5629505515098572,
      0.42917194962501526,
      0.4699176549911499,
      0.34162262082099915,
      0.5716456770896912,
      0.31741952896118164,
      0.42893657088279724,
      0.35103273391723633,
      0.44342678785324097,
      0.4500344395637512,
      0.4626396596431732,
      0.4848715662956238,
      0.6311193108558655,
      0.5725626349449158,
      0.42710039019584656,
      0.4715251624584198,
      0.40421855449676514,
      0.5050431489944458,
      0.6507419943809509,
      0.3224938213825226,
      0.42075514793395996,
      0.3637060523033142,
      0.549343466758728,
      0.5190906524658203,
      0.44139137864112854,
      0.43543052673339844,
      0.4337254762649536,
      0.5108519792556763,
      0.5321007966995239,
      0.37479275465011597,
      0.4397377669811249,
      0.46956121921539307,
      0.47502079606056213,
      0.40342554450035095,
      0.39340898394584656
    ],
    [
      0.5391785502433777,
      0.5196484327316284,
      0.5343532562255859,
      0.5593442320823669,
      0.48730015754699707,
      0.5713157653808594,
      0.5196619033813477,
      0.4835204482078552,
      0.4237871468067169,
      0.4279678463935852,
      0.5641023516654968,
      0.4494090974330902,
      0.1670794039964676,
      0.48242226243019104,
      0.5550710558891296,
      0.4452449381351471,
      0.4988200068473816,
      0.45133844017982483,
      0.3979696035385132,
      0.41043755412101746,
      0.44781479239463806,
      0.6406310200691223,
      0.6458939909934998,
      0.4434228539466858,
      0.4621141254901886,
      0.3885140120983124,
      0.5298759341239929,
      0.5558332800865173,
      0.36981201171875,
      0.4711422026157379,
      0.4510383605957031,
      0.4396710991859436,
      0.5154540538787842,
      0.5133417844772339,
      0.4348783791065216,
      0.5594015121459961,
      0.6235752701759338,
      0.4979850649833679,
      0.41979050636291504,
      0.4530402421951294
    ],
    [
