{
  "run_id": "20260305_132033",
  "condition": "E",
  "problem": "multistory_building",
  "timestamp": "2026-03-05T13:20:33.597507",
  "metrics": {
    "final_compliance": 910.188120406354,
    "topology_sparsity": 1.0,
    "grey_ratio": 1.0,
    "convergence_step": 1,
    "wall_time_s": 0.6548864841461182,
    "n_params": 8577,
    "n_steps": 5
  },
  "loss_history": [
    951.5349603554545,
    943.538509755391,
    933.6714901208904,
    922.4855231052991,
    910.188120406354
  ],
  "final_density": [
    [
      0.558358907699585,
      0.5587645173072815,
      0.5590289831161499,
      0.5591544508934021,
      0.5593948364257812,
      0.5598530173301697,
      0.5602198839187622,
      0.5605993270874023,
      0.5610369443893433,
      0.5614534020423889,
      0.5618169903755188,
      0.5621805191040039,
      0.562566339969635,
      0.5629547238349915,
      0.563331127166748,
      0.5636569261550903,
      0.56399005651474,
      0.5643447041511536,
      0.5647258758544922,
      0.5651102066040039,
      0.5655159950256348,
      0.5659247636795044,
      0.5663299560546875,
      0.5667251348495483,
      0.5671404004096985,
      0.5675431489944458,
      0.567914605140686,
      0.5682849884033203,
      0.5686193704605103,
      0.5689515471458435,
      0.5692859292030334,
      0.5696417093276978,
      0.5700123906135559,
      0.5704225897789001,
      0.5708786249160767,
      0.5714951157569885,
      0.5721118450164795,
      0.5727282762527466,
      0.5733490586280823,
      0.5739885568618774
    ],
    [
      0.5586032271385193,
      0.5587647557258606,
      0.5588917136192322,
      0.5591702461242676,
      0.5596684813499451,
      0.5601610541343689,
      0.5604997873306274,
      0.5608382225036621,
      0.5612320899963379,
      0.561686098575592,
      0.5620903372764587,
      0.5624756217002869,
      0.5628505945205688,
      0.5631966590881348,
      0.5635426640510559,
      0.5638909935951233,
      0.5642370581626892,
      0.5645785927772522,
      0.5649365782737732,
      0.5652939677238464,
      0.5656556487083435,
      0.5660248398780823,
      0.566381573677063,
      0.5667205452919006,
      0.5670667886734009,
      0.5674276947975159,
      0.5677886009216309,
      0.5681409239768982,
      0.5684882998466492,
      0.5688486099243164,
      0.5692139863967896,
      0.5696197152137756,
      0.5700305104255676,
      0.5704934000968933,
      0.5710022449493408,
      0.5715175867080688,
      0.5720978379249573,
      0.5727194547653198,
      0.5733497738838196,
      0.5739855170249939
    ],
    [
      0.5585964918136597,
      0.5587670207023621,
      0.5591372847557068,
      0.5595507621765137,
      0.5599642395973206,
      0.5603812336921692,
      0.5608651041984558,
      0.5613179802894592,
      0.5617259740829468,
      0.5620673298835754,
      0.5623816251754761,
      0.5627565383911133,
      0.5630947351455688,
      0.563418447971344,
      0.5637143850326538,
      0.5640102624893188,
      0.5642985701560974,
      0.5645930767059326,
      0.5648929476737976,
      0.5652547478675842,
      0.5656248331069946,
      0.5659930109977722,
      0.566372275352478,
      0.5667457580566406,
      0.5671213269233704,
      0.5674999952316284,
      0.5678536891937256,
      0.5681901574134827,
      0.5685290694236755,
      0.5688985586166382,
      0.5692938566207886,
      0.5697054266929626,
      0.5701584219932556,
      0.5706673264503479,
      0.5712369680404663,
      0.5718424916267395,
      0.5724552869796753,
      0.5731292366981506,
      0.5738056302070618,
      0.5744924545288086
    ],
    [
      0.5589171051979065,
      0.559298038482666,
      0.5596835017204285,
      0.5600759983062744,
      0.5604852437973022,
      0.5608891844749451,
      0.5613221526145935,
      0.5617074966430664,
      0.5619535446166992,
      0.5622532367706299,
      0.5625980496406555,
      0.5628955364227295,
      0.5631396770477295,
      0.5634024143218994,
      0.5637110471725464,
      0.5640159845352173,
      0.56430983543396,
      0.5646033883094788,
      0.5649031400680542,
      0.565238893032074,
      0.5656214356422424,
      0.566000759601593,
      0.5663800835609436,
      0.5667511820793152,
      0.5671267509460449,
      0.5675053596496582,
      0.5678668022155762,
      0.5682747960090637,
      0.5687529444694519,
      0.5692362189292908,
      0.5697158575057983,
      0.5702588558197021,
      0.5708470940589905,
      0.5714352130889893,
      0.5720230937004089,
      0.5726108551025391,
      0.5732021331787109,
      0.5738014578819275,
      0.57447350025177,
      0.5751452445983887
    ],
    [
      0.5595810413360596,
      0.5599290132522583,
      0.5602632761001587,
      0.5605972409248352,
      0.5609366297721863,
      0.5612934827804565,
      0.5616977214813232,
      0.5620303153991699,
      0.5622916221618652,
      0.5625256299972534,
      0.5627750158309937,
      0.563049852848053,
      0.5633560419082642,
      0.5635943412780762,
      0.5638452768325806,
      0.5641070008277893,
      0.5643671154975891,
      0.5646616816520691,
      0.5649782419204712,
      0.5652969479560852,
      0.565653383731842,
      0.5660964846611023,
      0.5665432214736938,
      0.5669839978218079,
      0.5674298405647278,
      0.5678917765617371,
      0.568370521068573,
      0.5688698291778564,
      0.5693690776824951,
      0.5698879957199097,
      0.5704681277275085,
      0.5710890293121338,
      0.5717010498046875,
      0.5722723603248596,
      0.5728632807731628,
      0.5734564661979675,
      0.5740495324134827,
      0.5746423006057739,
      0.575243353843689,
      0.5759146809577942
    ],
    [
      0.5601897835731506,
      0.5605292916297913,
      0.5608561635017395,
      0.5611822009086609,
      0.5615062117576599,
      0.5618594884872437,
      0.5622015595436096,
      0.5624627470970154,
      0.5627245306968689,
      0.5629476308822632,
      0.5631899833679199,
      0.5634587407112122,
      0.5636722445487976,
      0.5638297200202942,
      0.5640591979026794,
      0.5643979907035828,
      0.5647550225257874,
      0.5651023983955383,
      0.5654473304748535,
      0.5657907128334045,
      0.566220760345459,
      0.5666755437850952,
      0.5671302080154419,
      0.5675920844078064,
      0.5681052207946777,
      0.568613588809967,
      0.5691185593605042,
      0.5696233510971069,
      0.5701280236244202,
      0.570712685585022,
      0.5713329315185547,
      0.5719540119171143,
      0.5725817084312439,
      0.5732095837593079,
      0.5738372206687927,
      0.5744646191596985,
      0.5750539302825928,
      0.5756458044052124,
      0.5762436389923096,
      0.5768501162528992
    ],
    [
      0.5608505010604858,
      0.5612180233001709,
      0.5615911483764648,
      0.5619754791259766,
      0.5623235702514648,
      0.5626498460769653,
      0.5629051923751831,
      0.5632157921791077,
      0.5635579824447632,
      0.5638779401779175,
      0.5641748309135437,
      0.5644157528877258,
      0.5646122097969055,
      0.5648086667060852,
      0.5650050640106201,
      0.5651828050613403,
      0.5653916001319885,
      0.5657097101211548,
      0.5660596489906311,
      0.5664774179458618,
      0.5668964982032776,
      0.5673333406448364,
      0.5678344368934631,
      0.568354606628418,
      0.5688824653625488,
      0.5693898797035217,
      0.5698993802070618,
      0.570408821105957,
      0.570986807346344,
      0.5716142058372498,
      0.5722413063049316,
      0.5728682279586792,
      0.5734948515892029,
      0.5741223096847534,
      0.5747557878494263,
      0.57538902759552,
      0.5760220289230347,
      0.5766547322273254,
      0.5772871971130371,
      0.5778944492340088
    ],
    [
      0.5616689920425415,
      0.5620487928390503,
      0.5624781847000122,
      0.5629093647003174,
      0.563345730304718,
