{
  "run_id": "20260305_132353",
  "condition": "H",
  "problem": "multistory_building",
  "timestamp": "2026-03-05T13:23:53.460114",
  "metrics": {
    "final_compliance": 318.49719153248384,
    "topology_sparsity": 1.0,
    "grey_ratio": 0.6583333333333333,
    "convergence_step": 5,
    "wall_time_s": 1.2056307792663574,
    "n_params": 12737,
    "n_steps": 5
  },
  "loss_history": [
    838.16833368375,
    574.4540942855506,
    425.27234528972804,
    355.7238161082827,
    318.49719153248384
  ],
  "final_density": [
    [
      0.7904163599014282,
      0.789119303226471,
      0.8329317569732666,
      0.8772966861724854,
      0.8825183510780334,
      0.8641052842140198,
      0.8447626233100891,
      0.8453623056411743,
      0.8551750779151917,
      0.8393454551696777,
      0.7827492356300354,
      0.7290600538253784,
      0.7484824657440186,
      0.7805349826812744,
      0.808478593826294,
      0.8310686945915222,
      0.8427774310112,
      0.8548254370689392,
      0.8594314455986023,
      0.8516050577163696,
      0.8425636887550354,
      0.8313639163970947,
      0.8131480813026428,
      0.8036511540412903,
      0.8005165457725525,
      0.7954195737838745,
      0.7761672735214233,
      0.7494380474090576,
      0.731082558631897,
      0.7043344974517822,
      0.6857584118843079,
      0.6514092683792114,
      0.6225293874740601,
      0.6406384110450745,
      0.6797100305557251,
      0.6982744336128235,
      0.7043477296829224,
      0.7762457728385925,
      0.7958341240882874,
      0.7969634532928467
    ],
    [
      0.8177884221076965,
      0.8373871445655823,
      0.8592530488967896,
      0.8756324648857117,
      0.8871985673904419,
      0.8920735120773315,
      0.8908256888389587,
      0.8826392889022827,
      0.871151864528656,
      0.8362332582473755,
      0.7772856950759888,
      0.7726283073425293,
      0.7917555570602417,
      0.7898195385932922,
      0.8101914525032043,
      0.8357020020484924,
      0.8476773500442505,
      0.8198332786560059,
      0.7896568179130554,
      0.820602536201477,
      0.7911410927772522,
      0.7326639294624329,
      0.7380391955375671,
      0.7526921629905701,
      0.7305662631988525,
      0.7350128889083862,
      0.7583114504814148,
      0.7538121938705444,
      0.7414465546607971,
      0.7452778220176697,
      0.7620511054992676,
      0.7727780938148499,
      0.7739130258560181,
      0.7646727561950684,
      0.7358270287513733,
      0.7198086977005005,
      0.7336858510971069,
      0.732087254524231,
      0.7385483384132385,
      0.7521924376487732
    ],
    [
      0.817786455154419,
      0.8220729231834412,
      0.8220688700675964,
      0.8154700994491577,
      0.8329422473907471,
      0.8498357534408569,
      0.852327287197113,
      0.8485888242721558,
      0.8560914397239685,
      0.8654752969741821,
      0.8585194945335388,
      0.8288168907165527,
      0.8020210266113281,
      0.801621675491333,
      0.8163369297981262,
      0.8186355829238892,
      0.8089786767959595,
      0.8055272102355957,
      0.8077254295349121,
      0.8074761629104614,
      0.7956098318099976,
      0.7805056571960449,
      0.7595762610435486,
      0.7340312600135803,
      0.7084660530090332,
      0.713721513748169,
      0.7091141939163208,
      0.6966044306755066,
      0.7211113572120667,
      0.7612798810005188,
      0.7850171327590942,
      0.7950470447540283,
      0.7914418578147888,
      0.7581225633621216,
      0.7300717830657959,
      0.7284669876098633,
      0.7520375847816467,
      0.7801810503005981,
      0.8109239935874939,
      0.825593113899231
    ],
    [
      0.6592592000961304,
      0.6803267002105713,
      0.7274176478385925,
      0.7409266233444214,
      0.7250604033470154,
      0.7471668124198914,
      0.7686872482299805,
      0.7761500477790833,
      0.7977412343025208,
      0.8287169933319092,
      0.8576767444610596,
      0.8495440483093262,
      0.8146891593933105,
      0.8063654899597168,
      0.8004988431930542,
      0.7741311192512512,
      0.7429865002632141,
      0.7164995670318604,
      0.7142897248268127,
      0.7419687509536743,
      0.7663984894752502,
      0.7627721428871155,
      0.7320702075958252,
      0.7183406949043274,
      0.7368313074111938,
      0.7480508685112,
      0.7271373867988586,
      0.7041179537773132,
      0.7144652009010315,
      0.7425454258918762,
      0.7595134973526001,
      0.7772026658058167,
      0.7817558646202087,
      0.7732527256011963,
      0.784080982208252,
      0.7996797561645508,
      0.7871885895729065,
      0.7826022505760193,
      0.7883504629135132,
      0.7939167022705078
    ],
    [
      0.8262671828269958,
      0.7956695556640625,
      0.7671155333518982,
      0.7493279576301575,
      0.7321246266365051,
      0.7538191676139832,
      0.7776036262512207,
      0.7721683979034424,
      0.761006236076355,
      0.7473213076591492,
      0.7566099166870117,
      0.7644826769828796,
      0.779927134513855,
      0.7990769743919373,
      0.811729371547699,
      0.812309980392456,
      0.812326192855835,
      0.7912928462028503,
      0.7414005994796753,
      0.6827378869056702,
      0.6621365547180176,
      0.6518602967262268,
      0.6279674172401428,
      0.6518958210945129,
      0.7056585550308228,
      0.7028213143348694,
      0.6478090882301331,
      0.6350024938583374,
      0.6193293333053589,
      0.5793179869651794,
      0.5527276992797852,
      0.5761422514915466,
      0.6456568241119385,
      0.7184420228004456,
      0.762159526348114,
      0.7703304886817932,
      0.7854600548744202,
      0.7641459107398987,
      0.716168224811554,
      0.6810543537139893
    ],
    [
      0.8166021704673767,
      0.8574767112731934,
      0.8692370653152466,
      0.8704051375389099,
      0.8448632955551147,
      0.803455650806427,
      0.7790082097053528,
      0.700067937374115,
      0.6714776754379272,
      0.6847406625747681,
      0.6904847621917725,
      0.6834146976470947,
      0.6963505744934082,
      0.7519155740737915,
      0.7812732458114624,
      0.8010199069976807,
      0.8191920518875122,
      0.8254717588424683,
      0.8196198344230652,
      0.8023790121078491,
      0.7293248176574707,
      0.641686201095581,
      0.6295134425163269,
      0.6441882848739624,
      0.6531293392181396,
      0.7124159336090088,
      0.7226832509040833,
      0.6992350220680237,
      0.6769105195999146,
      0.6458194255828857,
      0.6201357245445251,
      0.6436241269111633,
      0.7141458988189697,
      0.7424793839454651,
      0.6967750191688538,
      0.6958668828010559,
      0.7471284866333008,
      0.772917628288269,
      0.7581340670585632,
      0.706206202507019
    ],
    [
      0.8073989152908325,
      0.8029596209526062,
      0.8296654224395752,
      0.8228932023048401,
      0.777682363986969,
      0.7308792471885681,
      0.7250884771347046,
      0.7694486379623413,
      0.8010484576225281,
      0.8280000686645508,
      0.8609088659286499,
      0.8593599796295166,
      0.8296082615852356,
      0.8090176582336426,
      0.8086532354354858,
      0.7880622148513794,
      0.7658003568649292,
      0.783970057964325,
      0.7976598143577576,
      0.791499674320221,
      0.7730497717857361,
      0.7478330135345459,
      0.7360609173774719,
      0.7230933904647827,
      0.7133954763412476,
      0.7205244302749634,
      0.737521767616272,
      0.7641698718070984,
      0.7796550989151001,
      0.7795991897583008,
      0.7790555357933044,
      0.7919703722000122,
      0.8075538873672485,
      0.8108029365539551,
      0.7978175282478333,
      0.7802789211273193,
      0.7715647220611572,
      0.7844417691230774,
      0.7918018102645874,
      0.8093738555908203
    ],
    [
      0.8615950345993042,
      0.8259448409080505,
      0.7578511834144592,
      0.7417245507240295,
      0.7260387539863586,
