{
  "run_id": "20260305_132350",
  "condition": "G",
  "problem": "multistory_building",
  "timestamp": "2026-03-05T13:23:50.478349",
  "metrics": {
    "final_compliance": 1131.1722855109551,
    "topology_sparsity": 1.0,
    "grey_ratio": 1.0,
    "convergence_step": 1,
    "wall_time_s": 0.9519548416137695,
    "n_params": 16705,
    "n_steps": 5
  },
  "loss_history": [
    1144.1273007725802,
    1141.256744972245,
    1138.248006770477,
    1135.0560349006992,
    1131.1722855109551
  ],
  "final_density": [
    [
      0.5266598463058472,
      0.526688277721405,
      0.5266082286834717,
      0.5265191197395325,
      0.5267017483711243,
      0.5267547965049744,
      0.5269073247909546,
      0.5272676944732666,
      0.5277561545372009,
      0.5280836224555969,
      0.527816653251648,
      0.5271362066268921,
      0.5264252424240112,
      0.52581787109375,
      0.5252865552902222,
      0.5250294208526611,
      0.525052547454834,
      0.5249922871589661,
      0.5248526930809021,
      0.5245871543884277,
      0.5240973234176636,
      0.5235174298286438,
      0.5230957865715027,
      0.5230547785758972,
      0.5232340097427368,
      0.5234962701797485,
      0.5240775942802429,
      0.524535059928894,
      0.5249605178833008,
      0.525682806968689,
      0.526259183883667,
      0.5260593891143799,
      0.5256821513175964,
      0.5250500440597534,
      0.5245999097824097,
      0.5242953300476074,
      0.5244802236557007,
      0.5249229073524475,
      0.5252737402915955,
      0.5255477428436279
    ],
    [
      0.5271596312522888,
      0.5270684957504272,
      0.5270527601242065,
      0.5271137952804565,
      0.5270364284515381,
      0.5269676446914673,
      0.52665776014328,
      0.5264077186584473,
      0.5263879299163818,
      0.5263441801071167,
      0.526081383228302,
      0.5257050395011902,
      0.5254795551300049,
      0.5253133177757263,
      0.5252844095230103,
      0.5253256559371948,
      0.525265634059906,
      0.5250726938247681,
      0.5245773196220398,
      0.5239589810371399,
      0.5233774185180664,
      0.523150622844696,
      0.5232874751091003,
      0.5236473083496094,
      0.5240147113800049,
      0.5242090225219727,
      0.5243223905563354,
      0.5248188972473145,
      0.5250005125999451,
      0.5253696441650391,
      0.5256887078285217,
      0.5260058641433716,
      0.5259398221969604,
      0.5257962346076965,
      0.5252771973609924,
      0.5249186754226685,
      0.5243228077888489,
      0.5237221121788025,
      0.5231263041496277,
      0.5228223204612732
    ],
    [
      0.528383195400238,
      0.5283634662628174,
      0.5280698537826538,
      0.52765953540802,
      0.5272040367126465,
      0.5267547965049744,
      0.5265233516693115,
      0.5265141725540161,
      0.5265626311302185,
      0.5264554619789124,
      0.5262365937232971,
      0.5259955525398254,
      0.5256852507591248,
      0.525346577167511,
      0.5248542428016663,
      0.5246886610984802,
      0.5243992209434509,
      0.5241676568984985,
      0.5239090919494629,
      0.5236270427703857,
      0.5235700607299805,
      0.5235178470611572,
      0.5235327482223511,
      0.5235751867294312,
      0.5236666202545166,
      0.523686945438385,
      0.5237892270088196,
      0.5239738821983337,
      0.5243362784385681,
      0.5245378613471985,
      0.5243868827819824,
      0.5243354439735413,
      0.5244318842887878,
      0.5245221853256226,
      0.5245881080627441,
      0.5245741009712219,
      0.5245374441146851,
      0.5243683457374573,
      0.5239061117172241,
      0.5234953165054321
    ],
    [
      0.5278536081314087,
      0.528033435344696,
      0.5281294584274292,
      0.5280020236968994,
      0.5278551578521729,
      0.5278549194335938,
      0.5278282761573792,
      0.5278504490852356,
      0.5280874967575073,
      0.5278757810592651,
      0.5276184678077698,
      0.5272635221481323,
      0.5268588662147522,
      0.5271450877189636,
      0.52745121717453,
      0.52750164270401,
      0.5273792147636414,
      0.5273907780647278,
      0.5273278951644897,
      0.5268576741218567,
      0.5266455411911011,
      0.5263774991035461,
      0.5263203978538513,
      0.5265119075775146,
      0.5264207720756531,
      0.5263901948928833,
      0.5261645913124084,
      0.5258591771125793,
      0.5257318019866943,
      0.525689959526062,
      0.5253491401672363,
      0.5250405669212341,
      0.5247545838356018,
      0.5244978070259094,
      0.5242275595664978,
      0.5241414308547974,
      0.5241824388504028,
      0.5245059132575989,
      0.5246199369430542,
      0.5244598984718323
    ],
    [
      0.5279646515846252,
      0.528130829334259,
      0.5278995037078857,
      0.5280619263648987,
      0.5280757546424866,
      0.5276662111282349,
      0.5271313786506653,
      0.5266615152359009,
      0.5260559320449829,
      0.5260459184646606,
      0.5262506008148193,
      0.5265358686447144,
      0.527511715888977,
      0.5282050371170044,
      0.5286660194396973,
      0.5291273593902588,
      0.5295722484588623,
      0.5295964479446411,
      0.5294457077980042,
      0.5292208790779114,
      0.5288646221160889,
      0.52845698595047,
      0.5278497338294983,
      0.5271560549736023,
      0.5264541506767273,
      0.5260238647460938,
      0.52611243724823,
      0.5265331268310547,
      0.5267029404640198,
      0.5269948244094849,
      0.5264308452606201,
      0.5258584022521973,
      0.5253289937973022,
      0.5251713991165161,
      0.5249340534210205,
      0.5246356129646301,
      0.5246643424034119,
      0.5247086882591248,
      0.5248570442199707,
      0.524878203868866
    ],
    [
      0.5289573669433594,
      0.5284765958786011,
      0.5280228853225708,
      0.5270838737487793,
      0.5259392261505127,
      0.5248311758041382,
      0.5242413282394409,
      0.5242224335670471,
      0.5250104069709778,
      0.5264394879341125,
      0.5280089974403381,
      0.529096245765686,
      0.5300150513648987,
      0.5303808450698853,
      0.5306177139282227,
      0.5302727222442627,
      0.5295951962471008,
      0.5287899971008301,
      0.5282989740371704,
      0.5282869935035706,
      0.5286688208580017,
      0.5286425352096558,
      0.5283373594284058,
      0.5276098847389221,
      0.52689129114151,
      0.5263912081718445,
      0.5261222124099731,
      0.5260235071182251,
      0.525881826877594,
      0.5256745219230652,
      0.5254629850387573,
      0.5252307057380676,
      0.524958074092865,
      0.5247505307197571,
      0.5244831442832947,
      0.5236443281173706,
      0.5230748653411865,
      0.5229370594024658,
      0.5228807330131531,
      0.5225337743759155
    ],
    [
      0.525992751121521,
      0.5252571702003479,
      0.5249459743499756,
      0.5248153805732727,
      0.524700939655304,
      0.5247085690498352,
      0.5248165726661682,
      0.5247984528541565,
      0.5249993801116943,
      0.5255054831504822,
      0.5263108015060425,
      0.5271047949790955,
      0.5277402997016907,
      0.5280390381813049,
      0.5279976725578308,
      0.5277968645095825,
      0.527566134929657,
      0.5278072357177734,
      0.5279956459999084,
      0.5275501608848572,
      0.5276947021484375,
      0.5276391506195068,
      0.5274236798286438,
      0.5273470282554626,
      0.5270304679870605,
      0.5265233516693115,
      0.5260770916938782,
      0.5256317853927612,
      0.5247514247894287,
      0.5242229104042053,
      0.5237033367156982,
      0.5230830311775208,
      0.5226579904556274,
      0.5223311185836792,
      0.5221081972122192,
      0.5218271017074585,
      0.5215092301368713,
      0.5212850570678711,
      0.520958662033081,
      0.5209006071090698
    ],
    [
      0.5237856507301331,
      0.5242372751235962,
      0.5242685079574585,
      0.5242659449577332,
      0.5243820548057556,
