{
  "run_id": "20260305_132045",
  "condition": "K",
  "problem": "causeway_bridge",
  "timestamp": "2026-03-05T13:20:45.202465",
  "metrics": {
    "final_compliance": 532.8659346211866,
    "topology_sparsity": 0.6333333333333333,
    "grey_ratio": 0.79375,
    "convergence_step": 5,
    "wall_time_s": 0.26528096199035645,
    "n_params": 755297,
    "n_steps": 5
  },
  "loss_history": [
    1304.8314310090568,
    1120.971901608163,
    694.5809383139189,
    611.0659166161388,
    532.8659346211866
  ],
  "final_density": [
    [
      0.8631813526153564,
      0.8034180402755737,
      0.8204521536827087,
      0.7910116910934448,
      0.8132356405258179,
      0.79190593957901,
      0.8136913776397705,
      0.7766334414482117,
      0.7964158654212952,
      0.789863646030426,
      0.8160494565963745,
      0.7701127529144287,
      0.8150533437728882,
      0.8051227927207947,
      0.822472870349884,
      0.7825881838798523,
      0.7956582903862,
      0.7761420607566833,
      0.8135477304458618,
      0.6673608422279358,
      0.7849587798118591,
      0.7618192434310913,
      0.7954069375991821,
      0.7028570175170898,
      0.7282559871673584,
      0.7140622735023499,
      0.7859878540039062,
      0.5952840447425842,
      0.7549182176589966,
      0.7265368700027466,
      0.7684226036071777,
      0.6524717807769775,
      0.6912435293197632,
      0.6928989291191101,
      0.768384575843811,
      0.6417064070701599,
      0.7520090341567993,
      0.7280458807945251,
      0.77830570936203,
      0.7501353025436401
    ],
    [
      0.8388840556144714,
      0.7701491713523865,
      0.736935019493103,
      0.7787809371948242,
      0.756210446357727,
      0.7541927099227905,
      0.7184677124023438,
      0.7692254185676575,
      0.7501745820045471,
      0.759955108165741,
      0.7057535648345947,
      0.7766188979148865,
      0.7431804537773132,
      0.7567235827445984,
      0.70843505859375,
      0.7818799018859863,
      0.7512953281402588,
      0.7369160056114197,
      0.5578276515007019,
      0.733211874961853,
      0.6327419877052307,
      0.6785024404525757,
      0.5300142765045166,
      0.7280642986297607,
      0.6333261132240295,
      0.6726838946342468,
      0.4075542688369751,
      0.6872581243515015,
      0.5526151061058044,
      0.6298718452453613,
      0.43706801533699036,
      0.6890367865562439,
      0.5861916542053223,
      0.6500161290168762,
      0.39900529384613037,
      0.6864696741104126,
      0.5746138095855713,
      0.6375961303710938,
      0.5111867189407349,
      0.7340735793113708
    ],
    [
      0.8215595483779907,
      0.6912729144096375,
      0.7232406735420227,
      0.6700564026832581,
      0.7297035455703735,
      0.6953721046447754,
      0.7239087224006653,
      0.6690765619277954,
      0.7073897123336792,
      0.6767553687095642,
      0.7133125066757202,
      0.6286437511444092,
      0.7310075163841248,
      0.7043072581291199,
      0.7470072507858276,
      0.7019076943397522,
      0.7321569919586182,
      0.6347682476043701,
      0.6960594654083252,
      0.5203753113746643,
      0.6870638728141785,
      0.612342357635498,
      0.6956170797348022,
      0.6354925036430359,
      0.6815471649169922,
      0.5801998376846313,
      0.6555243730545044,
      0.4928657114505768,
      0.6267021894454956,
      0.5619500875473022,
      0.6446376442909241,
      0.601132869720459,
      0.654150128364563,
      0.584607720375061,
      0.6384345889091492,
      0.497249960899353,
      0.6010844111442566,
      0.5808490514755249,
      0.6405982375144958,
      0.653891921043396
    ],
    [
      0.7678541541099548,
      0.5743860602378845,
      0.33669841289520264,
      0.5259166359901428,
      0.4501100778579712,
      0.5741026997566223,
      0.42857879400253296,
      0.5384321212768555,
      0.4433627724647522,
      0.48977914452552795,
      0.20590396225452423,
      0.4820840656757355,
      0.3708534240722656,
      0.5096154808998108,
      0.3277153968811035,
      0.49146801233291626,
      0.362644225358963,
      0.46378421783447266,
      0.06537511199712753,
      0.41858357191085815,
      0.2530873119831085,
      0.46401479840278625,
      0.16559743881225586,
      0.4585365951061249,
      0.2646835446357727,
      0.4351678192615509,
      0.027571745216846466,
      0.3938801884651184,
      0.20551073551177979,
      0.45335426926612854,
      0.1576566994190216,
      0.45935073494911194,
      0.26266539096832275,
      0.4415299594402313,
      0.052701011300086975,
      0.42838314175605774,
      0.25661754608154297,
      0.4855842590332031,
      0.3461720943450928,
      0.6551564931869507
    ],
    [
      0.7157877683639526,
      0.35098695755004883,
      0.4995681345462799,
      0.2511388957500458,
      0.39684829115867615,
      0.3903084099292755,
      0.5092869400978088,
      0.30344924330711365,
      0.36252206563949585,
      0.23236404359340668,
      0.4530907869338989,
      0.14826631546020508,
      0.34411460161209106,
      0.30306023359298706,
      0.5017387866973877,
      0.2159884124994278,
      0.28121063113212585,
      0.10513514280319214,
      0.42471006512641907,
      0.03497711941599846,
      0.2280438095331192,
      0.16055966913700104,
      0.42525607347488403,
      0.10204332321882248,
      0.17491291463375092,
      0.04014875367283821,
      0.38968563079833984,
      0.017678463831543922,
      0.18206855654716492,
      0.13707232475280762,
      0.3905292749404907,
      0.10639560222625732,
      0.17944110929965973,
      0.05257295444607735,
      0.3855366110801697,
      0.047934532165527344,
      0.2325356900691986,
      0.2328709363937378,
      0.43591007590293884,
      0.4029535949230194
    ],
    [
      0.8058810234069824,
      0.7047889232635498,
      0.4455009400844574,
      0.6963417530059814,
      0.6047506928443909,
      0.6953850984573364,
      0.5029643177986145,
      0.6935375332832336,
      0.5323391556739807,
      0.6241005659103394,
      0.2633344233036041,
      0.6675274968147278,
      0.5013238787651062,
      0.6613219976425171,
      0.37128832936286926,
      0.6437591314315796,
      0.3971058130264282,
      0.6019235849380493,
      0.1002017930150032,
      0.652744710445404,
      0.3629705607891083,
      0.6074159145355225,
      0.17886552214622498,
      0.5798776745796204,
      0.27345141768455505,
      0.6025996804237366,
      0.0409834049642086,
      0.6447888612747192,
      0.3189367353916168,
      0.6040104031562805,
      0.17138591408729553,
      0.5744028687477112,
      0.27126097679138184,
      0.5924133658409119,
      0.06034614145755768,
      0.6075708270072937,
      0.35927459597587585,
      0.577721118927002,
      0.3047422468662262,
      0.6980675458908081
    ],
    [
      0.802679181098938,
      0.6346549391746521,
      0.7048205733299255,
      0.5975503921508789,
      0.6855584383010864,
      0.6748759150505066,
      0.7312761545181274,
      0.6627810001373291,
      0.6671655774116516,
      0.6041477918624878,
      0.7032715678215027,
      0.5657809376716614,
      0.671755850315094,
      0.6643542051315308,
      0.757134199142456,
      0.6503667235374451,
      0.6286324858665466,
      0.5570324063301086,
      0.7149502038955688,
      0.5161911845207214,
      0.5860604643821716,
      0.5936429500579834,
      0.7134953141212463,
      0.5980030298233032,
      0.5676372647285461,
      0.5284713506698608,
      0.7139225602149963,
      0.4995570480823517,
      0.5582132935523987,
      0.5617092847824097,
      0.6805471777915955,
      0.587651789188385,
      0.563822329044342,
      0.5184051990509033,
      0.6635302305221558,
      0.49818888306617737,
      0.5451817512512207,
      0.583257794380188,
      0.6755386590957642,
      0.6931052803993225
    ],
    [
      0.7717663645744324,
      0.6017284989356995,
