{
  "run_id": "20260305_132401",
  "condition": "I",
  "problem": "causeway_bridge",
  "timestamp": "2026-03-05T13:24:01.761348",
  "metrics": {
    "final_compliance": 404.21027733706774,
    "topology_sparsity": 0.51875,
    "grey_ratio": 0.7145833333333333,
    "convergence_step": 5,
    "wall_time_s": 1.2087490558624268,
    "n_params": 948833,
    "n_steps": 5
  },
  "loss_history": [
    742.300993372239,
    572.489883443172,
    492.29251423861825,
    445.11105173672445,
    404.21027733706774
  ],
  "final_density": [
    [
      0.9671451449394226,
      0.9591778516769409,
      0.9596282839775085,
      0.966182291507721,
      0.9573253989219666,
      0.94830322265625,
      0.9572410583496094,
      0.955704927444458,
      0.945385217666626,
      0.9471768140792847,
      0.9529333114624023,
      0.9508774876594543,
      0.9394726753234863,
      0.9210799932479858,
      0.9050347805023193,
      0.9346769452095032,
      0.9441578388214111,
      0.9472014307975769,
      0.9390756487846375,
      0.9084845185279846,
      0.9389209747314453,
      0.9487822651863098,
      0.9487267732620239,
      0.8996158242225647,
      0.8805356621742249,
      0.8547218441963196,
      0.8664520978927612,
      0.8976756930351257,
      0.9338178634643555,
      0.8827722072601318,
      0.8601974844932556,
      0.7799788117408752,
      0.7653515934944153,
      0.6503589153289795,
      0.6613284349441528,
      0.6998161673545837,
      0.7816184759140015,
      0.7646287083625793,
      0.7497987747192383,
      0.8287138342857361
    ],
    [
      0.9452009201049805,
      0.9392138123512268,
      0.9318463802337646,
      0.9460721611976624,
      0.9256156086921692,
      0.8813135623931885,
      0.8968565464019775,
      0.9333892464637756,
      0.9255994558334351,
      0.8849384784698486,
      0.9041110277175903,
      0.9137586951255798,
      0.8587521910667419,
      0.834052324295044,
      0.7755550146102905,
      0.8435709476470947,
      0.8430123925209045,
      0.8816789388656616,
      0.8979892730712891,
      0.8596259951591492,
      0.8692201375961304,
      0.8643226027488708,
      0.8312404751777649,
      0.7452261447906494,
      0.7223811149597168,
      0.7346792817115784,
      0.7334310412406921,
      0.8016946315765381,
      0.846136748790741,
      0.7499067783355713,
      0.6653096079826355,
      0.5408661961555481,
      0.45227178931236267,
      0.3393196165561676,
      0.32433098554611206,
      0.3222135007381439,
      0.4472843110561371,
      0.42162588238716125,
      0.45600199699401855,
      0.588343620300293
    ],
    [
      0.8577859401702881,
      0.7527743577957153,
      0.6876710653305054,
      0.6093803644180298,
      0.547072172164917,
      0.47940391302108765,
      0.6528311967849731,
      0.69123375415802,
      0.799617350101471,
      0.7661532163619995,
      0.8179985880851746,
      0.8192598223686218,
      0.7939317226409912,
      0.6992473602294922,
      0.6530092358589172,
      0.5639088749885559,
      0.6307100653648376,
      0.6307965517044067,
      0.6217679977416992,
      0.4454515278339386,
      0.4453514516353607,
      0.5370578765869141,
      0.6234480142593384,
      0.6006825566291809,
      0.5223329067230225,
      0.5186805725097656,
      0.5597020387649536,
      0.5903707146644592,
      0.6514496803283691,
      0.6122941970825195,
      0.5937963724136353,
      0.44105273485183716,
      0.33745625615119934,
      0.25008028745651245,
      0.36433351039886475,
      0.2893986701965332,
      0.3914847671985626,
      0.3040392994880676,
      0.3160550892353058,
      0.6085801720619202
    ],
    [
      0.7263078689575195,
      0.5235750675201416,
      0.34531059861183167,
      0.3634660243988037,
      0.17399060726165771,
      0.2643638253211975,
      0.32821524143218994,
      0.35004013776779175,
      0.34281009435653687,
      0.380702942609787,
      0.4130302965641022,
      0.5241771340370178,
      0.5079047083854675,
      0.48406437039375305,
      0.48723024129867554,
      0.45348209142684937,
      0.5133762955665588,
      0.44656312465667725,
      0.3900531530380249,
      0.3074750304222107,
      0.15013699233531952,
      0.23242294788360596,
      0.26672038435935974,
      0.32319948077201843,
      0.3661275804042816,
      0.4714466631412506,
      0.468397319316864,
      0.48615774512290955,
      0.4061116874217987,
      0.43280985951423645,
      0.4210216999053955,
      0.4497237801551819,
      0.38522258400917053,
      0.3046795427799225,
      0.22458943724632263,
      0.23361064493656158,
      0.1700563281774521,
      0.33984050154685974,
      0.2765335142612457,
      0.5938073396682739
    ],
    [
      0.6302424073219299,
      0.37690794467926025,
      0.35717886686325073,
      0.2670980989933014,
      0.2301325798034668,
      0.22838297486305237,
      0.2373645156621933,
      0.2015044242143631,
      0.2595060467720032,
      0.20645201206207275,
      0.28471314907073975,
      0.3348098397254944,
      0.3997346758842468,
      0.41855287551879883,
      0.4653743803501129,
      0.4860050082206726,
      0.4746854901313782,
      0.3745502829551697,
      0.3528994619846344,
      0.14394685626029968,
      0.230156809091568,
      0.12520413100719452,
      0.1975518763065338,
      0.23424093425273895,
      0.35540372133255005,
      0.3658677339553833,
      0.3865935206413269,
      0.419462651014328,
      0.48861825466156006,
      0.4154534637928009,
      0.37958094477653503,
      0.3624057173728943,
      0.4779973030090332,
      0.36119315028190613,
      0.35067296028137207,
      0.27482709288597107,
      0.28324443101882935,
      0.29228875041007996,
      0.40858566761016846,
      0.7072498202323914
    ],
    [
      0.7900270223617554,
      0.5496293306350708,
      0.4324140250682831,
      0.40351149439811707,
      0.3445051610469818,
      0.3602963089942932,
      0.3428291380405426,
      0.3366609215736389,
      0.19296154379844666,
      0.14498376846313477,
      0.26072442531585693,
      0.30571532249450684,
      0.4143098294734955,
      0.45598721504211426,
      0.5066823363304138,
      0.6750803589820862,
      0.722126841545105,
      0.5773316025733948,
      0.45510637760162354,
      0.3364010453224182,
      0.23257556557655334,
      0.2644985616207123,
      0.15652543306350708,
      0.37764930725097656,
      0.3200072646141052,
      0.4696057140827179,
      0.48480018973350525,
      0.5201062560081482,
      0.4955671429634094,
      0.6159117817878723,
      0.575191080570221,
      0.5916521549224854,
      0.49899226427078247,
      0.4320704936981201,
      0.31087708473205566,
      0.4861530661582947,
      0.37941795587539673,
      0.4279959797859192,
      0.498052179813385,
      0.7976996302604675
    ],
    [
      0.7801071405410767,
      0.48310387134552,
      0.41466423869132996,
      0.22802244126796722,
      0.2720756530761719,
      0.2117217779159546,
      0.3796229362487793,
      0.29305779933929443,
      0.23516839742660522,
      0.2657025456428528,
      0.31389760971069336,
      0.28993120789527893,
      0.3680410385131836,
      0.4966192841529846,
      0.5190098881721497,
      0.5553246736526489,
      0.6318536400794983,
      0.5601325035095215,
      0.5937909483909607,
      0.5784759521484375,
      0.4743894636631012,
      0.28007328510284424,
      0.295173704624176,
      0.23203733563423157,
      0.3272842764854431,
      0.377811998128891,
      0.40678784251213074,
      0.518765389919281,
      0.48583972454071045,
      0.4715811014175415,
      0.46162718534469604,
      0.4285023808479309,
      0.4324181079864502,
      0.49628639221191406,
      0.5326690077781677,
      0.4620828628540039,
      0.5027346611022949,
      0.525940477848053,
      0.6561004519462585,
      0.8890599012374878
    ],
    [
      0.6092906594276428,
