{
  "run_id": "20260305_132039",
  "condition": "G",
  "problem": "multistory_building",
  "timestamp": "2026-03-05T13:20:39.459785",
  "metrics": {
    "final_compliance": 1364.4497671912866,
    "topology_sparsity": 0.0,
    "grey_ratio": 1.0,
    "convergence_step": 1,
    "wall_time_s": 0.8712241649627686,
    "n_params": 16705,
    "n_steps": 5
  },
  "loss_history": [
    1376.8512061816416,
    1374.930535004241,
    1372.371478545863,
    1369.812223310721,
    1364.4497671912866
  ],
  "final_density": [
    [
      0.4947076439857483,
      0.4947136342525482,
      0.49475985765457153,
      0.4947882890701294,
      0.4949553906917572,
      0.4950898289680481,
      0.4951727092266083,
      0.4952322840690613,
      0.49537238478660583,
      0.4956386089324951,
      0.49586108326911926,
      0.49604809284210205,
      0.49632564187049866,
      0.49632176756858826,
      0.4962084889411926,
      0.496133416891098,
      0.4959045350551605,
      0.4954972565174103,
      0.49512454867362976,
      0.49488264322280884,
      0.49463745951652527,
      0.4944636821746826,
      0.4942639470100403,
      0.49367234110832214,
      0.49315348267555237,
      0.4928971529006958,
      0.4931110441684723,
      0.49301815032958984,
      0.4929031431674957,
      0.49272027611732483,
      0.49259164929389954,
      0.4926665723323822,
      0.4928534924983978,
      0.4931573271751404,
      0.4934418499469757,
      0.49363794922828674,
      0.4937225580215454,
      0.4936319589614868,
      0.4936167597770691,
      0.4935658574104309
    ],
    [
      0.4956970512866974,
      0.49540969729423523,
      0.4952331781387329,
      0.49519187211990356,
      0.4952473044395447,
      0.4951411485671997,
      0.49490511417388916,
      0.4947512149810791,
      0.4946964979171753,
      0.49485257267951965,
      0.4950096607208252,
      0.4952346980571747,
      0.4953937828540802,
      0.4954148530960083,
      0.4954003393650055,
      0.49526551365852356,
      0.49505722522735596,
      0.4947461485862732,
      0.4943922758102417,
      0.4939686954021454,
      0.49356332421302795,
      0.49337252974510193,
      0.4934859573841095,
      0.49350401759147644,
      0.49314403533935547,
      0.49270349740982056,
      0.49236559867858887,
      0.49222391843795776,
      0.4923214912414551,
      0.49247097969055176,
      0.49271008372306824,
      0.4930577278137207,
      0.4932417571544647,
      0.493457168340683,
      0.4935496747493744,
      0.49372389912605286,
      0.4939914345741272,
      0.49406126141548157,
      0.4939899742603302,
      0.49391937255859375
    ],
    [
      0.4960610568523407,
      0.49591168761253357,
      0.4957848787307739,
      0.4955468475818634,
      0.49491143226623535,
      0.49417924880981445,
      0.4935723841190338,
      0.4930623471736908,
      0.49242478609085083,
      0.49227797985076904,
      0.49258995056152344,
      0.49271783232688904,
      0.4930276870727539,
      0.49327343702316284,
      0.4932895004749298,
      0.4933120608329773,
      0.49316728115081787,
      0.49297335743904114,
      0.4927326738834381,
      0.49261876940727234,
      0.4925296902656555,
      0.49231231212615967,
      0.49213093519210815,
      0.4922412633895874,
      0.49244582653045654,
      0.49262404441833496,
      0.4927792549133301,
      0.49300578236579895,
      0.4932526648044586,
      0.49345868825912476,
      0.4935159385204315,
      0.4933214783668518,
      0.4931936264038086,
      0.4933539032936096,
      0.4935644865036011,
      0.4937874972820282,
      0.4941399097442627,
      0.4943355917930603,
      0.49457433819770813,
      0.494876503944397
    ],
    [
      0.49653998017311096,
      0.49641355872154236,
      0.4961036741733551,
      0.4957732856273651,
      0.4956277012825012,
      0.4957500398159027,
      0.4951682686805725,
      0.49459773302078247,
      0.4937170445919037,
      0.4932085871696472,
      0.4927106201648712,
      0.4925121068954468,
      0.49247729778289795,
      0.49273937940597534,
      0.4928760230541229,
      0.4928930103778839,
      0.4928615391254425,
      0.4928959608078003,
      0.4930053949356079,
      0.49292486906051636,
      0.49275872111320496,
      0.4924892485141754,
      0.492296427488327,
      0.49231937527656555,
      0.49248799681663513,
      0.49285808205604553,
      0.49332723021507263,
      0.4936363399028778,
      0.4937834143638611,
      0.49388736486434937,
      0.4940904378890991,
      0.4943649470806122,
      0.4943183362483978,
      0.4939284920692444,
      0.49365493655204773,
      0.4939297139644623,
      0.49418962001800537,
      0.4945395886898041,
      0.4947870671749115,
      0.4947926700115204
    ],
    [
      0.49653586745262146,
      0.4964631497859955,
      0.4960511028766632,
      0.4955461919307709,
      0.49525487422943115,
      0.4951131045818329,
      0.49509397149086,
      0.495042622089386,
      0.49483633041381836,
      0.4944654405117035,
      0.4940279722213745,
      0.49394094944000244,
      0.49401068687438965,
      0.49404630064964294,
      0.4938684105873108,
      0.4938294589519501,
      0.4937979578971863,
      0.4937671422958374,
      0.4936377704143524,
      0.493619829416275,
      0.49360188841819763,
      0.4936656653881073,
      0.49362117052078247,
      0.4937632977962494,
      0.4938698709011078,
      0.49416428804397583,
      0.4946778118610382,
      0.4952946901321411,
      0.4955766499042511,
      0.4955502450466156,
      0.49538758397102356,
      0.4951494336128235,
      0.49506354331970215,
      0.4947557747364044,
      0.4944702088832855,
      0.4942169487476349,
      0.4940066337585449,
      0.4941045641899109,
      0.49441733956336975,
      0.4943488836288452
    ],
    [
      0.4957556426525116,
      0.4957718849182129,
      0.495882123708725,
      0.49593260884284973,
      0.495930552482605,
      0.4958898723125458,
      0.49587950110435486,
      0.4959231913089752,
      0.49577710032463074,
      0.4953954815864563,
      0.4950019419193268,
      0.4947269558906555,
      0.4946162700653076,
      0.49468377232551575,
      0.49468857049942017,
      0.4944766163825989,
      0.49448472261428833,
      0.4946751296520233,
      0.49482932686805725,
      0.494999498128891,
      0.49525344371795654,
      0.49564164876937866,
      0.49608132243156433,
      0.49628856778144836,
      0.4960193634033203,
      0.49596187472343445,
      0.49602311849594116,
      0.4961563050746918,
      0.49633467197418213,
      0.49641045928001404,
      0.4966399371623993,
      0.49675285816192627,
      0.4966491162776947,
      0.49644535779953003,
      0.4961349368095398,
      0.49568307399749756,
      0.4953462779521942,
      0.49497297406196594,
      0.49447113275527954,
      0.494042307138443
    ],
    [
      0.4959435760974884,
      0.4959224760532379,
      0.49599403142929077,
      0.49614468216896057,
      0.49633750319480896,
      0.4965115189552307,
      0.49640700221061707,
      0.4959567189216614,
      0.49524420499801636,
      0.49486738443374634,
      0.49459177255630493,
      0.4943867623806,
      0.4942907989025116,
      0.49441343545913696,
      0.4946037530899048,
      0.4948018789291382,
      0.4947740435600281,
      0.49477654695510864,
      0.4950162172317505,
      0.4953486919403076,
      0.4957575798034668,
      0.4960964620113373,
      0.49632564187049866,
      0.4964808523654938,
      0.4964688718318939,
      0.49650728702545166,
      0.496625691652298,
      0.49669933319091797,
      0.4966706335544586,
      0.49647122621536255,
      0.49642783403396606,
      0.4964868426322937,
      0.4963231682777405,
      0.49606606364250183,
      0.49591919779777527,
      0.4957606792449951,
      0.49512699246406555,
      0.4943769574165344,
      0.4938105046749115,
      0.4937784671783447
    ],
    [
