{
  "run_id": "20260305_132044",
  "condition": "I",
  "problem": "causeway_bridge",
  "timestamp": "2026-03-05T13:20:44.073821",
  "metrics": {
    "final_compliance": 333.6714900475831,
    "topology_sparsity": 0.5875,
    "grey_ratio": 0.6791666666666667,
    "convergence_step": 4,
    "wall_time_s": 0.3010518550872803,
    "n_params": 948833,
    "n_steps": 5
  },
  "loss_history": [
    539.7671371741919,
    448.2686395535127,
    395.1897556187366,
    360.34751638155626,
    333.6714900475831
  ],
  "final_density": [
    [
      0.9834293127059937,
      0.9860219955444336,
      0.983357310295105,
      0.9871025681495667,
      0.982276976108551,
      0.9817149639129639,
      0.9711034297943115,
      0.9693286418914795,
      0.9645248055458069,
      0.9639195203781128,
      0.9664507508277893,
      0.9669062495231628,
      0.9558048844337463,
      0.9358404278755188,
      0.9320833086967468,
      0.9514530897140503,
      0.9524802565574646,
      0.9661732316017151,
      0.9526106119155884,
      0.9575653076171875,
      0.9484342932701111,
      0.9596736431121826,
      0.9593448042869568,
      0.9449102282524109,
      0.9150758981704712,
      0.8958765268325806,
      0.8756165504455566,
      0.9291707873344421,
      0.9298914074897766,
      0.9208205342292786,
      0.8601537942886353,
      0.8125936388969421,
      0.7562832236289978,
      0.669867217540741,
      0.6672925353050232,
      0.6932279467582703,
      0.8222271203994751,
      0.7656111121177673,
      0.7734667658805847,
      0.8199077844619751
    ],
    [
      0.9777814745903015,
      0.9670186042785645,
      0.9850659370422363,
      0.982803225517273,
      0.9800758361816406,
      0.9763308167457581,
      0.9815759658813477,
      0.972976803779602,
      0.9653961658477783,
      0.9529533386230469,
      0.9461754560470581,
      0.9423699378967285,
      0.9307862520217896,
      0.9073906540870667,
      0.806651771068573,
      0.8560773134231567,
      0.8757845759391785,
      0.9193077683448792,
      0.9030964374542236,
      0.8833880424499512,
      0.8943282961845398,
      0.9076406955718994,
      0.8573828339576721,
      0.7990115284919739,
      0.6918931007385254,
      0.6412222385406494,
      0.5835897922515869,
      0.715489387512207,
      0.7818886637687683,
      0.7324934601783752,
      0.6241613626480103,
      0.5173691511154175,
      0.4489854872226715,
      0.30087316036224365,
      0.330243319272995,
      0.37001699209213257,
      0.44275206327438354,
      0.4228101670742035,
      0.34124600887298584,
      0.46245846152305603
    ],
    [
      0.8876010775566101,
      0.8317724466323853,
      0.8298543691635132,
      0.844954788684845,
      0.8130517601966858,
      0.7820342779159546,
      0.8083321452140808,
      0.880659282207489,
      0.849021315574646,
      0.8585461378097534,
      0.8592566251754761,
      0.8762918710708618,
      0.8247480392456055,
      0.8239765763282776,
      0.6685552000999451,
      0.6678491830825806,
      0.5878610610961914,
      0.6382719874382019,
      0.5885034799575806,
      0.6052516102790833,
      0.5980474948883057,
      0.6702911853790283,
      0.577126145362854,
      0.5757896304130554,
      0.5643717050552368,
      0.5509617328643799,
      0.5145092606544495,
      0.5601539015769958,
      0.5472867488861084,
      0.5308270454406738,
      0.5028395652770996,
      0.5053881406784058,
      0.45934510231018066,
      0.41390541195869446,
      0.3759136497974396,
      0.364670991897583,
      0.39031779766082764,
      0.3685019612312317,
      0.424379825592041,
      0.46832209825515747
    ],
    [
      0.6170703172683716,
      0.4215042293071747,
      0.4942588210105896,
      0.3665824830532074,
      0.3938283622264862,
      0.3235360085964203,
      0.3852890729904175,
      0.4811038672924042,
      0.4657387435436249,
      0.40723884105682373,
      0.45139825344085693,
      0.6391777396202087,
      0.517357349395752,
      0.6373625993728638,
      0.4777032136917114,
      0.4470555782318115,
      0.40543800592422485,
      0.4258226752281189,
      0.3508131802082062,
      0.277118057012558,
      0.3060397207736969,
      0.2652060389518738,
      0.36533355712890625,
      0.41482844948768616,
      0.45193159580230713,
      0.458728164434433,
      0.42068666219711304,
      0.4669910967350006,
      0.459310382604599,
      0.4250495433807373,
      0.3983386158943176,
      0.4238893687725067,
      0.40090104937553406,
      0.46781256794929504,
      0.35130074620246887,
      0.36128708720207214,
      0.3935772478580475,
      0.29984742403030396,
      0.32344016432762146,
      0.5227950215339661
    ],
    [
      0.5516461133956909,
      0.35793280601501465,
      0.33920732140541077,
      0.32312893867492676,
      0.400829017162323,
      0.4091876447200775,
      0.40096813440322876,
      0.29006990790367126,
      0.2497846782207489,
      0.2147717922925949,
      0.24236585199832916,
      0.31178635358810425,
      0.38919371366500854,
      0.515337347984314,
      0.48452621698379517,
      0.5123781561851501,
      0.4755403697490692,
      0.3698435425758362,
      0.343046098947525,
      0.23552629351615906,
      0.1914583146572113,
      0.2592529356479645,
      0.2785772383213043,
      0.367775559425354,
      0.4118364155292511,
      0.42889833450317383,
      0.44884127378463745,
      0.40268704295158386,
      0.4844030439853668,
      0.45568612217903137,
      0.42081984877586365,
      0.4193646311759949,
      0.4491700232028961,
      0.4213951528072357,
      0.42534321546554565,
      0.3618277907371521,
      0.4432094693183899,
      0.40451666712760925,
      0.4205172657966614,
      0.5595919489860535
    ],
    [
      0.7618350386619568,
      0.46223512291908264,
      0.4629162847995758,
      0.4348876178264618,
      0.595671534538269,
      0.7557927966117859,
      0.7424752712249756,
      0.4979456067085266,
      0.39217036962509155,
      0.30600839853286743,
      0.3108983039855957,
      0.3618691861629486,
      0.4527325928211212,
      0.6787334680557251,
      0.6798804998397827,
      0.7688192129135132,
      0.7857027649879456,
      0.682174026966095,
      0.5386952757835388,
      0.4898619055747986,
      0.3530491888523102,
      0.33106330037117004,
      0.34730064868927,
      0.47547447681427,
      0.5649157166481018,
      0.5709540247917175,
      0.60077965259552,
      0.6142109036445618,
      0.7621833682060242,
      0.7379918098449707,
      0.6070282459259033,
      0.5775045156478882,
      0.6241536736488342,
      0.5735849142074585,
      0.5823959112167358,
      0.5610271692276001,
      0.5869412422180176,
      0.6628161072731018,
      0.5075985193252563,
      0.7538663148880005
    ],
    [
      0.6645538806915283,
      0.46973687410354614,
      0.4179798364639282,
      0.3637191951274872,
      0.38122114539146423,
      0.5107883810997009,
      0.5627149939537048,
      0.5106724500656128,
      0.5105068683624268,
      0.4330477714538574,
      0.43533095717430115,
      0.45638230443000793,
      0.5226485133171082,
      0.48850148916244507,
      0.514207661151886,
      0.5956472158432007,
      0.5990923047065735,
      0.6099463701248169,
      0.6293250322341919,
      0.5732993483543396,
      0.5124431848526001,
      0.31669700145721436,
      0.3006976842880249,
      0.4432644546031952,
      0.43965405225753784,
      0.5196510553359985,
      0.5127930045127869,
      0.5345814824104309,
      0.6252465844154358,
      0.5757052302360535,
      0.5174341201782227,
      0.43585720658302307,
      0.49909529089927673,
      0.4471345841884613,
      0.5829859375953674,
      0.6051574349403381,
      0.5867679119110107,
      0.5931314826011658,
      0.6237429976463318,
      0.8091680407524109
    ],
    [
      0.5070838332176208,
      0.3085923492908478,
