{
  "run_id": "20260305_132027",
  "condition": "B",
  "problem": "causeway_bridge",
  "timestamp": "2026-03-05T13:20:27.648501",
  "metrics": {
    "final_compliance": 2280.896621490352,
    "topology_sparsity": 0.0,
    "grey_ratio": 1.0,
    "convergence_step": 2,
    "wall_time_s": 0.08996200561523438,
    "n_params": 480,
    "n_steps": 5
  },
  "loss_history": [
    2525.053609495882,
    2468.0096715114987,
    2405.39460520656,
    2343.1075544401747,
    2280.896621490352
  ],
  "final_density": [
    [
      0.4000000059604645,
      0.4297090470790863,
      0.43939027190208435,
      0.4218880534172058,
      0.43938711285591125,
      0.4393843114376068,
      0.41072314977645874,
      0.4000000059604645,
      0.4218880534172058,
      0.4000000059604645,
      0.4207795560359955,
      0.4297090470790863,
      0.4185706079006195,
      0.41072314977645874,
      0.4054549038410187,
      0.41072314977645874,
      0.41604378819465637,
      0.41604378819465637,
      0.41604378819465637,
      0.4218880534172058,
      0.42270147800445557,
      0.4218880534172058,
      0.4000000059604645,
      0.4218880534172058,
      0.4218880534172058,
      0.42687103152275085,
      0.4218880534172058,
      0.4297090172767639,
      0.4297090172767639,
      0.41072314977645874,
      0.4000000059604645,
      0.43242204189300537,
      0.4268627464771271,
      0.41604378819465637,
      0.4000000059604645,
      0.42880770564079285,
      0.4000000059604645,
      0.4000000059604645,
      0.4000000059604645,
      0.4000000059604645
    ],
    [
      0.4000000059604645,
      0.4000000059604645,
      0.4000000059604645,
      0.4054549038410187,
      0.4000000059604645,
      0.4000000059604645,
      0.4297090172767639,
      0.41072314977645874,
      0.4054549038410187,
      0.41604378819465637,
      0.4054549038410187,
      0.4207788109779358,
      0.4000000059604645,
      0.41604378819465637,
      0.4000000059604645,
      0.4000000059604645,
      0.41604378819465637,
      0.4000000059604645,
      0.4000000059604645,
      0.4054549038410187,
      0.4268614649772644,
      0.4268645644187927,
      0.4000000059604645,
      0.43243131041526794,
      0.4000000059604645,
      0.41072314977645874,
      0.4000000059604645,
      0.4297090470790863,
      0.4000000059604645,
      0.41072314977645874,
      0.4000000059604645,
      0.4433596432209015,
      0.4054549038410187,
      0.4054549038410187,
      0.41604378819465637,
      0.4226907789707184,
      0.41072314977645874,
      0.41604378819465637,
      0.4054549038410187,
      0.41072314977645874
    ],
    [
      0.41604378819465637,
      0.4297090172767639,
      0.4000000059604645,
      0.4000000059604645,
      0.4000000059604645,
      0.4218880534172058,
      0.4297090172767639,
      0.4000000059604645,
      0.43939611315727234,
      0.4000000059604645,
      0.4371870458126068,
      0.4218880534172058,
      0.445075124502182,
      0.4268781840801239,
      0.4297090470790863,
      0.4000000059604645,
      0.4054549038410187,
      0.41072314977645874,
      0.4000000059604645,
      0.41604378819465637,
      0.4218880534172058,
      0.4000000059604645,
      0.4054549038410187,
      0.41604378819465637,
      0.4218880534172058,
      0.41604378819465637,
      0.41072314977645874,
      0.41604378819465637,
      0.41604378819465637,
      0.4393828213214874,
      0.4324217140674591,
      0.4000000059604645,
      0.4218880534172058,
      0.41604378819465637,
      0.4414834976196289,
      0.4218880534172058,
      0.42898043990135193,
      0.41604378819465637,
      0.41072314977645874,
      0.41072314977645874
    ],
    [
      0.4218880534172058,
      0.4207853376865387,
      0.4297090172767639,
      0.4000000059604645,
      0.4000000059604645,
      0.4289756715297699,
      0.44333237409591675,
      0.4000000059604645,
      0.4218880534172058,
      0.4289822578430176,
      0.4054549038410187,
      0.4054549038410187,
      0.4297090172767639,
      0.4000000059604645,
      0.4000000059604645,
      0.4000000059604645,
      0.41072314977645874,
      0.4000000059604645,
      0.4218880534172058,
      0.4297090470790863,
      0.4000000059604645,
      0.4054549038410187,
      0.4000000059604645,
      0.4000000059604645,
      0.4245111346244812,
      0.41072314977645874,
      0.4000000059604645,
      0.4309837818145752,
      0.4297090172767639,
      0.41604378819465637,
      0.4218880534172058,
      0.4218880534172058,
      0.4245184659957886,
      0.4218880534172058,
      0.41604378819465637,
      0.4297090470790863,
      0.41072314977645874,
      0.4054549038410187,
      0.4000000059604645,
      0.4000000059604645
    ],
    [
      0.42884281277656555,
      0.4000000059604645,
      0.41858866810798645,
      0.4000000059604645,
      0.41604378819465637,
      0.4348782002925873,
      0.4393827021121979,
      0.4000000059604645,
      0.4297090172767639,
      0.4218880534172058,
      0.4245160222053528,
      0.4000000059604645,
      0.4218880534172058,
      0.41604378819465637,
      0.42899346351623535,
      0.41604378819465637,
      0.41604378819465637,
      0.4000000059604645,
      0.43244510889053345,
      0.4297090470790863,
      0.4297090470790863,
      0.4297090172767639,
      0.4000000059604645,
      0.43242353200912476,
      0.4000000059604645,
      0.41072314977645874,
      0.42078083753585815,
      0.41604378819465637,
      0.4000000059604645,
      0.4000000059604645,
      0.4000000059604645,
      0.41072314977645874,
      0.4185766577720642,
      0.4207828938961029,
      0.41604378819465637,
      0.4218880534172058,
      0.4000000059604645,
      0.4218880534172058,
      0.4000000059604645,
      0.4218880534172058
    ],
    [
      0.41604378819465637,
      0.4393863081932068,
      0.4054549038410187,
      0.4000000059604645,
      0.4000000059604645,
      0.4054549038410187,
      0.4185750484466553,
      0.4054549038410187,
      0.43689653277397156,
      0.4218880236148834,
      0.4268698990345001,
      0.41604378819465637,
      0.41072314977645874,
      0.4054549038410187,
      0.4000000059604645,
      0.4131334722042084,
      0.4207878112792969,
      0.418581485748291,
      0.4297090172767639,
      0.4000000059604645,
      0.4000000059604645,
      0.4324188232421875,
      0.4218880534172058,
      0.4000000059604645,
      0.4054549038410187,
      0.44337883591651917,
      0.4000000059604645,
      0.4297090470790863,
      0.4000000059604645,
      0.43718263506889343,
      0.41072314977645874,
      0.4000000059604645,
      0.4000000059604645,
      0.4054549038410187,
      0.4218880534172058,
      0.4000000059604645,
      0.4000000059604645,
      0.4327599108219147,
      0.4371795952320099,
      0.4000000059604645
    ],
    [
      0.42897218465805054,
      0.4000000059604645,
      0.4000000059604645,
      0.4207823574542999,
      0.4297090470790863,
      0.41072314977645874,
      0.43274980783462524,
      0.4000000059604645,
      0.4207831025123596,
      0.4000000059604645,
      0.41072314977645874,
      0.4131326973438263,
      0.4131322205066681,
      0.41604378819465637,
      0.43489158153533936,
      0.4054549038410187,
      0.4000000059604645,
      0.4000000059604645,
      0.4054549038410187,
      0.4054549038410187,
      0.41072314977645874,
      0.43938562273979187,
      0.4297090470790863,
      0.4000000059604645,
      0.4000000059604645,
      0.4000000059604645,
      0.4000000059604645,
      0.4000000059604645,
      0.4000000059604645,
      0.4000000059604645,
      0.4000000059604645,
      0.4324493110179901,
      0.41072314977645874,
      0.4218880534172058,
      0.4054549038410187,
      0.4000000059604645,
      0.42188799381256104,
      0.41072314977645874,
      0.439394474029541,
      0.4131328761577606
    ],
    [
      0.4218880534172058,
