{
  "run_id": "20260305_132031",
  "condition": "C",
  "problem": "causeway_bridge",
  "timestamp": "2026-03-05T13:20:31.844443",
  "metrics": {
    "final_compliance": 232.96899478427963,
    "topology_sparsity": 0.7041666666666667,
    "grey_ratio": 0.027083333333333334,
    "convergence_step": 1,
    "wall_time_s": 1.4442641735076904,
    "n_params": 480,
    "n_steps": 5
  },
  "loss_history": [
    240.2394525286965,
    261.7824040945636,
    233.6248993595096,
    234.04407347063028,
    232.96899478427963
  ],
  "final_density": [
    [
      1.0,
      1.0,
      1.0,
      1.0,
      1.0,
      1.0,
      1.0,
      1.0,
      1.0,
      1.0,
      1.0,
      1.0,
      1.0,
      1.0,
      1.0,
      1.0,
      1.0,
      1.0,
      1.0,
      1.0,
      1.0,
      1.0,
      1.0,
      1.0,
      1.0,
      1.0,
      1.0,
      1.0,
      1.0,
      1.0,
      0.0010000000474974513,
      0.0010000000474974513,
      0.0010000000474974513,
      0.0010000000474974513,
      0.0010000000474974513,
      0.0010000000474974513,
      0.0010000000474974513,
      0.0010000000474974513,
      0.0010000000474974513,
      0.0010000000474974513
    ],
    [
      1.0,
      1.0,
      1.0,
      1.0,
      1.0,
      1.0,
      1.0,
      1.0,
      1.0,
      1.0,
      1.0,
      1.0,
      1.0,
      1.0,
      1.0,
      1.0,
      1.0,
      1.0,
      1.0,
      1.0,
      1.0,
      1.0,
      1.0,
      1.0,
      1.0,
      1.0,
      1.0,
      1.0,
      1.0,
      1.0,
      1.0,
      1.0,
      1.0,
      0.0010000000474974513,
      0.0010000000474974513,
      0.0010000000474974513,
      0.0010000000474974513,
      0.0010000000474974513,
      0.0010000000474974513,
      0.0010000000474974513
    ],
    [
      1.0,
      1.0,
      1.0,
      1.0,
      1.0,
      1.0,
      1.0,
      1.0,
      1.0,
      1.0,
      1.0,
      1.0,
      1.0,
      1.0,
      1.0,
      1.0,
      1.0,
      1.0,
      1.0,
      0.0010000000474974513,
      1.0,
      0.0010000000474974513,
      1.0,
      1.0,
      1.0,
      0.39189425110816956,
      1.0,
      1.0,
      1.0,
      0.7953757047653198,
      1.0,
      1.0,
      0.0010000000474974513,
      1.0,
      1.0,
      0.0010000000474974513,
      0.0010000000474974513,
      0.0010000000474974513,
      0.0010000000474974513,
      0.0010000000474974513
    ],
    [
      1.0,
      1.0,
      1.0,
      1.0,
      1.0,
      1.0,
      1.0,
      1.0,
      1.0,
      1.0,
      1.0,
      1.0,
      0.5651054978370667,
      0.0010000000474974513,
      1.0,
      1.0,
      1.0,
      0.0010000000474974513,
      1.0,
      1.0,
      1.0,
      0.0010000000474974513,
      1.0,
      0.0010000000474974513,
      0.0010000000474974513,
      0.004548635799437761,
      0.0010000000474974513,
      0.7456398010253906,
      0.0010000000474974513,
      1.0,
      1.0,
      1.0,
      1.0,
      1.0,
      1.0,
      1.0,
      0.0010000000474974513,
      0.0010000000474974513,
      0.0010000000474974513,
      0.0010000000474974513
    ],
    [
      1.0,
      0.0010000000474974513,
      0.0010000000474974513,
      0.0010000000474974513,
      1.0,
      1.0,
      1.0,
      1.0,
      1.0,
      1.0,
      1.0,
      0.0010000000474974513,
      0.0010000000474974513,
      1.0,
      1.0,
      1.0,
      1.0,
      1.0,
      0.0010000000474974513,
      0.0010000000474974513,
      1.0,
      0.6971467137336731,
      1.0,
      0.0010000000474974513,
      1.0,
      0.0010000000474974513,
      0.0010000000474974513,
      0.0010000000474974513,
      1.0,
      0.0010000000474974513,
      0.0010000000474974513,
      1.0,
      0.0793171152472496,
      1.0,
      1.0,
      1.0,
      1.0,
      1.0,
      0.0010000000474974513,
      0.0010000000474974513
    ],
    [
      0.0010000000474974513,
      0.0010000000474974513,
      0.0010000000474974513,
      0.0010000000474974513,
      1.0,
      0.0010000000474974513,
      1.0,
      0.0010000000474974513,
      0.0010000000474974513,
      1.0,
      0.0010000000474974513,
      1.0,
      0.0010000000474974513,
      0.0010000000474974513,
      0.0010000000474974513,
      0.02115640416741371,
      1.0,
      0.0010000000474974513,
      1.0,
      1.0,
      1.0,
      0.0010000000474974513,
      0.0010000000474974513,
      0.0010000000474974513,
      1.0,
      1.0,
      1.0,
      1.0,
      0.0010000000474974513,
      0.0010000000474974513,
      1.0,
      1.0,
      0.0010000000474974513,
      1.0,
      1.0,
      1.0,
      1.0,
      1.0,
      0.0010000000474974513,
      0.0010000000474974513
    ],
    [
      1.0,
      0.0010000000474974513,
      0.0010000000474974513,
      1.0,
      0.0010000000474974513,
      0.0010000000474974513,
      0.0010000000474974513,
      0.0010000000474974513,
      0.0010000000474974513,
      0.0010000000474974513,
      0.0010000000474974513,
      0.9496908783912659,
      1.0,
      1.0,
      0.0010000000474974513,
      1.0,
      0.0010000000474974513,
      1.0,
      1.0,
      1.0,
      1.0,
      1.0,
      1.0,
      1.0,
      1.0,
      0.0010000000474974513,
      0.2833033800125122,
      1.0,
      0.0010000000474974513,
      0.0010000000474974513,
      0.0010000000474974513,
      0.267102986574173,
      0.0010000000474974513,
      0.0010000000474974513,
      1.0,
      0.20284606516361237,
      1.0,
      1.0,
      1.0,
      1.0
    ],
    [
      1.0,
      0.0010000000474974513,
      0.0010000000474974513,
      1.0,
      0.0010000000474974513,
      0.0010000000474974513,
      1.0,
      0.0010000000474974513,
      1.0,
      1.0,
      1.0,
      0.0010000000474974513,
      0.0010000000474974513,
      0.020184479653835297,
      1.0,
      1.0,
      0.0010000000474974513,
      0.0010000000474974513,
      1.0,
      0.0010000000474974513,
      0.4078134000301361,
      0.0010000000474974513,
      0.0010000000474974513,
      0.9023832082748413,
      0.0010000000474974513,
      1.0,
      0.0010000000474974513,
      0.0010000000474974513,
      1.0,
      1.0,
      0.0010000000474974513,
      1.0,
      1.0,
      0.0010000000474974513,
      0.0010000000474974513,
      0.39867061376571655,
      1.0,
      1.0,
      1.0,
      0.0010000000474974513
    ],
    [
      1.0,
      1.0,
      1.0,
      1.0,
      1.0,
      1.0,
      1.0,
      1.0,
      1.0,
      1.0,
      1.0,
      1.0,
      1.0,
      1.0,
      1.0,
      1.0,
      1.0,
      1.0,
      1.0,
      0.0010000000474974513,
      0.0010000000474974513,
      0.0010000000474974513,
      0.0010000000474974513,
      1.0,
      0.0010000000474974513,
      0.0010000000474974513,
      1.0,
      0.0010000000474974513,
      0.0010000000474974513,
      0.0010000000474974513,
      1.0,
      0.0010000000474974513,
      0.0010000000474974513,
      0.6327524781227112,
      0.0010000000474974513,
      1.0,
      0.0010000000474974513,
      0.0010000000474974513,
      1.0,
      1.0
    ],
    [
      1.0,
      1.0,
      1.0,
      1.0,
      1.0,
      1.0,
      1.0,
      1.0,
      1.0,
      1.0,
      1.0,
      1.0,
      1.0,
      1.0,
      1.0,
      1.0,
      1.0,
      1.0,
      1.0,
      1.0,
      1.0,
      1.0,
      1.0,
      0.0010000000474974513,
      1.0,
      1.0,
      1.0,
      1.0,
      0.0010000000474974513,
      1.0,
      1.0,
      0.0010000000474974513,
      0.0010000000474974513,
      0.0010000000474974513,
      1.0,
      0.0010000000474974513,
      0.0010000000474974513,
      1.0,
      1.0,
      1.0
    ],
    [
      1.0,
      1.0,
      1.0,
      1.0,
      1.0,
      1.0,
      1.0,
      1.0,
      1.0,
      1.0,
      1.0,
      1.0,
      1.0,
      1.0,
      1.0,
      1.0,
      1.0,
      1.0,
      1.0,
      1.0,
      1.0,
      1.0,
      1.0,
      1.0,
      1.0,
      1.0,
      1.0,
      1.0,
      1.0,
      1.0,
      0.0010000000474974513,
