{
  "run_id": "20260305_132344",
  "condition": "E",
  "problem": "multistory_building",
  "timestamp": "2026-03-05T13:23:44.109483",
  "metrics": {
    "final_compliance": 1121.1746001668334,
    "topology_sparsity": 1.0,
    "grey_ratio": 1.0,
    "convergence_step": 1,
    "wall_time_s": 0.6439247131347656,
    "n_params": 8577,
    "n_steps": 5
  },
  "loss_history": [
    1166.415520073107,
    1157.6752671113682,
    1146.5922862619957,
    1135.1307476539653,
    1121.1746001668334
  ],
  "final_density": [
    [
      0.5217928290367126,
      0.5223920345306396,
      0.5229912400245667,
      0.5235903263092041,
      0.5241804718971252,
      0.5247504115104675,
      0.5252255201339722,
      0.5257471203804016,
      0.5262594819068909,
      0.5266909599304199,
      0.5271223783493042,
      0.5275527834892273,
      0.5279743075370789,
      0.5284166932106018,
      0.5288689136505127,
      0.5293181538581848,
      0.5297673344612122,
      0.5302164554595947,
      0.5306487679481506,
      0.5311306118965149,
      0.5316377878189087,
      0.5320948958396912,
      0.532567024230957,
      0.532935619354248,
      0.533333420753479,
      0.533760130405426,
      0.5341979265213013,
      0.5346356630325317,
      0.5350704789161682,
      0.5355004668235779,
      0.5359082818031311,
      0.5362800359725952,
      0.5366516709327698,
      0.5370352864265442,
      0.5374231338500977,
      0.5378485918045044,
      0.5383056998252869,
      0.5387318730354309,
      0.5391330718994141,
      0.53951495885849
    ],
    [
      0.5223353505134583,
      0.522923469543457,
      0.5235115885734558,
      0.5240996479988098,
      0.5246875882148743,
      0.5252037048339844,
      0.525751531124115,
      0.5262954831123352,
      0.5266848802566528,
      0.5270757079124451,
      0.5275152921676636,
      0.527942419052124,
      0.5283628106117249,
      0.5287832021713257,
      0.5292204022407532,
      0.5297380685806274,
      0.5302791595458984,
      0.5308125615119934,
      0.5313379168510437,
      0.5318616628646851,
      0.5323634743690491,
      0.5328367352485657,
      0.5333956480026245,
      0.5340497493743896,
      0.5346534848213196,
      0.5351930260658264,
      0.5356477499008179,
      0.5360893607139587,
      0.5364751815795898,
      0.5368393659591675,
      0.5372034907341003,
      0.5375661253929138,
      0.537914514541626,
      0.5382291674613953,
      0.5385370254516602,
      0.5388425588607788,
      0.539175808429718,
      0.5395399928092957,
      0.5399042367935181,
      0.5402863025665283
    ],
    [
      0.5228483080863953,
      0.5233726501464844,
      0.5238662362098694,
      0.5243567228317261,
      0.5248388648033142,
      0.5253370404243469,
      0.5258861780166626,
      0.5264333486557007,
      0.526980459690094,
      0.5275264978408813,
      0.5279523134231567,
      0.5283719301223755,
      0.5288552641868591,
      0.5293385982513428,
      0.5298213362693787,
      0.5303208231925964,
      0.5308298468589783,
      0.5313388109207153,
      0.5318711996078491,
      0.5324395895004272,
      0.5329988598823547,
      0.5336582660675049,
      0.534309446811676,
      0.5349502563476562,
      0.5355947613716125,
      0.536223828792572,
      0.5367876291275024,
      0.5372198224067688,
      0.5375818014144897,
      0.5378808379173279,
      0.5381700396537781,
      0.538454532623291,
      0.5387402176856995,
      0.5390381217002869,
      0.5393359661102295,
      0.5396209359169006,
      0.5399124622344971,
      0.5402976870536804,
      0.5406451225280762,
      0.5409925580024719
    ],
    [
      0.5230040550231934,
      0.5235304236412048,
      0.5240438580513,
      0.5245480537414551,
      0.5250521302223206,
      0.5255454778671265,
      0.5260409116744995,
      0.5265513062477112,
      0.5270811915397644,
      0.5276960134506226,
      0.528318464756012,
      0.5289462208747864,
      0.529559314250946,
      0.5300344824790955,
      0.5305095911026001,
      0.5309846997261047,
      0.5314884781837463,
      0.5320021510124207,
      0.5325123071670532,
      0.5331065058708191,
      0.5337122082710266,
      0.5343179702758789,
      0.5348778367042542,
      0.535467267036438,
      0.5360510945320129,
      0.5366265773773193,
      0.5371685028076172,
      0.5376439094543457,
      0.5381022095680237,
      0.5385225415229797,
      0.538890540599823,
      0.5392089486122131,
      0.5394530296325684,
      0.5397069454193115,
      0.5399686098098755,
      0.5402466654777527,
      0.5405900478363037,
      0.5409333109855652,
      0.5412766337394714,
      0.5416198968887329
    ],
    [
      0.5229336023330688,
      0.5234717726707458,
      0.5239784121513367,
      0.5244797468185425,
      0.52497398853302,
      0.5254780650138855,
      0.5260767340660095,
      0.526722252368927,
      0.5273613333702087,
      0.5279836654663086,
      0.528598427772522,
      0.529211163520813,
      0.529823899269104,
      0.5304678678512573,
      0.5311231017112732,
      0.5317385792732239,
      0.5321720242500305,
      0.5326704978942871,
      0.5332232117652893,
      0.5337635278701782,
      0.5343002676963806,
      0.5348354578018188,
      0.5353705883026123,
      0.5358951687812805,
      0.5364151000976562,
      0.5369229316711426,
      0.5374010801315308,
      0.5378168225288391,
      0.5382174849510193,
      0.5386466383934021,
      0.5390626788139343,
      0.5394179224967957,
      0.5397979021072388,
      0.5402138233184814,
      0.5405747294425964,
      0.5409265756607056,
      0.5412286520004272,
      0.5415177941322327,
      0.5418141484260559,
      0.5421097874641418
    ],
    [
      0.5224689841270447,
      0.5230100750923157,
      0.5235543251037598,
      0.5241835713386536,
      0.52483731508255,
      0.5254909992218018,
      0.5261358618736267,
      0.526788592338562,
      0.5274668335914612,
      0.5281062722206116,
      0.5287410616874695,
      0.5293620228767395,
      0.52998286485672,
      0.5305843353271484,
      0.5311698317527771,
      0.5317691564559937,
      0.5324798822402954,
      0.5331904888153076,
      0.5337862968444824,
      0.5342772603034973,
      0.5347403883934021,
      0.5351949334144592,
      0.5356621742248535,
      0.5361282825469971,
      0.5365917682647705,
      0.5370540022850037,
      0.5375156998634338,
      0.5379687547683716,
      0.5383938550949097,
      0.5387944579124451,
      0.5392224192619324,
      0.5396266579627991,
      0.5400102138519287,
      0.5404341220855713,
      0.5408357381820679,
      0.5412331819534302,
      0.5416296124458313,
      0.541965901851654,
      0.5422998666763306,
      0.5426700711250305
    ],
    [
      0.5221812725067139,
      0.5227806568145752,
      0.5234116315841675,
      0.5240521430969238,
      0.5246919393539429,
      0.5252899527549744,
      0.5258563160896301,
      0.5264360308647156,
      0.5270349979400635,
      0.5276821851730347,
      0.5283296704292297,
      0.52897709608078,
      0.5296064615249634,
      0.5301907658576965,
      0.5308703184127808,
      0.5315827131271362,
      0.5322787165641785,
      0.532941460609436,
      0.5335814356803894,
      0.5342065691947937,
      0.534845232963562,
      0.5353826284408569,
      0.5358635783195496,
      0.5363389253616333,
      0.5368141531944275,
      0.5372833609580994,
      0.5377211570739746,
      0.53815096616745,
      0.5386111736297607,
      0.5390259623527527,
      0.5394327044487,
      0.5398516654968262,
      0.5403213500976562,
      0.5407949686050415,
      0.541180431842804,
      0.5415573120117188,
      0.5419694781303406,
      0.5423873066902161,
      0.5428035259246826,
      0.5431912541389465
    ],
    [
      0.5221790075302124,
      0.5227425694465637,
      0.523339033126831,
      0.5239067077636719,
      0.5244914293289185,
      0.525077760219574,
