{
  "run_id": "20260305_132731",
  "condition": "E",
  "problem": "mbb_beam",
  "timestamp": "2026-03-05T13:27:31.427613",
  "metrics": {
    "final_compliance": 1345.5435655592046,
    "topology_sparsity": 0.0,
    "grey_ratio": 1.0,
    "convergence_step": 1,
    "wall_time_s": 0.6714847087860107,
    "n_params": 8577,
    "n_steps": 5
  },
  "loss_history": [
    1389.9980260539185,
    1381.5341926762085,
    1372.4711578670717,
    1358.9897770514895,
    1345.5435655592046
  ],
  "final_density": [
    [
      0.49462637305259705,
      0.4948979914188385,
      0.4951433539390564,
      0.4953659474849701,
      0.4955710172653198,
      0.4957696497440338,
      0.49592411518096924,
      0.496008038520813,
      0.49609458446502686,
      0.4961864650249481,
      0.4962656795978546,
      0.4962838888168335,
      0.4963034391403198,
      0.49635136127471924,
      0.4963992238044739,
      0.4964471757411957,
      0.4964950680732727,
      0.49654844403266907,
      0.4966021180152893,
      0.49665582180023193,
      0.4967220425605774,
      0.49684077501296997,
      0.4969980716705322,
      0.4971553683280945,
      0.49732738733291626,
      0.49750542640686035,
      0.4976983368396759,
      0.49792733788490295,
      0.49813249707221985,
      0.4983309507369995,
      0.49853503704071045,
      0.49871668219566345,
      0.4987926483154297,
      0.49885499477386475,
      0.4988758862018585,
      0.4988737404346466,
      0.49881666898727417,
      0.4987543821334839,
      0.498692125082016,
      0.49861979484558105
    ],
    [
      0.4945315420627594,
      0.4947751462459564,
      0.4949735105037689,
      0.49514517188072205,
      0.4953133463859558,
      0.4954705536365509,
      0.4956303536891937,
      0.4957963824272156,
      0.49598145484924316,
      0.49615243077278137,
      0.4962209463119507,
      0.49627435207366943,
      0.49632951617240906,
      0.4963882565498352,
      0.49649226665496826,
      0.4965969920158386,
      0.49670228362083435,
      0.49680688977241516,
      0.4968844950199127,
      0.4969621002674103,
      0.49703824520111084,
      0.4970923364162445,
      0.4971531331539154,
      0.49724236130714417,
      0.49736541509628296,
      0.4974677860736847,
      0.49760812520980835,
      0.4977603554725647,
      0.49791252613067627,
      0.49806901812553406,
      0.4982735216617584,
      0.4984472393989563,
      0.49857404828071594,
      0.498683899641037,
      0.49875497817993164,
      0.4987528622150421,
      0.49872615933418274,
      0.49869027733802795,
      0.49864694476127625,
      0.4985715448856354
    ],
    [
      0.49460047483444214,
      0.49475929141044617,
      0.4949290454387665,
      0.49510374665260315,
      0.4953004717826843,
      0.4955020546913147,
      0.4956757426261902,
      0.49577686190605164,
      0.49587276577949524,
      0.4959949553012848,
      0.4961235523223877,
      0.4962548017501831,
      0.4963608682155609,
      0.49641138315200806,
      0.49646198749542236,
      0.4965294599533081,
      0.4966305196285248,
      0.4967253804206848,
      0.49681371450424194,
      0.49688905477523804,
      0.4969644546508789,
      0.4970829486846924,
      0.49721288681030273,
      0.497344970703125,
      0.4974493682384491,
      0.4975140392780304,
      0.49757707118988037,
      0.49769362807273865,
      0.49783197045326233,
      0.4979704022407532,
      0.49810072779655457,
      0.4981916546821594,
      0.49827754497528076,
      0.4983796179294586,
      0.49844908714294434,
      0.49851104617118835,
      0.49852994084358215,
      0.49848657846450806,
      0.4984431564807892,
      0.4983997344970703
    ],
    [
      0.49488571286201477,
      0.4950017035007477,
      0.4951547086238861,
      0.4953014850616455,
      0.49546870589256287,
      0.49559256434440613,
      0.49570706486701965,
      0.4957999587059021,
      0.495888888835907,
      0.49598053097724915,
      0.4960516393184662,
      0.4961441457271576,
      0.49623730778694153,
      0.49633049964904785,
      0.49641162157058716,
      0.49649131298065186,
      0.4965313971042633,
      0.4965788424015045,
      0.4966779351234436,
      0.49680453538894653,
      0.4969416856765747,
      0.49707159399986267,
      0.4972001612186432,
      0.49730148911476135,
      0.49737775325775146,
      0.4974540174007416,
      0.4975303113460541,
      0.4976081848144531,
      0.49768978357315063,
      0.49777141213417053,
      0.497909277677536,
      0.4979808032512665,
      0.4980407655239105,
      0.4980769455432892,
      0.4980642795562744,
      0.49802324175834656,
      0.49800005555152893,
      0.49808380007743835,
      0.498139888048172,
      0.4981837868690491
    ],
    [
      0.4952724575996399,
      0.4953739047050476,
      0.49547186493873596,
      0.4955390393733978,
      0.49560245871543884,
      0.49566590785980225,
      0.4957292973995209,
      0.4957926273345947,
      0.4958640933036804,
      0.49593284726142883,
      0.4960118532180786,
      0.4961090087890625,
      0.49620285630226135,
      0.4962541162967682,
      0.49631088972091675,
      0.496371328830719,
      0.49641621112823486,
      0.49648213386535645,
      0.49658888578414917,
      0.49671533703804016,
      0.49683842062950134,
      0.4969772398471832,
      0.4970950484275818,
      0.49719321727752686,
      0.4972723722457886,
      0.4973357617855072,
      0.49739962816238403,
      0.49746352434158325,
      0.49752748012542725,
      0.4975775480270386,
      0.4976119101047516,
      0.4976379871368408,
      0.4976678788661957,
      0.49773603677749634,
      0.4977732300758362,
      0.49781280755996704,
      0.49784430861473083,
      0.4978604018688202,
      0.4978700280189514,
      0.49788469076156616
    ],
    [
      0.4955419898033142,
      0.49563321471214294,
      0.4957185685634613,
      0.495800644159317,
      0.4958787262439728,
      0.49595004320144653,
      0.4960213601589203,
      0.4960921108722687,
      0.4961586594581604,
      0.496206670999527,
      0.4962417781352997,
      0.4962785840034485,
      0.4963148236274719,
      0.49635112285614014,
      0.49638742208480835,
      0.49643218517303467,
      0.4964483678340912,
      0.4964970052242279,
      0.496545672416687,
      0.4965896010398865,
      0.4966247081756592,
      0.4966752231121063,
      0.4967503845691681,
      0.4968663156032562,
      0.4969625771045685,
      0.49707648158073425,
      0.49718236923217773,
      0.497272789478302,
      0.4973178207874298,
      0.49735721945762634,
      0.49739503860473633,
      0.4974486529827118,
      0.4975222945213318,
      0.4975748360157013,
      0.49756303429603577,
      0.49754342436790466,
      0.49758633971214294,
      0.4976232349872589,
      0.49765264987945557,
      0.4976819157600403
    ],
    [
      0.4955483078956604,
      0.49566251039505005,
      0.49579790234565735,
      0.49592822790145874,
      0.4960167706012726,
      0.4961030185222626,
      0.496187299489975,
      0.496270090341568,
      0.496352881193161,
      0.49642807245254517,
      0.4964645206928253,
      0.4965035319328308,
      0.4965667724609375,
      0.49661552906036377,
      0.49662575125694275,
      0.4966292381286621,
      0.49663275480270386,
      0.49663621187210083,
      0.4966396987438202,
      0.4966713488101959,
      0.49674156308174133,
      0.49681171774864197,
      0.496898353099823,
      0.4969552159309387,
      0.4970349669456482,
      0.4971067011356354,
      0.497163861989975,
      0.49722108244895935,
      0.4972863495349884,
      0.49737319350242615,
      0.4974387586116791,
      0.49750417470932007,
      0.4975878596305847,
      0.49763432145118713,
      0.4976119101047516,
      0.4975883960723877,
      0.4975649118423462,
      0.4975414276123047,
      0.4975264370441437,
      0.4975554645061493
    ],
    [
