{
  "run_id": "20260305_132743",
  "condition": "L",
  "problem": "multistory_building",
  "timestamp": "2026-03-05T13:27:43.832183",
  "metrics": {
    "final_compliance": 1340.4405277317842,
    "topology_sparsity": 0.45208333333333334,
    "grey_ratio": 1.0,
    "convergence_step": 1,
    "wall_time_s": 0.18712639808654785,
    "n_params": 480,
    "n_steps": 5
  },
  "loss_history": [
    1374.0512956272164,
    1365.1430607842358,
    1356.6676684498123,
    1348.4907168554018,
    1340.4405277317842
  ],
  "final_density": [
    [
      0.5163087248802185,
      0.5236209630966187,
      0.509319543838501,
      0.5228133201599121,
      0.5413825511932373,
      0.5334239602088928,
      0.5470133423805237,
      0.4924740493297577,
      0.5333643555641174,
      0.5134341716766357,
      0.5280119180679321,
      0.5031321048736572,
      0.4772433340549469,
      0.5277498364448547,
      0.5685931444168091,
      0.5504754781723022,
      0.506621241569519,
      0.5192554593086243,
      0.4763619303703308,
      0.5611867308616638,
      0.5324701070785522,
      0.4618671238422394,
      0.5257949233055115,
      0.4601844251155853,
      0.516956627368927,
      0.5737003684043884,
      0.5386247634887695,
      0.46960023045539856,
      0.556406557559967,
      0.33553189039230347,
      0.49029338359832764,
      0.5977597832679749,
      0.45855575799942017,
      0.4919041097164154,
      0.37398189306259155,
      0.4500928819179535,
      0.5327616333961487,
      0.4618568420410156,
      0.5009093284606934,
      0.46103614568710327
    ],
    [
      0.48238468170166016,
      0.4567062258720398,
      0.5467394590377808,
      0.4441594183444977,
      0.42920106649398804,
      0.39572086930274963,
      0.4506992995738983,
      0.4760189652442932,
      0.43793562054634094,
      0.6100343465805054,
      0.5442640781402588,
      0.47432389855384827,
      0.4559269845485687,
      0.3667822480201721,
      0.48467251658439636,
      0.5075596570968628,
      0.4724718928337097,
      0.5692076086997986,
      0.43735578656196594,
      0.4051135182380676,
      0.4776778519153595,
      0.5562970042228699,
      0.5281214118003845,
      0.4588281512260437,
      0.4545903205871582,
      0.4374854564666748,
      0.44201475381851196,
      0.5551629662513733,
      0.5564965605735779,
      0.5750940442085266,
      0.46850645542144775,
      0.518250048160553,
      0.34577038884162903,
      0.5649962425231934,
      0.5003343820571899,
      0.4152257442474365,
      0.4588814377784729,
      0.3155975043773651,
      0.5250456929206848,
      0.5399335026741028
    ],
    [
      0.5291802883148193,
      0.5002377033233643,
      0.47542092204093933,
      0.5026549696922302,
      0.5684036016464233,
      0.594478189945221,
      0.46273255348205566,
      0.5173892974853516,
      0.4881318211555481,
      0.5094915628433228,
      0.3845606744289398,
      0.5815783143043518,
      0.5668159127235413,
      0.5296840071678162,
      0.4115915596485138,
      0.46866393089294434,
      0.4914242923259735,
      0.529906690120697,
      0.35774853825569153,
      0.41617539525032043,
      0.3035750985145569,
      0.5321763753890991,
      0.398389995098114,
      0.4176812469959259,
      0.4682486057281494,
      0.39491063356399536,
      0.44353342056274414,
      0.4138559401035309,
      0.49930134415626526,
      0.46409323811531067,
      0.6050065755844116,
      0.48780885338783264,
      0.3059529960155487,
      0.5844764113426208,
      0.47058001160621643,
      0.5755358338356018,
      0.6363925933837891,
      0.5075861811637878,
      0.31153053045272827,
      0.5326949954032898
    ],
    [
      0.4780057966709137,
      0.47530409693717957,
      0.5568768978118896,
      0.24945318698883057,
      0.4815357029438019,
      0.47017785906791687,
      0.5808221697807312,
      0.580952525138855,
      0.4503159523010254,
      0.36697033047676086,
      0.5486376881599426,
      0.4321018159389496,
      0.46402260661125183,
      0.4789951741695404,
      0.44903653860092163,
      0.4573758542537689,
      0.49036481976509094,
      0.5921785235404968,
      0.4133073687553406,
      0.6916264891624451,
      0.4201802909374237,
      0.33162885904312134,
      0.40682917833328247,
      0.46079719066619873,
      0.49867725372314453,
      0.44995975494384766,
      0.3931765854358673,
      0.5545516014099121,
      0.4492719769477844,
      0.3471822738647461,
      0.4822791814804077,
      0.431794136762619,
      0.3328458070755005,
      0.3372270166873932,
      0.3845255672931671,
      0.46174803376197815,
      0.3885127902030945,
      0.5916596055030823,
      0.5075365304946899,
      0.5181129574775696
    ],
    [
      0.5090421438217163,
      0.528102457523346,
      0.5075401663780212,
      0.4823291599750519,
      0.45745158195495605,
      0.47590747475624084,
      0.5712240934371948,
      0.5195602774620056,
      0.578632652759552,
      0.6002004742622375,
      0.5122400522232056,
      0.5397261381149292,
      0.5062547326087952,
      0.4571255147457123,
      0.40151649713516235,
      0.5779600143432617,
      0.510319173336029,
      0.5980986952781677,
      0.553081214427948,
      0.4212210476398468,
      0.5918318629264832,
      0.4134368896484375,
      0.4792892038822174,
      0.5116187930107117,
      0.39549803733825684,
      0.5358666181564331,
      0.4209223985671997,
      0.41370898485183716,
      0.7123667001724243,
      0.541816234588623,
      0.4081821143627167,
      0.38568979501724243,
      0.42402803897857666,
      0.3894297480583191,
      0.5647861957550049,
      0.5456410646438599,
      0.3995821475982666,
      0.5404855608940125,
      0.3747459352016449,
      0.5846891403198242
    ],
    [
      0.4878586232662201,
      0.5111333131790161,
      0.3932890295982361,
      0.33956873416900635,
      0.4518371522426605,
      0.34565025568008423,
      0.41640299558639526,
      0.37351489067077637,
      0.5637715458869934,
      0.5715504288673401,
      0.5203521251678467,
      0.45837995409965515,
      0.539659321308136,
      0.4644596576690674,
      0.5228498578071594,
      0.49288076162338257,
      0.47750625014305115,
      0.542056679725647,
      0.4149669408798218,
      0.36272484064102173,
      0.5192497372627258,
      0.5105331540107727,
      0.3259514272212982,
      0.46233072876930237,
      0.4745981693267822,
      0.4933682382106781,
      0.45098209381103516,
      0.4782082140445709,
      0.36646345257759094,
      0.344397634267807,
      0.42321905493736267,
      0.5073491334915161,
      0.5126301646232605,
      0.4995173215866089,
      0.4293338358402252,
      0.38120540976524353,
      0.6078203916549683,
      0.4322757422924042,
      0.5344990491867065,
      0.507993221282959
    ],
    [
      0.5580625534057617,
      0.403826504945755,
      0.44526049494743347,
      0.2955356538295746,
      0.5630095601081848,
      0.48042792081832886,
      0.5396859049797058,
      0.3892582952976227,
      0.5146893858909607,
      0.2133304327726364,
      0.40635061264038086,
      0.5273669958114624,
      0.5978982448577881,
      0.47400251030921936,
      0.516476035118103,
      0.3566038906574249,
      0.5154675841331482,
      0.5508615970611572,
      0.5134772658348083,
      0.4072885513305664,
      0.3843371272087097,
      0.3567081093788147,
      0.7110294103622437,
      0.5038735866546631,
      0.4497804641723633,
      0.3207750618457794,
      0.4991380572319031,
      0.5361621379852295,
      0.5572746396064758,
      0.3374515473842621,
      0.5014412999153137,
      0.6218357682228088,
      0.5001102089881897,
      0.44505658745765686,
      0.5658089518547058,
      0.44926491379737854,
      0.5480341911315918,
      0.6468501091003418,
      0.5003669857978821,
      0.5082647800445557
    ],
    [
      0.5224448442459106,
