{
  "run_id": "20260305_132740",
  "condition": "H",
  "problem": "multistory_building",
  "timestamp": "2026-03-05T13:27:40.500915",
  "metrics": {
    "final_compliance": 496.23705530166484,
    "topology_sparsity": 1.0,
    "grey_ratio": 1.0,
    "convergence_step": 5,
    "wall_time_s": 0.7538738250732422,
    "n_params": 12737,
    "n_steps": 5
  },
  "loss_history": [
    1545.679998580666,
    975.5218624207394,
    687.8837593878587,
    554.4930324464347,
    496.23705530166484
  ],
  "final_density": [
    [
      0.7346855998039246,
      0.7437153458595276,
      0.7505271434783936,
      0.7318305373191833,
      0.7072333693504333,
      0.6757773160934448,
      0.6665295958518982,
      0.7012454867362976,
      0.7340663075447083,
      0.7537883520126343,
      0.7376887202262878,
      0.7189264297485352,
      0.7161451578140259,
      0.7200604677200317,
      0.7203027009963989,
      0.7190799117088318,
      0.7249287366867065,
      0.7218235731124878,
      0.677209198474884,
      0.6181743144989014,
      0.6274116635322571,
      0.6629732251167297,
      0.6728368997573853,
      0.6847429871559143,
      0.6904764771461487,
      0.6920590996742249,
      0.7038052082061768,
      0.7110487818717957,
      0.6968663334846497,
      0.6656931042671204,
      0.6473100185394287,
      0.6500017642974854,
      0.660422682762146,
      0.6761852502822876,
      0.701715886592865,
      0.7205964922904968,
      0.7116631269454956,
      0.7164491415023804,
      0.7180731296539307,
      0.7261252403259277
    ],
    [
      0.7290937304496765,
      0.72713702917099,
      0.7252006530761719,
      0.7150255441665649,
      0.6666178107261658,
      0.629607081413269,
      0.6625866293907166,
      0.7260920405387878,
      0.7481806874275208,
      0.7299219369888306,
      0.7144882678985596,
      0.7046028971672058,
      0.6797001957893372,
      0.6655343770980835,
      0.6664771437644958,
      0.6513040065765381,
      0.613037109375,
      0.593034029006958,
      0.5975365042686462,
      0.6070296168327332,
      0.65242999792099,
      0.6927874088287354,
      0.6962757706642151,
      0.6909588575363159,
      0.6751409769058228,
      0.6295057535171509,
      0.5710383653640747,
      0.5515261292457581,
      0.5748015642166138,
      0.6080165505409241,
      0.6232433915138245,
      0.6513157486915588,
      0.6666482090950012,
      0.6648411750793457,
      0.6649150252342224,
      0.6659362316131592,
      0.6620665192604065,
      0.6735398173332214,
      0.6848971247673035,
      0.6711841225624084
    ],
    [
      0.7401431798934937,
      0.7304245829582214,
      0.7421650886535645,
      0.7450442910194397,
      0.7146927714347839,
      0.6914469599723816,
      0.6588138341903687,
      0.6166113018989563,
      0.6037478446960449,
      0.638348400592804,
      0.6788589358329773,
      0.7020371556282043,
      0.7084128856658936,
      0.6887079477310181,
      0.6242981553077698,
      0.5753114223480225,
      0.6121405959129333,
      0.694362998008728,
      0.7315456867218018,
      0.7032745480537415,
      0.6609106063842773,
      0.6317084431648254,
      0.5981672406196594,
      0.5692378282546997,
      0.5646423697471619,
      0.5855316519737244,
      0.6162417531013489,
      0.6424108743667603,
      0.6740326285362244,
      0.7109339237213135,
      0.7111390233039856,
      0.6758729815483093,
      0.6268405914306641,
      0.58143550157547,
      0.5785716772079468,
      0.6152448654174805,
      0.6572851538658142,
      0.6499183773994446,
      0.6369121670722961,
      0.6472009420394897
    ],
    [
      0.6743345260620117,
      0.6442945003509521,
      0.5962401032447815,
      0.574400782585144,
      0.568644106388092,
      0.5538527369499207,
      0.549031138420105,
      0.5390959978103638,
      0.5163075923919678,
      0.539280354976654,
      0.6093665361404419,
      0.6756724119186401,
      0.7035344243049622,
      0.7165212035179138,
      0.7198353409767151,
      0.7070013880729675,
      0.6974949240684509,
      0.7129708528518677,
      0.7176586985588074,
      0.6976893544197083,
      0.6860212087631226,
      0.6781888008117676,
      0.6740170121192932,
      0.6787755489349365,
      0.6909107565879822,
      0.701686680316925,
      0.7026558518409729,
      0.7000548243522644,
      0.7016680240631104,
      0.6865050196647644,
      0.6790893077850342,
      0.6933249831199646,
      0.6946970224380493,
      0.6603731513023376,
      0.649522602558136,
      0.6472444534301758,
      0.6505666375160217,
      0.6626594066619873,
      0.670809268951416,
      0.6812949776649475
    ],
    [
      0.5966593027114868,
      0.5818608999252319,
      0.5765028595924377,
      0.6015509963035583,
      0.6463956832885742,
      0.6540168523788452,
      0.6461988091468811,
      0.6317093372344971,
      0.6052206158638,
      0.5919151902198792,
      0.6302174925804138,
      0.6776325702667236,
      0.706993043422699,
      0.7145777940750122,
      0.7262044548988342,
      0.7152223587036133,
      0.6919998526573181,
      0.6842778325080872,
      0.6698082685470581,
      0.6747956275939941,
      0.67984938621521,
      0.6828394532203674,
      0.6978740096092224,
      0.7244459390640259,
      0.7454157471656799,
      0.7447414398193359,
      0.7118362188339233,
      0.6708878874778748,
      0.6431475281715393,
      0.607587456703186,
      0.6008936762809753,
      0.6272757053375244,
      0.6580517292022705,
      0.695743203163147,
      0.7150352597236633,
      0.6981797814369202,
      0.6749932169914246,
      0.6594318747520447,
      0.6331741809844971,
      0.6200879216194153
    ],
    [
      0.6337659955024719,
      0.6646915078163147,
      0.668605387210846,
      0.6737338900566101,
      0.6721779108047485,
      0.6762529015541077,
      0.6922194957733154,
      0.7137541174888611,
      0.73613440990448,
      0.7374469637870789,
      0.7270001173019409,
      0.7167696356773376,
      0.7083290219306946,
      0.7054176926612854,
      0.6978386640548706,
      0.7086754441261292,
      0.7253068685531616,
      0.7225193977355957,
      0.72548907995224,
      0.7181999683380127,
      0.695665180683136,
      0.6916254758834839,
      0.6805105805397034,
      0.6514660716056824,
      0.6451267600059509,
      0.659943699836731,
      0.6544891595840454,
      0.6396955847740173,
      0.6433306336402893,
      0.6584031581878662,
      0.6715236902236938,
      0.6931127309799194,
      0.7137923240661621,
      0.7166497707366943,
      0.7033841013908386,
      0.6875126957893372,
      0.6863851547241211,
      0.700616180896759,
      0.7038646936416626,
      0.6594269871711731
    ],
    [
      0.5265641212463379,
      0.5296493172645569,
      0.5665472149848938,
      0.6206419467926025,
      0.6660794019699097,
      0.6822843551635742,
      0.6972798109054565,
      0.7301167249679565,
      0.7393198013305664,
      0.7175514101982117,
      0.7126852869987488,
      0.7221653461456299,
      0.7318117022514343,
      0.735409677028656,
      0.727347731590271,
      0.7007048726081848,
      0.682001531124115,
      0.7216082811355591,
      0.7365882992744446,
      0.6886613965034485,
      0.6795511841773987,
      0.6818082928657532,
      0.6623464822769165,
      0.6230379343032837,
      0.608644425868988,
      0.6301003098487854,
      0.6361764073371887,
      0.609687089920044,
      0.5930021405220032,
      0.5944428443908691,
      0.6291706562042236,
      0.6864916682243347,
      0.7102335095405579,
      0.7112545371055603,
      0.7155037522315979,
      0.7062482833862305,
      0.6699117422103882,
      0.6437070965766907,
      0.6561964750289917,
      0.6753703951835632
    ],
    [
      0.6513252854347229,
      0.6690553426742554,
      0.6828746199607849,
      0.6886873841285706,
      0.6857892274856567,
      0.6672770380973816,
