{
  "run_id": "20260305_132336",
  "condition": "B",
  "problem": "multistory_building",
  "timestamp": "2026-03-05T13:23:36.013645",
  "metrics": {
    "final_compliance": 2297.561185047828,
    "topology_sparsity": 0.0,
    "grey_ratio": 1.0,
    "convergence_step": 2,
    "wall_time_s": 0.25054407119750977,
    "n_params": 480,
    "n_steps": 5
  },
  "loss_history": [
    2539.9856565576356,
    2487.8559868694483,
    2427.34504953357,
    2362.39055229091,
    2297.561185047828
  ],
  "final_density": [
    [
      0.4218880534172058,
      0.4297090470790863,
      0.42188799381256104,
      0.4324312210083008,
      0.4218880534172058,
      0.41072314977645874,
      0.41604378819465637,
      0.4207845628261566,
      0.41072314977645874,
      0.41604378819465637,
      0.41072314977645874,
      0.4000000059604645,
      0.4000000059604645,
      0.4000000059604645,
      0.4054549038410187,
      0.4000000059604645,
      0.441038578748703,
      0.4218880534172058,
      0.41072314977645874,
      0.41072314977645874,
      0.4245143532752991,
      0.41604378819465637,
      0.41072314977645874,
      0.4000000059604645,
      0.4000000059604645,
      0.4000000059604645,
      0.4297090470790863,
      0.4054549038410187,
      0.4297090172767639,
      0.4000000059604645,
      0.43938878178596497,
      0.4000000059604645,
      0.4218880534172058,
      0.4000000059604645,
      0.4000000059604645,
      0.4297090470790863,
      0.4000000059604645,
      0.42188799381256104,
      0.43935275077819824,
      0.4000000059604645
    ],
    [
      0.41604378819465637,
      0.41604378819465637,
      0.4000000059604645,
      0.4218880534172058,
      0.4000000059604645,
      0.4000000059604645,
      0.4000000059604645,
      0.43277880549430847,
      0.4000000059604645,
      0.4000000059604645,
      0.41313230991363525,
      0.44107234477996826,
      0.4185808598995209,
      0.4349185526371002,
      0.4054549038410187,
      0.4297090470790863,
      0.4000000059604645,
      0.41604378819465637,
      0.4324116110801697,
      0.43939903378486633,
      0.41604378819465637,
      0.4218880534172058,
      0.4000000059604645,
      0.4000000059604645,
      0.4268939197063446,
      0.4297090172767639,
      0.41072314977645874,
      0.4054549038410187,
      0.41604378819465637,
      0.4297090470790863,
      0.4268598258495331,
      0.41604378819465637,
      0.42686793208122253,
      0.4218880534172058,
      0.41604378819465637,
      0.4054549038410187,
      0.4392055571079254,
      0.4000000059604645,
      0.4131205976009369,
      0.4297090172767639
    ],
    [
      0.4297090470790863,
      0.41072314977645874,
      0.4000000059604645,
      0.413133829832077,
      0.4000000059604645,
      0.41072314977645874,
      0.4131321907043457,
      0.41604378819465637,
      0.41072314977645874,
      0.41072314977645874,
      0.4372025728225708,
      0.4371895492076874,
      0.4000000059604645,
      0.4000000059604645,
      0.4000000059604645,
      0.4324319064617157,
      0.4207834005355835,
      0.4218880534172058,
      0.4000000059604645,
      0.4054549038410187,
      0.42078155279159546,
      0.4000000059604645,
      0.4054549038410187,
      0.4054549038410187,
      0.4000000059604645,
      0.4297090470790863,
      0.4297090470790863,
      0.42078515887260437,
      0.4000000059604645,
      0.4000000059604645,
      0.4000000059604645,
      0.4297090470790863,
      0.4000000059604645,
      0.4054549038410187,
      0.4000000059604645,
      0.42452147603034973,
      0.44983628392219543,
      0.41604378819465637,
      0.4218880534172058,
      0.4218880534172058
    ],
    [
      0.43273282051086426,
      0.4218880534172058,
      0.43718019127845764,
      0.41604378819465637,
      0.41604378819465637,
      0.42452457547187805,
      0.4000000059604645,
      0.426891028881073,
      0.4054549038410187,
      0.4000000059604645,
      0.41313257813453674,
      0.43939003348350525,
      0.4000000059604645,
      0.4297090470790863,
      0.4268825948238373,
      0.43718501925468445,
      0.41072314977645874,
      0.4054549038410187,
      0.43241801857948303,
      0.4327564835548401,
      0.418570876121521,
      0.4054549038410187,
      0.4289882481098175,
      0.4297090470790863,
      0.4131351411342621,
      0.4054549038410187,
      0.4207872748374939,
      0.4000000059604645,
      0.4297090172767639,
      0.4289817810058594,
      0.41072314977645874,
      0.4000000059604645,
      0.4000000059604645,
      0.41313424706459045,
      0.4054549038410187,
      0.41072314977645874,
      0.4297090470790863,
      0.41604378819465637,
      0.4297090470790863,
      0.4000000059604645
    ],
    [
      0.4000000059604645,
      0.4000000059604645,
      0.41072314977645874,
      0.4054549038410187,
      0.4245195984840393,
      0.43276920914649963,
      0.4131322503089905,
      0.4289925694465637,
      0.4000000059604645,
      0.4000000059604645,
      0.4000000059604645,
      0.42898696660995483,
      0.4185752868652344,
      0.4218880534172058,
      0.4000000059604645,
      0.4000000059604645,
      0.4000000059604645,
      0.43242934346199036,
      0.41072314977645874,
      0.4218880534172058,
      0.44336482882499695,
      0.4000000059604645,
      0.4415028393268585,
      0.41604378819465637,
      0.4000000059604645,
      0.41313430666923523,
      0.4000000059604645,
      0.4297090470790863,
      0.4054549038410187,
      0.4297090470790863,
      0.4131329357624054,
      0.4297090172767639,
      0.4000000059604645,
      0.4410514533519745,
      0.4000000059604645,
      0.4000000059604645,
      0.4289834201335907,
      0.4000000059604645,
      0.41072314977645874,
      0.4000000059604645
    ],
    [
      0.4289713203907013,
      0.42881184816360474,
      0.41604378819465637,
      0.4218880534172058,
      0.4054549038410187,
      0.4218880236148834,
      0.4000000059604645,
      0.41072314977645874,
      0.4000000059604645,
      0.42078694701194763,
      0.43491172790527344,
      0.4297090172767639,
      0.4054549038410187,
      0.41857585310935974,
      0.41604378819465637,
      0.4000000059604645,
      0.4000000059604645,
      0.4054549038410187,
      0.41072314977645874,
      0.4289805293083191,
      0.4348948895931244,
      0.4000000059604645,
      0.4054549038410187,
      0.4207862317562103,
      0.41604378819465637,
      0.4000000059604645,
      0.4371931552886963,
      0.4000000059604645,
      0.41604378819465637,
      0.4218880534172058,
      0.4218880534172058,
      0.42897775769233704,
      0.4297090172767639,
      0.4000000059604645,
      0.4000000059604645,
      0.41072314977645874,
      0.41072314977645874,
      0.4054549038410187,
      0.4268799126148224,
      0.4297090470790863
    ],
    [
      0.4371356964111328,
      0.4297090172767639,
      0.4393934905529022,
      0.41072314977645874,
      0.4245211184024811,
      0.4000000059604645,
      0.4000000059604645,
      0.4000000059604645,
      0.4000000059604645,
      0.4000000059604645,
      0.4054549038410187,
      0.4054549038410187,
      0.41604378819465637,
      0.4000000059604645,
      0.4297090172767639,
      0.4297090172767639,
      0.41072314977645874,
      0.43719184398651123,
      0.4245174825191498,
      0.41072314977645874,
      0.4000000059604645,
      0.4394034147262573,
      0.4054549038410187,
      0.4000000059604645,
      0.41072314977645874,
      0.4297090470790863,
      0.4054549038410187,
      0.41604378819465637,
      0.4297090470790863,
      0.41604378819465637,
      0.42077794671058655,
      0.4218880534172058,
      0.4297090172767639,
      0.4054549038410187,
      0.4393940269947052,
      0.41857683658599854,
      0.4054549038410187,
      0.41857877373695374,
      0.43694087862968445,
      0.4000000059604645
    ],
    [
      0.4000000059604645,
