{
  "run_id": "20260305_132743",
  "condition": "K",
  "problem": "multistory_building",
  "timestamp": "2026-03-05T13:27:43.151717",
  "metrics": {
    "final_compliance": 306.795978442286,
    "topology_sparsity": 0.7958333333333333,
    "grey_ratio": 0.6645833333333333,
    "convergence_step": 4,
    "wall_time_s": 0.2532618045806885,
    "n_params": 755297,
    "n_steps": 5
  },
  "loss_history": [
    605.0950074415059,
    495.1437405867929,
    355.8876896723359,
    331.28964716865585,
    306.795978442286
  ],
  "final_density": [
    [
      0.9989315867424011,
      0.9995680451393127,
      0.9993441700935364,
      0.9975428581237793,
      0.9975301623344421,
      0.9900884032249451,
      0.9906858801841736,
      0.9824190139770508,
      0.9926825165748596,
      0.9856927394866943,
      0.9870790243148804,
      0.9645727872848511,
      0.9658031463623047,
      0.9203119277954102,
      0.9351945519447327,
      0.9032821655273438,
      0.9362252354621887,
      0.9045300483703613,
      0.9263969659805298,
      0.8823851346969604,
      0.8982852697372437,
      0.856508731842041,
      0.8987846374511719,
      0.8921047449111938,
      0.9354637861251831,
      0.9153562784194946,
      0.9318857192993164,
      0.8915347456932068,
      0.9055627584457397,
      0.863053023815155,
      0.8987876176834106,
      0.8923720717430115,
      0.9375696182250977,
      0.9167831540107727,
      0.9290626645088196,
      0.8853135704994202,
      0.8972514867782593,
      0.8192816376686096,
      0.8188949823379517,
      0.6409569382667542
    ],
    [
      0.987318217754364,
      0.9993047714233398,
      0.9952468276023865,
      0.9940112233161926,
      0.9835906624794006,
      0.981622576713562,
      0.9491404891014099,
      0.959521472454071,
      0.958179771900177,
      0.977161705493927,
      0.9434313178062439,
      0.9396409392356873,
      0.8986688256263733,
      0.8962042331695557,
      0.8388679027557373,
      0.8539024591445923,
      0.8452860713005066,
      0.8840207457542419,
      0.8401015400886536,
      0.8416767120361328,
      0.8062110543251038,
      0.8313338160514832,
      0.8124062418937683,
      0.8433855772018433,
      0.8587439060211182,
      0.8964036107063293,
      0.8618531227111816,
      0.8531835079193115,
      0.8248100876808167,
      0.8401730060577393,
      0.8214154243469238,
      0.8452600240707397,
      0.8676572442054749,
      0.9027087688446045,
      0.8627966046333313,
      0.8494192361831665,
      0.8189954161643982,
      0.8138936161994934,
      0.7829132080078125,
      0.6308038234710693
    ],
    [
      0.799335241317749,
      0.8879243731498718,
      0.8483380079269409,
      0.8225172758102417,
      0.7714221477508545,
      0.7458897829055786,
      0.692858099937439,
      0.7096267342567444,
      0.7137866616249084,
      0.7267009615898132,
      0.6796837449073792,
      0.6538931131362915,
      0.6123827695846558,
      0.6246952414512634,
      0.5901087522506714,
      0.5768986344337463,
      0.5712379217147827,
      0.6047924757003784,
      0.5797673463821411,
      0.5724734663963318,
      0.5547215342521667,
      0.5868642330169678,
      0.5746709108352661,
      0.5805169939994812,
      0.5975666046142578,
      0.6212953925132751,
      0.6023867130279541,
      0.5870075821876526,
      0.580386757850647,
      0.5973705649375916,
      0.5847703814506531,
      0.5868940353393555,
      0.6062266826629639,
      0.6240887641906738,
      0.6000986099243164,
      0.5829755663871765,
      0.5724778175354004,
      0.5833109021186829,
      0.5845058560371399,
      0.5417994856834412
    ],
    [
      0.7366781830787659,
      0.6177549362182617,
      0.5546366572380066,
      0.5095179080963135,
      0.6319862604141235,
      0.5759268403053284,
      0.4956817030906677,
      0.49131903052330017,
      0.5760320425033569,
      0.5221755504608154,
      0.5023993253707886,
      0.49185800552368164,
      0.5570233464241028,
      0.519554615020752,
      0.5016194581985474,
      0.4874935746192932,
      0.5331491827964783,
      0.49175548553466797,
      0.5085000991821289,
      0.49501141905784607,
      0.5447105169296265,
      0.5075857043266296,
      0.5133979916572571,
      0.5045700669288635,
      0.5678853392601013,
      0.509071409702301,
      0.5248602032661438,
      0.5030093193054199,
      0.5662252902984619,
      0.5187150835990906,
      0.5233817100524902,
      0.5044779777526855,
      0.5778895616531372,
      0.5094506740570068,
      0.5250036716461182,
      0.5013875961303711,
      0.560080885887146,
      0.5300023555755615,
      0.5365782976150513,
      0.5140776634216309
    ],
    [
      0.4637082815170288,
      0.4619882106781006,
      0.4607498049736023,
      0.47033318877220154,
      0.42530256509780884,
      0.45630499720573425,
      0.4536360204219818,
      0.46691885590553284,
      0.43397167325019836,
      0.4550979733467102,
      0.4561704099178314,
      0.47311660647392273,
      0.4442856013774872,
      0.47112730145454407,
      0.4700945019721985,
      0.4785020649433136,
      0.4580046534538269,
      0.4719921052455902,
      0.475947767496109,
      0.4842333197593689,
      0.46414050459861755,
      0.4784446954727173,
      0.4886918067932129,
      0.48880982398986816,
      0.4792120158672333,
      0.48304057121276855,
      0.49081388115882874,
      0.49041467905044556,
      0.4766307771205902,
      0.48179909586906433,
      0.49251389503479004,
      0.491386353969574,
      0.4823901355266571,
      0.4840036630630493,
      0.4925808310508728,
      0.4948429763317108,
      0.47836852073669434,
      0.49088045954704285,
      0.49907463788986206,
      0.5388616919517517
    ],
    [
      0.5828993916511536,
      0.5896633863449097,
      0.5647073984146118,
      0.5203868746757507,
      0.5662778615951538,
      0.5472964644432068,
      0.5698218941688538,
      0.5111294388771057,
      0.564693808555603,
      0.5442439317703247,
      0.5441216230392456,
      0.5095460414886475,
      0.5463992953300476,
      0.5235441327095032,
      0.5527899265289307,
      0.5105416774749756,
      0.5398680567741394,
      0.5299080610275269,
      0.5485203862190247,
      0.5205464363098145,
      0.5507453083992004,
      0.5344916582107544,
      0.5633125901222229,
      0.538381040096283,
      0.5651105046272278,
      0.5596287846565247,
      0.5809584856033325,
      0.5533041954040527,
      0.5701397657394409,
      0.5500544309616089,
      0.5758970975875854,
      0.5509620904922485,
      0.5711360573768616,
      0.5734561085700989,
      0.5853791832923889,
      0.561453104019165,
      0.5765469074249268,
      0.5674643516540527,
      0.5906383395195007,
      0.5314407348632812
    ],
    [
      0.5116270184516907,
      0.5323584079742432,
      0.49603673815727234,
      0.5220643281936646,
      0.48607757687568665,
      0.5051853656768799,
      0.47408628463745117,
      0.4939161241054535,
      0.473726361989975,
      0.5131301283836365,
      0.47776177525520325,
      0.49836277961730957,
      0.48065006732940674,
      0.49924546480178833,
      0.4788818657398224,
      0.49807220697402954,
      0.4878806471824646,
      0.5164913535118103,
      0.4885339140892029,
      0.5088924169540405,
      0.48974403738975525,
      0.5139114260673523,
      0.49043577909469604,
      0.5175842642784119,
      0.4959329068660736,
      0.5267419815063477,
      0.495323121547699,
      0.521572470664978,
      0.497300922870636,
      0.5245922207832336,
      0.4965085983276367,
      0.5339056253433228,
      0.5110897421836853,
      0.5421571135520935,
      0.5082075595855713,
      0.5363489985466003,
      0.5130667090415955,
      0.539025068283081,
      0.5269469022750854,
      0.5432746410369873
    ],
    [
      0.5861132740974426,
      0.44008147716522217,
