{
  "run_id": "20260305_132335",
  "condition": "B",
  "problem": "mbb_beam",
  "timestamp": "2026-03-05T13:23:35.759121",
  "metrics": {
    "final_compliance": 2289.9082269179253,
    "topology_sparsity": 0.0,
    "grey_ratio": 1.0,
    "convergence_step": 2,
    "wall_time_s": 4.828010082244873,
    "n_params": 480,
    "n_steps": 5
  },
  "loss_history": [
    2528.5264988424533,
    2470.180243122371,
    2411.7766709598654,
    2350.9867395066867,
    2289.9082269179253
  ],
  "final_density": [
    [
      0.4245055615901947,
      0.4297090470790863,
      0.4000000059604645,
      0.4000000059604645,
      0.42687171697616577,
      0.41072314977645874,
      0.4245139956474304,
      0.4000000059604645,
      0.41072314977645874,
      0.4000000059604645,
      0.4054549038410187,
      0.4000000059604645,
      0.4000000059604645,
      0.42898187041282654,
      0.4000000059604645,
      0.4450470805168152,
      0.42188799381256104,
      0.4348583221435547,
      0.4218880534172058,
      0.41072314977645874,
      0.41604378819465637,
      0.4393928050994873,
      0.41604378819465637,
      0.4000000059604645,
      0.42897361516952515,
      0.4348451495170593,
      0.4297090470790863,
      0.4000000059604645,
      0.4000000059604645,
      0.4000000059604645,
      0.4000000059604645,
      0.4000000059604645,
      0.42898523807525635,
      0.4297090470790863,
      0.4054549038410187,
      0.4000000059604645,
      0.4054549038410187,
      0.4185441732406616,
      0.41072314977645874,
      0.4000000059604645
    ],
    [
      0.4000000059604645,
      0.41604378819465637,
      0.445041298866272,
      0.42452025413513184,
      0.4000000059604645,
      0.43923836946487427,
      0.4131323993206024,
      0.4297090470790863,
      0.4297090470790863,
      0.4000000059604645,
      0.4054549038410187,
      0.41313695907592773,
      0.4297090470790863,
      0.4000000059604645,
      0.4000000059604645,
      0.41604378819465637,
      0.4054549038410187,
      0.4450221657752991,
      0.4000000059604645,
      0.43275654315948486,
      0.41072314977645874,
      0.41604378819465637,
      0.4297090470790863,
      0.4297090470790863,
      0.43238988518714905,
      0.42449983954429626,
      0.43920230865478516,
      0.4000000059604645,
      0.4185851812362671,
      0.4245446026325226,
      0.4000000059604645,
      0.41858094930648804,
      0.4000000059604645,
      0.4000000059604645,
      0.4218880236148834,
      0.4131323993206024,
      0.41072314977645874,
      0.4000000059604645,
      0.43679147958755493,
      0.4297090172767639
    ],
    [
      0.4218880534172058,
      0.4218880534172058,
      0.4297090470790863,
      0.4000000059604645,
      0.4000000059604645,
      0.42078566551208496,
      0.4000000059604645,
      0.43276190757751465,
      0.4000000059604645,
      0.4297090470790863,
      0.4000000059604645,
      0.4218880534172058,
      0.4218880534172058,
      0.41072314977645874,
      0.4450516402721405,
      0.4410291314125061,
      0.4297090470790863,
      0.41313186287879944,
      0.4433315098285675,
      0.4000000059604645,
      0.4289804995059967,
      0.4000000059604645,
      0.4450346827507019,
      0.4289770722389221,
      0.4207780957221985,
      0.4218880534172058,
      0.41857433319091797,
      0.4349086582660675,
      0.4000000059604645,
      0.41072314977645874,
      0.4297090470790863,
      0.41604378819465637,
      0.4000000059604645,
      0.4289820194244385,
      0.4218880534172058,
      0.4297090470790863,
      0.4245079457759857,
      0.4000000059604645,
      0.4054549038410187,
      0.4218880534172058
    ],
    [
      0.4000000059604645,
      0.43715429306030273,
      0.4185754358768463,
      0.4000000059604645,
      0.41313469409942627,
      0.4000000059604645,
      0.4000000059604645,
      0.44103947281837463,
      0.4297090470790863,
      0.42885634303092957,
      0.4054549038410187,
      0.4218880534172058,
      0.4218880534172058,
      0.4054549038410187,
      0.4000000059604645,
      0.4000000059604645,
      0.4054549038410187,
      0.4000000059604645,
      0.42449483275413513,
      0.4426991045475006,
      0.4000000059604645,
      0.4000000059604645,
      0.4371569752693176,
      0.41856709122657776,
      0.4000000059604645,
      0.4054549038410187,
      0.4000000059604645,
      0.418578177690506,
      0.4000000059604645,
      0.4000000059604645,
      0.4000000059604645,
      0.43100595474243164,
      0.4000000059604645,
      0.41072314977645874,
      0.4000000059604645,
      0.4218880534172058,
      0.4185716211795807,
      0.41857030987739563,
      0.4000000059604645,
      0.4000000059604645
    ],
    [
      0.4000000059604645,
      0.42684635519981384,
      0.4054549038410187,
      0.4054549038410187,
      0.4218880534172058,
      0.41604378819465637,
      0.4392196536064148,
      0.42078104615211487,
      0.4348672330379486,
      0.4297090172767639,
      0.4000000059604645,
      0.4185831844806671,
      0.43719059228897095,
      0.4218880534172058,
      0.4000000059604645,
      0.4054549038410187,
      0.4414636194705963,
      0.4297090470790863,
      0.41072314977645874,
      0.4218880534172058,
      0.41072314977645874,
      0.4207775294780731,
      0.41072314977645874,
      0.4054549038410187,
      0.4000000059604645,
      0.4054549038410187,
      0.43717631697654724,
      0.4000000059604645,
      0.42687445878982544,
      0.4000000059604645,
      0.4054549038410187,
      0.44506552815437317,
      0.4054549038410187,
      0.4054549038410187,
      0.4000000059604645,
      0.4000000059604645,
      0.4218880534172058,
      0.420780211687088,
      0.4000000059604645,
      0.43940016627311707
    ],
    [
      0.41604378819465637,
      0.4000000059604645,
      0.4000000059604645,
      0.4000000059604645,
      0.4000000059604645,
      0.4226985573768616,
      0.4371481239795685,
      0.41604378819465637,
      0.4371384084224701,
      0.4297090172767639,
      0.4000000059604645,
      0.4000000059604645,
      0.43940532207489014,
      0.4000000059604645,
      0.41072314977645874,
      0.4000000059604645,
      0.4000000059604645,
      0.42078396677970886,
      0.4297090172767639,
      0.4218880534172058,
      0.4297090172767639,
      0.4245062470436096,
      0.4000000059604645,
      0.4000000059604645,
      0.41072314977645874,
      0.41072314977645874,
      0.4218880534172058,
      0.4371662437915802,
      0.4297090470790863,
      0.4000000059604645,
      0.4297090172767639,
      0.42897993326187134,
      0.4218880534172058,
      0.42686617374420166,
      0.42897847294807434,
      0.41604378819465637,
      0.4289803206920624,
      0.4218880534172058,
      0.4000000059604645,
      0.4000000059604645
    ],
    [
      0.4297090470790863,
      0.4000000059604645,
      0.4000000059604645,
      0.42270129919052124,
      0.4000000059604645,
      0.4218880534172058,
      0.43712979555130005,
      0.4409877359867096,
      0.4348689615726471,
      0.4245210587978363,
      0.4268825948238373,
      0.4054549038410187,
      0.4000000059604645,
      0.4054549038410187,
      0.4000000059604645,
      0.4000000059604645,
      0.41072314977645874,
      0.4000000059604645,
      0.4297090470790863,
      0.4054549038410187,
      0.41072314977645874,
      0.41604378819465637,
      0.41604378819465637,
      0.4131329655647278,
      0.4000000059604645,
      0.4324219226837158,
      0.43274980783462524,
      0.4000000059604645,
      0.428977906703949,
      0.4000000059604645,
      0.4000000059604645,
      0.4054549038410187,
      0.4000000059604645,
      0.4054549038410187,
      0.44336622953414917,
      0.4218880534172058,
      0.4324299693107605,
      0.4000000059604645,
      0.41604378819465637,
      0.4000000059604645
    ],
    [
      0.4000000059604645,
      0.41072314977645874,
