{
  "run_id": "20260305_131913",
  "condition": "B",
  "problem": "multistory_building",
  "timestamp": "2026-03-05T13:19:13.823479",
  "metrics": {
    "final_compliance": 2339.2188795977313,
    "topology_sparsity": 0.0,
    "grey_ratio": 1.0,
    "convergence_step": 1,
    "wall_time_s": 0.14064764976501465,
    "n_params": 480,
    "n_steps": 5
  },
  "loss_history": [
    2542.625432725338,
    2499.1278367391933,
    2452.1442701610595,
    2397.695256255317,
    2339.2188795977313
  ],
  "final_density": [
    [
      0.4000000059604645,
      0.41072314977645874,
      0.4000000059604645,
      0.4000000059604645,
      0.43940165638923645,
      0.4000000059604645,
      0.4218880534172058,
      0.4000000059604645,
      0.42188799381256104,
      0.41604378819465637,
      0.41072314977645874,
      0.4054549038410187,
      0.41072314977645874,
      0.4297090470790863,
      0.4289829432964325,
      0.41604378819465637,
      0.4000000059604645,
      0.4324187636375427,
      0.41604378819465637,
      0.4297090470790863,
      0.4000000059604645,
      0.4218880534172058,
      0.4000000059604645,
      0.43938562273979187,
      0.41313210129737854,
      0.4297090470790863,
      0.4000000059604645,
      0.4000000059604645,
      0.4054549038410187,
      0.4218880534172058,
      0.4000000059604645,
      0.4000000059604645,
      0.4000000059604645,
      0.41604378819465637,
      0.4000000059604645,
      0.4054549038410187,
      0.4393930733203888,
      0.4368182420730591,
      0.4321938753128052,
      0.4054549038410187
    ],
    [
      0.4218880534172058,
      0.4000000059604645,
      0.4218880534172058,
      0.41604378819465637,
      0.4000000059604645,
      0.4000000059604645,
      0.4297090172767639,
      0.4218880534172058,
      0.43490782380104065,
      0.4000000059604645,
      0.4000000059604645,
      0.4349280297756195,
      0.4000000059604645,
      0.4297090470790863,
      0.4000000059604645,
      0.4000000059604645,
      0.41604378819465637,
      0.4268665909767151,
      0.43487048149108887,
      0.42685818672180176,
      0.4450524151325226,
      0.4054549038410187,
      0.43716469407081604,
      0.4054549038410187,
      0.42078298330307007,
      0.4297090172767639,
      0.41072314977645874,
      0.41072314977645874,
      0.42687973380088806,
      0.43099382519721985,
      0.4245198667049408,
      0.4297090470790863,
      0.41072314977645874,
      0.42453014850616455,
      0.41072314977645874,
      0.4000000059604645,
      0.41072314977645874,
      0.4000000059604645,
      0.4000000059604645,
      0.4000000059604645
    ],
    [
      0.4054549038410187,
      0.4000000059604645,
      0.4000000059604645,
      0.4054549038410187,
      0.4000000059604645,
      0.4000000059604645,
      0.41604378819465637,
      0.4450596272945404,
      0.4054549038410187,
      0.42078593373298645,
      0.4000000059604645,
      0.4297090470790863,
      0.4000000059604645,
      0.4297090172767639,
      0.4000000059604645,
      0.42452239990234375,
      0.4000000059604645,
      0.42077961564064026,
      0.4000000059604645,
      0.43918368220329285,
      0.4054549038410187,
      0.41604378819465637,
      0.4498170018196106,
      0.41604378819465637,
      0.443346232175827,
      0.4000000059604645,
      0.4218880236148834,
      0.4000000059604645,
      0.4000000059604645,
      0.43940016627311707,
      0.4000000059604645,
      0.4000000059604645,
      0.4000000059604645,
      0.4054549038410187,
      0.42898818850517273,
      0.41604378819465637,
      0.4054549038410187,
      0.41072314977645874,
      0.41604378819465637,
      0.4054549038410187
    ],
    [
      0.4000000059604645,
      0.4372154176235199,
      0.43940672278404236,
      0.4000000059604645,
      0.4000000059604645,
      0.4000000059604645,
      0.41072314977645874,
      0.42451536655426025,
      0.41072314977645874,
      0.41072314977645874,
      0.4450629949569702,
      0.41072314977645874,
      0.4000000059604645,
      0.41072314977645874,
      0.4000000059604645,
      0.4218880534172058,
      0.42686450481414795,
      0.4297090470790863,
      0.4309746325016022,
      0.41072314977645874,
      0.4348507225513458,
      0.4000000059604645,
      0.4391884207725525,
      0.4393827021121979,
      0.4000000059604645,
      0.4000000059604645,
      0.4289844036102295,
      0.41072314977645874,
      0.4297090172767639,
      0.4000000059604645,
      0.42078396677970886,
      0.4218880534172058,
      0.41857805848121643,
      0.4000000059604645,
      0.4131329357624054,
      0.41604378819465637,
      0.4000000059604645,
      0.4000000059604645,
      0.41604378819465637,
      0.4000000059604645
    ],
    [
      0.4310244023799896,
      0.4000000059604645,
      0.4310234785079956,
      0.4000000059604645,
      0.4297090470790863,
      0.4207885265350342,
      0.41604378819465637,
      0.42898282408714294,
      0.4054549038410187,
      0.4054549038410187,
      0.4000000059604645,
      0.4054549038410187,
      0.4000000059604645,
      0.4344319701194763,
      0.4000000059604645,
      0.4450470805168152,
      0.4000000059604645,
      0.41604378819465637,
      0.4218880534172058,
      0.4323747158050537,
      0.4409846365451813,
      0.4000000059604645,
      0.4000000059604645,
      0.4218880534172058,
      0.4297090470790863,
      0.42686912417411804,
      0.41857704520225525,
      0.4000000059604645,
      0.44337090849876404,
      0.4000000059604645,
      0.4393906891345978,
      0.41072314977645874,
      0.4371723532676697,
      0.4000000059604645,
      0.4218880534172058,
      0.43922239542007446,
      0.432752788066864,
      0.41072314977645874,
      0.4218880534172058,
      0.44142603874206543
    ],
    [
      0.4000000059604645,
      0.4131370484828949,
      0.41604378819465637,
      0.4054549038410187,
      0.4000000059604645,
      0.4000000059604645,
      0.41604378819465637,
      0.4000000059604645,
      0.41072314977645874,
      0.4450581669807434,
      0.4218880534172058,
      0.4393923580646515,
      0.4297090470790863,
      0.41604378819465637,
      0.4054549038410187,
      0.439204603433609,
      0.4000000059604645,
      0.42077988386154175,
      0.4000000059604645,
      0.43937844038009644,
      0.4348449409008026,
      0.4226957857608795,
      0.4054549038410187,
      0.41072314977645874,
      0.4483271539211273,
      0.4131318926811218,
      0.4297090172767639,
      0.4000000059604645,
      0.4185754954814911,
      0.41604378819465637,
      0.4297090172767639,
      0.4371510446071625,
      0.4450327157974243,
      0.4000000059604645,
      0.4450477361679077,
      0.4054549038410187,
      0.4054549038410187,
      0.4288157820701599,
      0.41604378819465637,
      0.4297090470790863
    ],
    [
      0.4000000059604645,
      0.42899706959724426,
      0.4000000059604645,
      0.4297090470790863,
      0.4297090470790863,
      0.41604378819465637,
      0.41604378819465637,
      0.4131353199481964,
      0.4218880236148834,
      0.4000000059604645,
      0.4054549038410187,
      0.4218880534172058,
      0.43939313292503357,
      0.4000000059604645,
      0.41072314977645874,
      0.4000000059604645,
      0.4000000059604645,
      0.4297090470790863,
      0.4000000059604645,
      0.4410388767719269,
      0.4289773404598236,
      0.4000000059604645,
      0.4218880534172058,
      0.4218880534172058,
      0.4000000059604645,
      0.4000000059604645,
      0.4000000059604645,
      0.41072314977645874,
      0.437180757522583,
      0.4297090470790863,
      0.4218880534172058,
      0.41072314977645874,
      0.4297090172767639,
      0.4218880534172058,
      0.41072314977645874,
      0.424508273601532,
      0.41604378819465637,
      0.44503673911094666,
      0.44146326184272766,
      0.4000000059604645
    ],
    [
      0.4349833130836487,
