{
  "run_id": "20260305_132726",
  "condition": "B",
  "problem": "mbb_beam",
  "timestamp": "2026-03-05T13:27:26.913988",
  "metrics": {
    "final_compliance": 2291.4851862234364,
    "topology_sparsity": 0.0,
    "grey_ratio": 1.0,
    "convergence_step": 2,
    "wall_time_s": 4.692573547363281,
    "n_params": 480,
    "n_steps": 5
  },
  "loss_history": [
    2528.0856109360775,
    2471.835635863109,
    2412.5880848021525,
    2352.88190995713,
    2291.4851862234364
  ],
  "final_density": [
    [
      0.4000000059604645,
      0.4000000059604645,
      0.4000000059604645,
      0.4297090470790863,
      0.4000000059604645,
      0.4054549038410187,
      0.4218880534172058,
      0.4218880534172058,
      0.4297090172767639,
      0.4000000059604645,
      0.4218880534172058,
      0.4054549038410187,
      0.41604378819465637,
      0.4297090470790863,
      0.4000000059604645,
      0.4297090470790863,
      0.4000000059604645,
      0.4297090172767639,
      0.4000000059604645,
      0.41604378819465637,
      0.4000000059604645,
      0.4054549038410187,
      0.41604378819465637,
      0.43240177631378174,
      0.4348719120025635,
      0.41604378819465637,
      0.4054549038410187,
      0.43926453590393066,
      0.4000000059604645,
      0.4054549038410187,
      0.41604378819465637,
      0.4227053225040436,
      0.4000000059604645,
      0.4000000059604645,
      0.4000000059604645,
      0.41072314977645874,
      0.4000000059604645,
      0.41072314977645874,
      0.4000000059604645,
      0.4000000059604645
    ],
    [
      0.41858136653900146,
      0.4218880534172058,
      0.41072314977645874,
      0.4054549038410187,
      0.4000000059604645,
      0.41604378819465637,
      0.4218880534172058,
      0.41604378819465637,
      0.41072314977645874,
      0.43241143226623535,
      0.4000000059604645,
      0.4000000059604645,
      0.4324345588684082,
      0.4054549038410187,
      0.4218880534172058,
      0.4218880534172058,
      0.4000000059604645,
      0.4218880534172058,
      0.4000000059604645,
      0.41604378819465637,
      0.4000000059604645,
      0.43276938796043396,
      0.4000000059604645,
      0.4393828213214874,
      0.42188799381256104,
      0.41604378819465637,
      0.4054549038410187,
      0.41604378819465637,
      0.4000000059604645,
      0.4000000059604645,
      0.4000000059604645,
      0.43694713711738586,
      0.4000000059604645,
      0.4000000059604645,
      0.4000000059604645,
      0.4218880534172058,
      0.41072314977645874,
      0.43238285183906555,
      0.4054549038410187,
      0.41604378819465637
    ],
    [
      0.4218880534172058,
      0.4218880534172058,
      0.428984135389328,
      0.4000000059604645,
      0.4000000059604645,
      0.4218880534172058,
      0.437171071767807,
      0.4218880534172058,
      0.4218880534172058,
      0.43241381645202637,
      0.41858017444610596,
      0.41072314977645874,
      0.4000000059604645,
      0.4218880534172058,
      0.4000000059604645,
      0.41072314977645874,
      0.432419091463089,
      0.4000000059604645,
      0.4000000059604645,
      0.4000000059604645,
      0.428989052772522,
      0.4000000059604645,
      0.4348894953727722,
      0.4000000059604645,
      0.4348777234554291,
      0.4000000059604645,
      0.4131338894367218,
      0.4410858452320099,
      0.4218880534172058,
      0.43940386176109314,
      0.4000000059604645,
      0.4000000059604645,
      0.4392562508583069,
      0.43691059947013855,
      0.4289783537387848,
      0.4000000059604645,
      0.4000000059604645,
      0.4000000059604645,
      0.4218880534172058,
      0.4000000059604645
    ],
    [
      0.4054549038410187,
      0.4245317876338959,
      0.41072314977645874,
      0.4218880534172058,
      0.4349081218242645,
      0.4297090172767639,
      0.4218880534172058,
      0.4000000059604645,
      0.41857507824897766,
      0.4324183166027069,
      0.4369152784347534,
      0.41072314977645874,
      0.4000000059604645,
      0.4000000059604645,
      0.4000000059604645,
      0.43938860297203064,
      0.4000000059604645,
      0.41604378819465637,
      0.4297090172767639,
      0.4000000059604645,
      0.41604378819465637,
      0.41072314977645874,
      0.41604378819465637,
      0.4000000059604645,
      0.4000000059604645,
      0.4207834005355835,
      0.4000000059604645,
      0.4000000059604645,
      0.4054549038410187,
      0.4218880534172058,
      0.41072314977645874,
      0.4054549038410187,
      0.4000000059604645,
      0.4054549038410187,
      0.4427095949649811,
      0.43938881158828735,
      0.4268607795238495,
      0.4000000059604645,
      0.4218880534172058,
      0.4000000059604645
    ],
    [
      0.4000000059604645,
      0.4000000059604645,
      0.4000000059604645,
      0.4498730003833771,
      0.4054549038410187,
      0.4054549038410187,
      0.4000000059604645,
      0.4000000059604645,
      0.4054549038410187,
      0.4000000059604645,
      0.4000000059604645,
      0.4054549038410187,
      0.4207885265350342,
      0.4000000059604645,
      0.4289790987968445,
      0.4218880534172058,
      0.4000000059604645,
      0.4348733127117157,
      0.4289816617965698,
      0.4000000059604645,
      0.4000000059604645,
      0.4297090172767639,
      0.4218880534172058,
      0.4000000059604645,
      0.4297090470790863,
      0.42078444361686707,
      0.4000000059604645,
      0.42451992630958557,
      0.41604378819465637,
      0.4218880534172058,
      0.4000000059604645,
      0.4297090172767639,
      0.4218880534172058,
      0.4433351159095764,
      0.4348628520965576,
      0.420779824256897,
      0.4054549038410187,
      0.4000000059604645,
      0.4185670018196106,
      0.4218880534172058
    ],
    [
      0.4000000059604645,
      0.4000000059604645,
      0.43276044726371765,
      0.42078500986099243,
      0.4054549038410187,
      0.41604378819465637,
      0.4054549038410187,
      0.41072314977645874,
      0.41604378819465637,
      0.4348994493484497,
      0.4218880534172058,
      0.4297090172767639,
      0.4000000059604645,
      0.4297090470790863,
      0.4000000059604645,
      0.4185742437839508,
      0.439378947019577,
      0.4297090470790863,
      0.4000000059604645,
      0.4218880236148834,
      0.41072314977645874,
      0.4000000059604645,
      0.4324234127998352,
      0.42188799381256104,
      0.43490615487098694,
      0.4000000059604645,
      0.4000000059604645,
      0.41072314977645874,
      0.41604378819465637,
      0.4054549038410187,
      0.41072314977645874,
      0.4000000059604645,
      0.41072314977645874,
      0.4218880534172058,
      0.43938368558883667,
      0.41604378819465637,
      0.4297090470790863,
      0.4297090470790863,
      0.4000000059604645,
      0.4467390179634094
    ],
    [
      0.4218880534172058,
      0.4218880534172058,
      0.41072314977645874,
      0.42078450322151184,
      0.4000000059604645,
      0.41072314977645874,
      0.4369073212146759,
      0.41604378819465637,
      0.4288345277309418,
      0.41072314977645874,
      0.42898082733154297,
      0.4218880534172058,
      0.4309826195240021,
      0.4000000059604645,
      0.42449870705604553,
      0.4371434450149536,
      0.4000000059604645,
      0.41072314977645874,
      0.4409952163696289,
      0.4054549038410187,
      0.4000000059604645,
      0.4393942654132843,
      0.42686927318573,
      0.4218880534172058,
      0.4000000059604645,
      0.43718647956848145,
      0.4054549038410187,
      0.4297090172767639,
      0.43939852714538574,
      0.4000000059604645,
      0.4000000059604645,
      0.4000000059604645,
      0.4000000059604645,
      0.41604378819465637,
      0.4218880534172058,
      0.4000000059604645,
      0.4000000059604645,
      0.4327453374862671,
      0.4297090172767639,
      0.4054549038410187
    ],
    [
      0.4000000059604645,
      0.4218880534172058,
