{
  "run_id": "20260305_132732",
  "condition": "E",
  "problem": "causeway_bridge",
  "timestamp": "2026-03-05T13:27:32.710789",
  "metrics": {
    "final_compliance": 1183.6192584977864,
    "topology_sparsity": 1.0,
    "grey_ratio": 1.0,
    "convergence_step": 1,
    "wall_time_s": 0.593914270401001,
    "n_params": 8577,
    "n_steps": 5
  },
  "loss_history": [
    1244.6070297295173,
    1231.4793636547602,
    1217.0555247945777,
    1200.7165395604595,
    1183.6192584977864
  ],
  "final_density": [
    [
      0.5187270641326904,
      0.5186091065406799,
      0.5186494588851929,
      0.518697202205658,
      0.5187351703643799,
      0.5187685489654541,
      0.518801748752594,
      0.5188342332839966,
      0.5188667178153992,
      0.5187981128692627,
      0.5186784863471985,
      0.5185768008232117,
      0.5184726715087891,
      0.5183443427085876,
      0.5182190537452698,
      0.5181495547294617,
      0.5180859565734863,
      0.5180461406707764,
      0.5180055499076843,
      0.5179643630981445,
      0.5179232358932495,
      0.5178342461585999,
      0.5177291035652161,
      0.517624020576477,
      0.517518937587738,
      0.5174137949943542,
      0.5173087120056152,
      0.5172036290168762,
      0.5170961618423462,
      0.5169851183891296,
      0.5168741345405579,
      0.516805112361908,
      0.5167392492294312,
      0.5166667699813843,
      0.5165942907333374,
      0.5164433121681213,
      0.5162712931632996,
      0.5161327719688416,
      0.5159924030303955,
      0.5158520340919495
    ],
    [
      0.5187609791755676,
      0.5188006162643433,
      0.518897294998169,
      0.518982470035553,
      0.5190436840057373,
      0.5191050171852112,
      0.5191662907600403,
      0.5192134976387024,
      0.5191245675086975,
      0.5190094709396362,
      0.5188809633255005,
      0.5187326073646545,
      0.5185702443122864,
      0.518450915813446,
      0.5183507204055786,
      0.5182567834854126,
      0.5182264447212219,
      0.5182145237922668,
      0.518202543258667,
      0.5181905627250671,
      0.5181785821914673,
      0.5181504487991333,
      0.5181081295013428,
      0.5180028080940247,
      0.5178965926170349,
      0.5177903175354004,
      0.5176840424537659,
      0.5175778269767761,
      0.5174715518951416,
      0.5173652768135071,
      0.5172573328018188,
      0.5171480178833008,
      0.5170361995697021,
      0.5169031023979187,
      0.5168370008468628,
      0.5167507529258728,
      0.5166707038879395,
      0.5165563821792603,
      0.5164207220077515,
      0.5162850022315979
    ],
    [
      0.5189235210418701,
      0.5190185308456421,
      0.5191196799278259,
      0.5192198753356934,
      0.5192794799804688,
      0.5192981362342834,
      0.5193127393722534,
      0.5192552208900452,
      0.5191282629966736,
      0.518998384475708,
      0.5188557505607605,
      0.5187422037124634,
      0.5186423063278198,
      0.5185413360595703,
      0.5184372663497925,
      0.5183031558990479,
      0.5182273387908936,
      0.518212080001831,
      0.518230676651001,
      0.5182519555091858,
      0.5182732939720154,
      0.5182708501815796,
      0.5182589292526245,
      0.5182469487190247,
      0.5182188153266907,
      0.5181173086166382,
      0.5180110335350037,
      0.5179046392440796,
      0.5177953243255615,
      0.5176860094070435,
      0.5175844430923462,
      0.5174976587295532,
      0.5174089670181274,
      0.5173202753067017,
      0.5172315835952759,
      0.5171146988868713,
      0.5169793963432312,
      0.5168448686599731,
      0.5167431235313416,
      0.5166332125663757
    ],
    [
      0.5186809301376343,
      0.5189473628997803,
      0.5191487669944763,
      0.519201934337616,
      0.5192561745643616,
      0.5193318724632263,
      0.519395112991333,
      0.5193375945091248,
      0.5192491412162781,
      0.5191606879234314,
      0.5190722942352295,
      0.5189838409423828,
      0.5188953876495361,
      0.5188069939613342,
      0.5187185406684875,
      0.5186334848403931,
      0.5185611844062805,
      0.5184853076934814,
      0.5184414982795715,
      0.5184034109115601,
      0.5183652639389038,
      0.5183277726173401,
      0.5183236598968506,
      0.5183175802230835,
      0.5182998180389404,
      0.5182806849479675,
      0.5182316303253174,
      0.5181630253791809,
      0.5181092023849487,
      0.5180553793907166,
      0.5179619789123535,
      0.5178490877151489,
      0.5177370309829712,
      0.5176483392715454,
      0.5175596475601196,
      0.5174709558486938,
      0.5174040794372559,
      0.5173276662826538,
      0.5172147154808044,
      0.5170987248420715
    ],
    [
      0.5180561542510986,
      0.5184099078178406,
      0.5187159180641174,
      0.5190104246139526,
      0.5193096995353699,
      0.5195872187614441,
      0.5196434855461121,
      0.519554078578949,
      0.5194656848907471,
      0.5193772315979004,
      0.5192887783050537,
      0.5192003846168518,
      0.5191119313240051,
      0.5190336108207703,
      0.5189997553825378,
      0.5189359188079834,
      0.5188470482826233,
      0.5187581777572632,
      0.5186875462532043,
      0.5186170339584351,
      0.5185698866844177,
      0.518534779548645,
      0.5184923410415649,
      0.5184499025344849,
      0.5184253454208374,
      0.5184173583984375,
      0.5184221267700195,
      0.5184343457221985,
      0.5183999538421631,
      0.5183461308479309,
      0.518292248249054,
      0.5182384252548218,
      0.5181846022605896,
      0.5181307792663574,
      0.518071174621582,
      0.5179963707923889,
      0.5179561376571655,
      0.5179246068000793,
      0.5178598165512085,
      0.5177644491195679
    ],
    [
      0.5174655318260193,
      0.5177948474884033,
      0.5181539058685303,
      0.5185101628303528,
      0.5188601016998291,
      0.5192095637321472,
      0.5195098519325256,
      0.5195995569229126,
      0.5196821689605713,
      0.5195937156677246,
      0.5195053219795227,
      0.5194169282913208,
      0.5193542242050171,
      0.5193203687667847,
      0.519286572933197,
      0.5192404985427856,
      0.5191516280174255,
      0.5190628170967102,
      0.5189738869667053,
      0.5188817977905273,
      0.518794596195221,
      0.5187287926673889,
      0.5186936259269714,
      0.5186782479286194,
      0.5186628103256226,
      0.5186473727226257,
      0.5186319947242737,
      0.5186165571212769,
      0.5186092257499695,
      0.5186139941215515,
      0.5185601115226746,
      0.5185021162033081,
      0.5184502601623535,
      0.5184023976325989,
      0.5183545351028442,
      0.5183067321777344,
      0.5183042883872986,
      0.5182979702949524,
      0.5182902812957764,
      0.5182586908340454
    ],
    [
      0.5171246528625488,
      0.5173895955085754,
      0.517650306224823,
      0.5178970098495483,
      0.5182426571846008,
      0.5185900330543518,
      0.518950343132019,
      0.5191987752914429,
      0.5193215012550354,
      0.5194422006607056,
      0.5195481777191162,
      0.5196593403816223,
      0.5196409821510315,
      0.5196069478988647,
      0.5195691585540771,
      0.5195313692092896,
      0.5194396376609802,
      0.5193451046943665,
      0.5192708969116211,
      0.5191968679428101,
      0.519122838973999,
      0.519048810005188,
      0.518984317779541,
      0.5189197659492493,
      0.5189002752304077,
      0.5188848376274109,
      0.5188694596290588,
      0.518854022026062,
      0.5188385844230652,
      0.5188231468200684,
      0.5188077688217163,
      0.5187902450561523,
      0.5187322497367859,
      0.5186742544174194,
      0.518616259098053,
      0.5185657143592834,
      0.5185540318489075,
      0.5185472369194031,
      0.5185457468032837,
      0.5185346603393555
    ],
    [
      0.5165631175041199,
      0.5167574286460876,
      0.5169630646705627,
      0.5172411203384399,
      0.5175219774246216,
