{
  "run_id": "20260305_131915",
  "condition": "C",
  "problem": "mbb_beam",
  "timestamp": "2026-03-05T13:19:15.394523",
  "metrics": {
    "final_compliance": 242.51380756179805,
    "topology_sparsity": 0.6916666666666667,
    "grey_ratio": 0.15833333333333333,
    "convergence_step": 1,
    "wall_time_s": 1.486114263534546,
    "n_params": 480,
    "n_steps": 5
  },
  "loss_history": [
    235.4205778028801,
    260.9850097597802,
    251.20044196473964,
    251.20044196473964,
    242.51380756179805
  ],
  "final_density": [
    [
      0.42473506927490234,
      1.0,
      1.0,
      1.0,
      1.0,
      1.0,
      1.0,
      1.0,
      1.0,
      1.0,
      1.0,
      1.0,
      1.0,
      1.0,
      1.0,
      1.0,
      1.0,
      1.0,
      1.0,
      1.0,
      1.0,
      1.0,
      1.0,
      1.0,
      1.0,
      1.0,
      1.0,
      1.0,
      0.43721437454223633,
      1.0,
      0.0010000000474974513,
      0.0010000000474974513,
      0.2960355281829834,
      0.0010000000474974513,
      0.0010000000474974513,
      0.0010000000474974513,
      0.0010000000474974513,
      0.0010000000474974513,
      0.0010000000474974513,
      0.0010000000474974513
    ],
    [
      1.0,
      1.0,
      1.0,
      1.0,
      1.0,
      1.0,
      1.0,
      1.0,
      1.0,
      1.0,
      1.0,
      1.0,
      1.0,
      1.0,
      1.0,
      1.0,
      1.0,
      1.0,
      1.0,
      1.0,
      1.0,
      1.0,
      1.0,
      1.0,
      1.0,
      1.0,
      0.975215494632721,
      1.0,
      1.0,
      1.0,
      1.0,
      1.0,
      0.0010000000474974513,
      0.0010000000474974513,
      0.0010000000474974513,
      0.0010000000474974513,
      0.0010000000474974513,
      0.0010000000474974513,
      0.0010000000474974513,
      0.0010000000474974513
    ],
    [
      1.0,
      1.0,
      1.0,
      1.0,
      1.0,
      1.0,
      1.0,
      1.0,
      1.0,
      1.0,
      1.0,
      1.0,
      1.0,
      1.0,
      1.0,
      1.0,
      1.0,
      0.5836217403411865,
      1.0,
      1.0,
      1.0,
      1.0,
      1.0,
      1.0,
      1.0,
      1.0,
      1.0,
      1.0,
      0.9890992641448975,
      1.0,
      0.7838387489318848,
      1.0,
      0.9405096173286438,
      0.4751744866371155,
      0.0010000000474974513,
      0.0010000000474974513,
      0.0010000000474974513,
      0.0010000000474974513,
      0.0010000000474974513,
      0.0010000000474974513
    ],
    [
      1.0,
      1.0,
      1.0,
      1.0,
      1.0,
      1.0,
      1.0,
      1.0,
      1.0,
      1.0,
      1.0,
      1.0,
      0.0924118161201477,
      1.0,
      1.0,
      1.0,
      1.0,
      0.7916469573974609,
      0.0010000000474974513,
      0.7101123929023743,
      1.0,
      0.0010000000474974513,
      0.3096786141395569,
      0.016513453796505928,
      0.19951002299785614,
      0.0010000000474974513,
      0.7138164043426514,
      0.23942503333091736,
      0.6848568916320801,
      0.500421404838562,
      1.0,
      1.0,
      1.0,
      1.0,
      1.0,
      0.0010000000474974513,
      0.0010000000474974513,
      0.0010000000474974513,
      0.0010000000474974513,
      0.0010000000474974513
    ],
    [
      1.0,
      1.0,
      1.0,
      1.0,
      1.0,
      1.0,
      1.0,
      0.003698856569826603,
      1.0,
      1.0,
      0.0010000000474974513,
      1.0,
      0.0010000000474974513,
      1.0,
      0.3197154104709625,
      0.0010000000474974513,
      0.3728913366794586,
      1.0,
      0.10489079356193542,
      0.22676271200180054,
      0.0010000000474974513,
      0.31488680839538574,
      0.0010000000474974513,
      0.2033546268939972,
      1.0,
      0.0010000000474974513,
      1.0,
      0.16077089309692383,
      0.07049953192472458,
      0.0010000000474974513,
      0.8890655040740967,
      1.0,
      0.6165610551834106,
      1.0,
      1.0,
      1.0,
      1.0,
      0.0010000000474974513,
      0.0010000000474974513,
      0.0010000000474974513
    ],
    [
      0.2503059506416321,
      0.11886051297187805,
      0.03646404296159744,
      0.04303163290023804,
      0.23196984827518463,
      1.0,
      0.20103579759597778,
      0.3340267837047577,
      0.0010000000474974513,
      1.0,
      0.0010000000474974513,
      1.0,
      0.07778239250183105,
      0.5709282159805298,
      0.16922405362129211,
      1.0,
      0.13299112021923065,
      0.7246150374412537,
      0.6770250797271729,
      1.0,
      0.49344563484191895,
      1.0,
      0.9943092465400696,
      0.548471987247467,
      1.0,
      0.14770931005477905,
      0.7169305682182312,
      0.0010000000474974513,
      0.1634751856327057,
      0.443909227848053,
      0.02873995155096054,
      0.0010000000474974513,
      0.3114253878593445,
      0.8114303350448608,
      0.7464039325714111,
      1.0,
      1.0,
      0.0010000000474974513,
      0.0010000000474974513,
      0.0010000000474974513
    ],
    [
      0.0010000000474974513,
      0.5994449853897095,
      0.0010000000474974513,
      0.0010000000474974513,
      0.2983287274837494,
      0.0010000000474974513,
      0.0010000000474974513,
      1.0,
      0.7705302834510803,
      1.0,
      0.1635662168264389,
      0.7382797598838806,
      1.0,
      0.0010000000474974513,
      1.0,
      0.10999093949794769,
      0.986052930355072,
      0.9798100590705872,
      0.5980589985847473,
      0.33996739983558655,
      0.0010000000474974513,
      0.6326063275337219,
      0.9065527319908142,
      0.806294322013855,
      0.19930000603199005,
      0.5791517496109009,
      0.7845996022224426,
      0.041345659643411636,
      0.39081016182899475,
      0.18977586925029755,
      0.0010000000474974513,
      0.4418100416660309,
      0.3851734697818756,
      0.8094521760940552,
      0.6595609784126282,
      0.8904603719711304,
      1.0,
      1.0,
      1.0,
      1.0
    ],
    [
      0.0010000000474974513,
      1.0,
      0.0010000000474974513,
      1.0,
      1.0,
      0.3875388205051422,
      0.7088159322738647,
      1.0,
      0.0010000000474974513,
      1.0,
      0.20544186234474182,
      1.0,
      0.6920883655548096,
      0.0010000000474974513,
      1.0,
      1.0,
      0.09162912517786026,
      0.30327337980270386,
      0.31725847721099854,
      0.0010000000474974513,
      1.0,
      0.6280221939086914,
      0.28253382444381714,
      1.0,
      0.45354267954826355,
      0.0010000000474974513,
      0.4106214642524719,
      0.0010000000474974513,
      0.8909235596656799,
      0.6032624244689941,
      0.28994515538215637,
      0.0010000000474974513,
      0.7195417284965515,
      0.2819059491157532,
      0.25995898246765137,
      0.33098796010017395,
      1.0,
      0.40529730916023254,
      1.0,
      1.0
    ],
    [
      1.0,
      1.0,
      1.0,
      1.0,
      1.0,
      1.0,
      1.0,
      1.0,
      1.0,
      0.6930654048919678,
      1.0,
      1.0,
      0.277483731508255,
      1.0,
      1.0,
      0.0010000000474974513,
      1.0,
      1.0,
      0.0010000000474974513,
      1.0,
      1.0,
      0.0010000000474974513,
      0.46448975801467896,
      0.13148057460784912,
      0.0010000000474974513,
      0.0010000000474974513,
      0.06983806937932968,
      0.17355354130268097,
      0.6967790126800537,
      0.9833893775939941,
      0.0010000000474974513,
      0.0010000000474974513,
      0.2455105185508728,
      0.01134792622178793,
      0.0010000000474974513,
      0.8796418309211731,
      1.0,
      0.37776127457618713,
      1.0,
      1.0
    ],
    [
      1.0,
      1.0,
      1.0,
      1.0,
      1.0,
      1.0,
      1.0,
      1.0,
      1.0,
      1.0,
      1.0,
      1.0,
      1.0,
      1.0,
      1.0,
      1.0,
      1.0,
      1.0,
      1.0,
      1.0,
      1.0,
      1.0,
      0.0010000000474974513,
      0.0010000000474974513,
      1.0,
      1.0,
      1.0,
      0.3352174758911133,
      0.0830467939376831,
      0.0010000000474974513,
