{
  "run_id": "20260305_132344",
  "condition": "E",
  "problem": "causeway_bridge",
  "timestamp": "2026-03-05T13:23:44.745218",
  "metrics": {
    "final_compliance": 1520.101906003451,
    "topology_sparsity": 0.0,
    "grey_ratio": 1.0,
    "convergence_step": 1,
    "wall_time_s": 0.631915807723999,
    "n_params": 8577,
    "n_steps": 5
  },
  "loss_history": [
    1557.5274393315817,
    1549.3734833150756,
    1541.576721781515,
    1531.5082547925463,
    1520.101906003451
  ],
  "final_density": [
    [
      0.4812355935573578,
      0.48122963309288025,
      0.48122698068618774,
      0.48119279742240906,
      0.48114213347435,
      0.48109349608421326,
      0.48104482889175415,
      0.48096516728401184,
      0.4808640480041504,
      0.4807605445384979,
      0.48065707087516785,
      0.480553537607193,
      0.4804500639438629,
      0.4803360402584076,
      0.48021724820137024,
      0.4800983667373657,
      0.47989770770072937,
      0.4796743392944336,
      0.4794224500656128,
      0.4791634976863861,
      0.4789067506790161,
      0.4786376357078552,
      0.4785333275794983,
      0.4784693419933319,
      0.4784165322780609,
      0.4783687889575958,
      0.47831991314888,
      0.47827255725860596,
      0.4782278537750244,
      0.4781830906867981,
      0.47813108563423157,
      0.47807854413986206,
      0.47802600264549255,
      0.47797366976737976,
      0.47794851660728455,
      0.477958083152771,
      0.4779420793056488,
      0.47790199518203735,
      0.4778618812561035,
      0.47782179713249207
    ],
    [
      0.48053494095802307,
      0.4805353879928589,
      0.48054710030555725,
      0.4805580675601959,
      0.48056933283805847,
      0.4805757999420166,
      0.4805811941623688,
      0.4805660843849182,
      0.4804667830467224,
      0.4803604185581207,
      0.48025405406951904,
      0.48014765977859497,
      0.4800407290458679,
      0.47984224557876587,
      0.47962650656700134,
      0.4793970286846161,
      0.4791650176048279,
      0.47890743613243103,
      0.4786507487297058,
      0.4783940017223358,
      0.4781457483768463,
      0.4780023694038391,
      0.47790253162384033,
      0.477836936712265,
      0.47775810956954956,
      0.4776851534843445,
      0.4776191711425781,
      0.4775703251361847,
      0.47752144932746887,
      0.47751089930534363,
      0.47752222418785095,
      0.4775308072566986,
      0.4775375425815582,
      0.4775443375110626,
      0.47757044434547424,
      0.4775658845901489,
      0.4775426685810089,
      0.47751951217651367,
      0.4774962365627289,
      0.47751861810684204
    ],
    [
      0.479963481426239,
      0.479940801858902,
      0.4799359142780304,
      0.4799344837665558,
      0.47995322942733765,
      0.4799700677394867,
      0.4799845814704895,
      0.47998830676078796,
      0.47996485233306885,
      0.4798475205898285,
      0.4796857535839081,
      0.4794735312461853,
      0.47925350069999695,
      0.47903358936309814,
      0.4788137376308441,
      0.47859761118888855,
      0.47837477922439575,
      0.47810453176498413,
      0.47780758142471313,
      0.47752755880355835,
      0.47738558053970337,
      0.4773043692111969,
      0.47722703218460083,
      0.47721269726753235,
      0.4772067666053772,
      0.47720086574554443,
      0.4771786630153656,
      0.47714662551879883,
      0.4771312177181244,
      0.4771372973918915,
      0.4771323502063751,
      0.4771213233470917,
      0.4771135151386261,
      0.4771202504634857,
      0.4771088659763336,
      0.477107435464859,
      0.4771411418914795,
      0.4771810472011566,
      0.47722095251083374,
      0.47726085782051086
    ],
    [
      0.4795212149620056,
      0.47947385907173157,
      0.4794219136238098,
      0.47937247157096863,
      0.4793095290660858,
      0.4792020320892334,
      0.4791199862957001,
      0.4790286421775818,
      0.4789101779460907,
      0.4787527620792389,
      0.4785950779914856,
      0.4784674346446991,
      0.4783633351325989,
      0.4782262146472931,
      0.4780193269252777,
      0.4777891933917999,
      0.477558970451355,
      0.4773288667201996,
      0.4771296977996826,
      0.4770570397377014,
      0.47697582840919495,
      0.4768945872783661,
      0.4768133759498596,
      0.47678691148757935,
      0.4767810106277466,
      0.4767751097679138,
      0.47677844762802124,
      0.4767834544181824,
      0.4767884910106659,
      0.4767739474773407,
      0.4767606854438782,
      0.4767495095729828,
      0.47678300738334656,
      0.4767940044403076,
      0.4768120050430298,
      0.47683000564575195,
      0.4768725633621216,
      0.4769192039966583,
      0.47696584463119507,
      0.4770181179046631
    ],
    [
      0.47906044125556946,
      0.47892796993255615,
      0.47880592942237854,
      0.478655070066452,
      0.47849538922309875,
      0.47833576798439026,
      0.47817614674568176,
      0.47801604866981506,
      0.47786933183670044,
      0.4777514338493347,
      0.47759154438972473,
      0.4774235188961029,
      0.4772554337978363,
      0.4771045744419098,
      0.47696101665496826,
      0.4768174886703491,
      0.47667354345321655,
      0.47662660479545593,
      0.47663336992263794,
      0.4765816926956177,
      0.4765273332595825,
      0.47646600008010864,
      0.47640058398246765,
      0.47636649012565613,
      0.4763714671134949,
      0.4763764441013336,
      0.4763992130756378,
      0.4764270782470703,
      0.47645485401153564,
      0.4765014052391052,
      0.4765753149986267,
      0.4766491651535034,
      0.4766470789909363,
      0.4766513407230377,
      0.4766644537448883,
      0.47667744755744934,
      0.4766748547554016,
      0.47663789987564087,
      0.47661149501800537,
      0.47661131620407104
    ],
    [
      0.4783385097980499,
      0.47816792130470276,
      0.477989137172699,
      0.47781041264533997,
      0.4776346683502197,
      0.47743546962738037,
      0.47724705934524536,
      0.4770694077014923,
      0.4768902361392975,
      0.4767085611820221,
      0.47652679681777954,
      0.47630470991134644,
      0.476086288690567,
      0.4759121239185333,
      0.4757973551750183,
      0.4757117033004761,
      0.47569331526756287,
      0.4757242202758789,
      0.47577884793281555,
      0.4758092164993286,
      0.4758412837982178,
      0.4758899211883545,
      0.47591719031333923,
      0.47595879435539246,
      0.4759959578514099,
      0.47603732347488403,
      0.4760960042476654,
      0.47618162631988525,
      0.4762672781944275,
      0.4763466715812683,
      0.4764184355735779,
      0.47639474272727966,
      0.4763607382774353,
      0.4763451814651489,
      0.4763295352458954,
      0.47631388902664185,
      0.4762952923774719,
      0.4762659966945648,
      0.47622424364089966,
      0.4761773645877838
    ],
    [
      0.4776056408882141,
      0.47738319635391235,
      0.4771312177181244,
      0.47690334916114807,
      0.47667843103408813,
      0.47647321224212646,
      0.47626960277557373,
      0.4760669469833374,
      0.4758641719818115,
      0.47568175196647644,
      0.4755011200904846,
      0.4753648340702057,
      0.47526824474334717,
      0.4751713275909424,
      0.4750741124153137,
      0.474979430437088,
      0.47498512268066406,
      0.47502225637435913,
      0.4750959575176239,
      0.4751724600791931,
      0.47524890303611755,
      0.4753355085849762,
      0.4754491448402405,
      0.4755864143371582,
      0.47571370005607605,
      0.475842148065567,
      0.4759438931941986,
      0.47603484988212585,
      0.47608843445777893,
      0.4761199951171875,
      0.47607019543647766,
      0.4760335385799408,
      0.4760158360004425,
      0.4760020971298218,
      0.47599151730537415,
      0.4759783446788788,
      0.4759535491466522,
      0.47592875361442566,
      0.4759039282798767,
      0.47587907314300537
    ],
    [
