{
  "run_id": "20260305_132737",
  "condition": "G",
  "problem": "mbb_beam",
  "timestamp": "2026-03-05T13:27:37.173727",
  "metrics": {
    "final_compliance": 1222.7473558846482,
    "topology_sparsity": 1.0,
    "grey_ratio": 1.0,
    "convergence_step": 1,
    "wall_time_s": 0.8886568546295166,
    "n_params": 16705,
    "n_steps": 5
  },
  "loss_history": [
    1242.1031218332637,
    1238.158729228041,
    1232.9161177637163,
    1228.123644438168,
    1222.7473558846482
  ],
  "final_density": [
    [
      0.5123355388641357,
      0.5130656957626343,
      0.5136715173721313,
      0.5142143368721008,
      0.5145499110221863,
      0.514980137348175,
      0.5151478052139282,
      0.5153365135192871,
      0.5153002738952637,
      0.5151284337043762,
      0.515026330947876,
      0.5151488184928894,
      0.5153228640556335,
      0.5155325531959534,
      0.5152904391288757,
      0.5155655145645142,
      0.5156235694885254,
      0.5152159929275513,
      0.5142292976379395,
      0.5129231810569763,
      0.5122736096382141,
      0.5118075013160706,
      0.5117352604866028,
      0.5118436217308044,
      0.5119632482528687,
      0.5123225450515747,
      0.5125397443771362,
      0.5128264427185059,
      0.5127643346786499,
      0.5126408934593201,
      0.5124151706695557,
      0.5120936036109924,
      0.511770486831665,
      0.5111733078956604,
      0.510753333568573,
      0.5104203224182129,
      0.5101279616355896,
      0.5100829005241394,
      0.5099884271621704,
      0.5102760195732117
    ],
    [
      0.5125851035118103,
      0.5128986239433289,
      0.5130848288536072,
      0.5133867859840393,
      0.5135372877120972,
      0.5141007304191589,
      0.5145050883293152,
      0.5142228603363037,
      0.5137019753456116,
      0.5131915211677551,
      0.5129057168960571,
      0.512959897518158,
      0.513538658618927,
      0.5140988826751709,
      0.514604926109314,
      0.514771580696106,
      0.514523446559906,
      0.5144394040107727,
      0.5139102339744568,
      0.512862503528595,
      0.5124449133872986,
      0.512369692325592,
      0.5123564004898071,
      0.5126883387565613,
      0.512959361076355,
      0.5133170485496521,
      0.5136644840240479,
      0.5142799019813538,
      0.5145651698112488,
      0.5143754482269287,
      0.5137933492660522,
      0.5134304165840149,
      0.5132378339767456,
      0.5131913423538208,
      0.5129480361938477,
      0.5126395225524902,
      0.5122421383857727,
      0.5117579698562622,
      0.5119378566741943,
      0.5125892162322998
    ],
    [
      0.5128049850463867,
      0.5133049488067627,
      0.5131609439849854,
      0.5130406022071838,
      0.5131855010986328,
      0.5134552121162415,
      0.5133224725723267,
      0.5131146907806396,
      0.5127768516540527,
      0.5122855305671692,
      0.5118067264556885,
      0.5117680430412292,
      0.5123085379600525,
      0.5132492184638977,
      0.5138227939605713,
      0.5136739015579224,
      0.5128478407859802,
      0.5126008987426758,
      0.5131738185882568,
      0.5128271579742432,
      0.5125529766082764,
      0.5124372839927673,
      0.5125837326049805,
      0.5131289958953857,
      0.513601541519165,
      0.5141074657440186,
      0.5146457552909851,
      0.5149629712104797,
      0.5153694748878479,
      0.5156111717224121,
      0.5156020522117615,
      0.5155234932899475,
      0.5152778625488281,
      0.5150403380393982,
      0.514529287815094,
      0.5137365460395813,
      0.5133733749389648,
      0.5135414004325867,
      0.5138289332389832,
      0.514349639415741
    ],
    [
      0.5134457349777222,
      0.5139363408088684,
      0.5139423608779907,
      0.5133942365646362,
      0.5125375986099243,
      0.5122914910316467,
      0.5122575163841248,
      0.5124055743217468,
      0.5122203826904297,
      0.5118841528892517,
      0.5119349956512451,
      0.5120791792869568,
      0.5123509764671326,
      0.5124638676643372,
      0.5120046138763428,
      0.5113339424133301,
      0.5113708972930908,
      0.5119423270225525,
      0.512184739112854,
      0.5120094418525696,
      0.511838436126709,
      0.5121745467185974,
      0.5127356052398682,
      0.5127925276756287,
      0.5128374099731445,
      0.5135014057159424,
      0.5142059922218323,
      0.5148484706878662,
      0.514994740486145,
      0.5146670937538147,
      0.5147718191146851,
      0.5149271488189697,
      0.5150340795516968,
      0.514703094959259,
      0.5144129395484924,
      0.5138697624206543,
      0.5137638449668884,
      0.5135838389396667,
      0.5137807130813599,
      0.5148493051528931
    ],
    [
      0.5138193368911743,
      0.5139665603637695,
      0.5137969255447388,
      0.5136054158210754,
      0.5127986073493958,
      0.5121965408325195,
      0.5120672583580017,
      0.5119915008544922,
      0.5118452906608582,
      0.5115047097206116,
      0.5112191438674927,
      0.5110471844673157,
      0.5112186074256897,
      0.5114429593086243,
      0.5112142562866211,
      0.5110635757446289,
      0.5116012096405029,
      0.5123069286346436,
      0.5128957033157349,
      0.5132871866226196,
      0.5133388638496399,
      0.513382613658905,
      0.513450026512146,
      0.5137300491333008,
      0.5138821005821228,
      0.5136697888374329,
      0.5138899087905884,
      0.5141281485557556,
      0.5145885348320007,
      0.5146215558052063,
      0.5141136050224304,
      0.5135319232940674,
      0.5137545466423035,
      0.5139201879501343,
      0.5137794017791748,
      0.5130484700202942,
      0.5127316117286682,
      0.5129042863845825,
      0.5132036209106445,
      0.5134385228157043
    ],
    [
      0.5133508443832397,
      0.5133461356163025,
      0.5136129260063171,
      0.5139749646186829,
      0.5138289332389832,
      0.513877809047699,
      0.5137770175933838,
      0.513577401638031,
      0.5129877328872681,
      0.5121033191680908,
      0.511440098285675,
      0.5106003284454346,
      0.5105422735214233,
      0.5112517476081848,
      0.5114285349845886,
      0.5114213824272156,
      0.5116695165634155,
      0.5122915506362915,
      0.5126670002937317,
      0.5132040977478027,
      0.5137535929679871,
      0.51418137550354,
      0.5143445730209351,
      0.5140871405601501,
      0.5141527652740479,
      0.5141713619232178,
      0.5141292214393616,
      0.5144369006156921,
      0.5146071910858154,
      0.5144969820976257,
      0.5142472982406616,
      0.5138646960258484,
      0.5134068727493286,
      0.5139155387878418,
      0.514202892780304,
      0.5140572786331177,
      0.5140005946159363,
      0.5139121413230896,
      0.5143244862556458,
      0.5149620175361633
    ],
    [
      0.513171374797821,
      0.5131934285163879,
      0.5131823420524597,
      0.5132980346679688,
      0.513399064540863,
      0.5134525299072266,
      0.5133774876594543,
      0.5130035877227783,
      0.5126459002494812,
      0.5118051767349243,
      0.5109856724739075,
      0.5107587575912476,
      0.5104837417602539,
      0.5103320479393005,
      0.5104449987411499,
      0.5111156702041626,
      0.5118834972381592,
      0.512454092502594,
      0.512932300567627,
      0.5128952860832214,
      0.5130712389945984,
      0.5136139392852783,
      0.513945460319519,
      0.5139225721359253,
      0.513957679271698,
      0.5144219398498535,
      0.5146382451057434,
      0.5146529078483582,
      0.5149977207183838,
      0.5149795413017273,
      0.5147193670272827,
      0.5144194960594177,
      0.5141969919204712,
      0.5143120884895325,
      0.5148535370826721,
      0.5145257711410522,
      0.5143735408782959,
      0.5147904753684998,
      0.5151873230934143,
      0.5152041912078857
    ],
    [
      0.51261967420578,
      0.5123265981674194,
      0.5122985243797302,
      0.5122516751289368,
      0.5120571851730347,
      0.5119267702102661,
