{
  "run_id": "20260305_132404",
  "condition": "K",
  "problem": "multistory_building",
  "timestamp": "2026-03-05T13:24:04.770478",
  "metrics": {
    "final_compliance": 414.2524736414009,
    "topology_sparsity": 0.7520833333333333,
    "grey_ratio": 0.60625,
    "convergence_step": 5,
    "wall_time_s": 1.024317741394043,
    "n_params": 755297,
    "n_steps": 5
  },
  "loss_history": [
    949.2757873282353,
    816.0235133714365,
    517.9829796316405,
    468.67138809067245,
    414.2524736414009
  ],
  "final_density": [
    [
      0.8808945417404175,
      0.9202237725257874,
      0.8875401616096497,
      0.9127154350280762,
      0.8784609436988831,
      0.9139951467514038,
      0.8791385293006897,
      0.9209550023078918,
      0.8958119750022888,
      0.9267183542251587,
      0.8906674385070801,
      0.9183194041252136,
      0.8889505863189697,
      0.9217855334281921,
      0.8846825957298279,
      0.9205872416496277,
      0.8926838040351868,
      0.9247382879257202,
      0.8782449960708618,
      0.9127653241157532,
      0.8743885159492493,
      0.9184468984603882,
      0.8758507966995239,
      0.9098737835884094,
      0.8551948666572571,
      0.8941523432731628,
      0.8359927535057068,
      0.8870840072631836,
      0.8396210074424744,
      0.8987377882003784,
      0.8552502989768982,
      0.896263837814331,
      0.8369255065917969,
      0.8830400705337524,
      0.829425573348999,
      0.877937376499176,
      0.8370806574821472,
      0.8900591135025024,
      0.8625777959823608,
      0.8845046758651733
    ],
    [
      0.8540211319923401,
      0.7734351754188538,
      0.8524509072303772,
      0.7104859948158264,
      0.8245297074317932,
      0.7107250094413757,
      0.8349467515945435,
      0.7348244786262512,
      0.8547117710113525,
      0.739073634147644,
      0.835076093673706,
      0.6390389204025269,
      0.8142924308776855,
      0.6231296062469482,
      0.7699409127235413,
      0.5230762958526611,
      0.7738796472549438,
      0.5313042998313904,
      0.7141881585121155,
      0.3546917140483856,
      0.6527116298675537,
      0.3110598623752594,
      0.6160070300102234,
      0.300014853477478,
      0.5494649410247803,
      0.27197521924972534,
      0.5563977956771851,
      0.2863330841064453,
      0.5188177227973938,
      0.26294630765914917,
      0.5711039900779724,
      0.3043617606163025,
      0.5397654175758362,
      0.3330531120300293,
      0.6025859713554382,
      0.4091467559337616,
      0.6517631411552429,
      0.5915709137916565,
      0.8006923794746399,
      0.7858967185020447
    ],
    [
      0.8118535280227661,
      0.8249436020851135,
      0.7492174506187439,
      0.7999921441078186,
      0.7422273755073547,
      0.8299534320831299,
      0.7525967955589294,
      0.8165896534919739,
      0.7349573969841003,
      0.7949434518814087,
      0.6785576343536377,
      0.7517175674438477,
      0.6482208371162415,
      0.7729666829109192,
      0.647524356842041,
      0.7421828508377075,
      0.6020563840866089,
      0.7395835518836975,
      0.6417262554168701,
      0.7926093339920044,
      0.609021008014679,
      0.8256291151046753,
      0.7014756798744202,
      0.8405780792236328,
      0.6049124598503113,
      0.7708162069320679,
      0.6752041578292847,
      0.8240315914154053,
      0.6105144023895264,
      0.8241589665412903,
      0.6961610913276672,
      0.827934980392456,
      0.5939538478851318,
      0.7376958727836609,
      0.6329275369644165,
      0.7524780035018921,
      0.6136729121208191,
      0.8079851865768433,
      0.7660660743713379,
      0.8514864444732666
    ],
    [
      0.729016900062561,
      0.4188286364078522,
      0.557312548160553,
      0.33274662494659424,
      0.5003010630607605,
      0.33849966526031494,
      0.5494576692581177,
      0.3233944773674011,
      0.4626716077327728,
      0.25219962000846863,
      0.3974373936653137,
      0.18716982007026672,
      0.3315330147743225,
      0.1725107729434967,
      0.3438936769962311,
      0.1346975862979889,
      0.28919434547424316,
      0.09762099385261536,
      0.250364750623703,
      0.056340184062719345,
      0.20902377367019653,
      0.06610792130231857,
      0.25995415449142456,
      0.05104619264602661,
      0.20448054373264313,
      0.049268484115600586,
      0.20877893269062042,
      0.040412213653326035,
      0.1932254582643509,
      0.06995756924152374,
      0.2801525890827179,
      0.06445151567459106,
      0.2256269007921219,
      0.091941237449646,
      0.2932000160217285,
      0.14241549372673035,
      0.3235541880130768,
      0.2946527898311615,
      0.6102643609046936,
      0.6939316391944885
    ],
    [
      0.7294101715087891,
      0.7051501870155334,
      0.5544790029525757,
      0.6006348133087158,
      0.5248171091079712,
      0.6511567831039429,
      0.5362734198570251,
      0.6468641757965088,
      0.5498505234718323,
      0.6289430856704712,
      0.5435649752616882,
      0.6527977585792542,
      0.5555717349052429,
      0.6408065557479858,
      0.5578259229660034,
      0.7000399231910706,
      0.5859690308570862,
      0.7412523627281189,
      0.6372265219688416,
      0.8077405095100403,
      0.6516629457473755,
      0.7552253603935242,
      0.6233916878700256,
      0.8020336031913757,
      0.6677045822143555,
      0.8085517287254333,
      0.6714791059494019,
      0.8337693214416504,
      0.6672365665435791,
      0.7501621246337891,
      0.6035674214363098,
      0.7768113613128662,
      0.6466529965400696,
      0.7400614023208618,
      0.5872937440872192,
      0.6902824640274048,
      0.5717328786849976,
      0.6895266771316528,
      0.6538504958152771,
      0.815191388130188
    ],
    [
      0.7767989039421082,
      0.5101243853569031,
      0.654832124710083,
      0.4131297469139099,
      0.5936948657035828,
      0.4168241620063782,
      0.6343326568603516,
      0.45041701197624207,
      0.6335111856460571,
      0.33808496594429016,
      0.5593785643577576,
      0.2613113820552826,
      0.5374472141265869,
      0.20862172544002533,
      0.49243125319480896,
      0.2142695039510727,
      0.4890541434288025,
      0.12455278635025024,
      0.4572906792163849,
      0.12799416482448578,
      0.4670160710811615,
      0.10060090571641922,
      0.4595240652561188,
      0.14260625839233398,
      0.49370262026786804,
      0.07849935442209244,
      0.44537022709846497,
      0.11376426368951797,
      0.4645575284957886,
      0.10653660446405411,
      0.45678892731666565,
      0.16241690516471863,
      0.5112053155899048,
      0.14034992456436157,
      0.47103872895240784,
      0.2569149136543274,
      0.5174759030342102,
      0.41848263144493103,
      0.7272766828536987,
      0.7757085561752319
    ],
    [
      0.78695148229599,
      0.7879220843315125,
      0.6988165974617004,
      0.7713755965232849,
      0.6740363240242004,
      0.771689236164093,
      0.6966275572776794,
      0.7688162326812744,
      0.6519248485565186,
      0.7427892088890076,
      0.6529920101165771,
      0.7653437256813049,
      0.6232341527938843,
      0.7947166562080383,
      0.7147736549377441,
      0.8350898623466492,
      0.6337445378303528,
      0.8382088541984558,
      0.7598674297332764,
      0.9016085267066956,
      0.694674015045166,
      0.9095121622085571,
      0.821747899055481,
      0.9257392287254333,
      0.7025675773620605,
      0.9038170576095581,
      0.8012243509292603,
      0.9241247773170471,
      0.7028874754905701,
      0.9092496037483215,
      0.82029789686203,
      0.9117458462715149,
      0.6961172819137573,
      0.8572984337806702,
      0.762501060962677,
      0.8614509701728821,
      0.6535136103630066,
      0.8307332396507263,
      0.7969441413879395,
      0.8723748922348022
    ],
    [
      0.7506799101829529,
      0.4460720419883728,
