{
  "run_id": "20260305_132403",
  "condition": "K",
  "problem": "mbb_beam",
  "timestamp": "2026-03-05T13:24:03.712670",
  "metrics": {
    "final_compliance": 332.81439851245545,
    "topology_sparsity": 0.6979166666666666,
    "grey_ratio": 0.6875,
    "convergence_step": 4,
    "wall_time_s": 1.1065845489501953,
    "n_params": 755297,
    "n_steps": 5
  },
  "loss_history": [
    745.5102218364304,
    513.9101032186288,
    403.97481710300406,
    359.698617551988,
    332.81439851245545
  ],
  "final_density": [
    [
      0.9433304071426392,
      0.951545774936676,
      0.9427357912063599,
      0.9377251863479614,
      0.9469650983810425,
      0.9447231888771057,
      0.9399240612983704,
      0.9361335039138794,
      0.9491109251976013,
      0.9486593008041382,
      0.9427099227905273,
      0.937311589717865,
      0.9454047083854675,
      0.9426661729812622,
      0.9341521859169006,
      0.9292442798614502,
      0.941845178604126,
      0.9394168257713318,
      0.9276124238967896,
      0.9252121448516846,
      0.9311330318450928,
      0.9325679540634155,
      0.9207283854484558,
      0.9242830276489258,
      0.9356529712677002,
      0.9358389973640442,
      0.9210078120231628,
      0.9217323660850525,
      0.9252833724021912,
      0.927039384841919,
      0.9129562377929688,
      0.9144493937492371,
      0.929980993270874,
      0.928848147392273,
      0.9124624133110046,
      0.9175270795822144,
      0.923302948474884,
      0.9276074171066284,
      0.9200218319892883,
      0.9148097634315491
    ],
    [
      0.9208340048789978,
      0.9334643483161926,
      0.9042924046516418,
      0.8943759799003601,
      0.8945853114128113,
      0.9115598797798157,
      0.8871510028839111,
      0.8890590071678162,
      0.8968275189399719,
      0.9192141890525818,
      0.8827396631240845,
      0.8739246726036072,
      0.8616650104522705,
      0.887993574142456,
      0.8321625590324402,
      0.8213922381401062,
      0.8187549114227295,
      0.8489368557929993,
      0.7869176268577576,
      0.772493302822113,
      0.7589572072029114,
      0.805919349193573,
      0.7515735030174255,
      0.7574448585510254,
      0.7720381021499634,
      0.803034782409668,
      0.7321104407310486,
      0.7316436767578125,
      0.726456880569458,
      0.7717814445495605,
      0.7053488492965698,
      0.7081766724586487,
      0.7395653128623962,
      0.7502195239067078,
      0.6963651180267334,
      0.7299271821975708,
      0.7497424483299255,
      0.8036043643951416,
      0.795718252658844,
      0.862535834312439
    ],
    [
      0.8530077338218689,
      0.7799153923988342,
      0.7673727869987488,
      0.749266505241394,
      0.706581711769104,
      0.6998099088668823,
      0.6978453993797302,
      0.7261266708374023,
      0.7099833488464355,
      0.6990934014320374,
      0.665455162525177,
      0.6495144963264465,
      0.5683573484420776,
      0.5589534044265747,
      0.5450049042701721,
      0.5485982894897461,
      0.4997483491897583,
      0.5230280160903931,
      0.5208615660667419,
      0.5137748718261719,
      0.4873652160167694,
      0.49660393595695496,
      0.5086605548858643,
      0.5070424675941467,
      0.4837310314178467,
      0.5021250247955322,
      0.5054025053977966,
      0.49863705039024353,
      0.4760652184486389,
      0.48912423849105835,
      0.5021289587020874,
      0.488920122385025,
      0.4738328456878662,
      0.5030378103256226,
      0.5037543773651123,
      0.525422215461731,
      0.4916057884693146,
      0.52279132604599,
      0.5787760019302368,
      0.7721161246299744
    ],
    [
      0.8129819631576538,
      0.772788941860199,
      0.5500398874282837,
      0.6465747952461243,
      0.4943757951259613,
      0.6635137796401978,
      0.45932266116142273,
      0.6133670806884766,
      0.48582178354263306,
      0.6525214910507202,
      0.43541988730430603,
      0.5771254897117615,
      0.43350741267204285,
      0.5979048609733582,
      0.3855459690093994,
      0.5731505751609802,
      0.3823282718658447,
      0.585854172706604,
      0.34884750843048096,
      0.5704543590545654,
      0.3580515682697296,
      0.5799202919006348,
      0.3298203945159912,
      0.5789705514907837,
      0.338741660118103,
      0.5816363096237183,
      0.3148708939552307,
      0.5731614828109741,
      0.33238330483436584,
      0.5694435834884644,
      0.3008027970790863,
      0.5807539224624634,
      0.2988760769367218,
      0.6025190949440002,
      0.3059287667274475,
      0.5967687964439392,
      0.3750479519367218,
      0.6162095665931702,
      0.426584392786026,
      0.744636058807373
    ],
    [
      0.7795979380607605,
      0.6099655628204346,
      0.478801429271698,
      0.4441845715045929,
      0.47073665261268616,
      0.4801276624202728,
      0.45164409279823303,
      0.4171504080295563,
      0.46350324153900146,
      0.45907723903656006,
      0.44049736857414246,
      0.3920946717262268,
      0.45058491826057434,
      0.4129040241241455,
      0.416157990694046,
      0.3501679599285126,
      0.4281918406486511,
      0.3709597587585449,
      0.3915631175041199,
      0.3153012990951538,
      0.4084155261516571,
      0.36680933833122253,
      0.3802645802497864,
      0.30447158217430115,
      0.4018583297729492,
      0.3395637273788452,
      0.3678586483001709,
      0.28753942251205444,
      0.3928506672382355,
      0.3456915020942688,
      0.3594573140144348,
      0.2715511620044708,
      0.38262438774108887,
      0.3253057599067688,
      0.3628450334072113,
      0.30788955092430115,
      0.4108189046382904,
      0.4230222702026367,
      0.43895819783210754,
      0.5810173153877258
    ],
    [
      0.8378946185112,
      0.798446774482727,
      0.6534992456436157,
      0.6787812113761902,
      0.6194828748703003,
      0.6658316850662231,
      0.5364188551902771,
      0.6224082708358765,
      0.5869139432907104,
      0.6634894013404846,
      0.5329784750938416,
      0.6303479671478271,
      0.5702853798866272,
      0.6449006795883179,
      0.5235109925270081,
      0.6046748161315918,
      0.554961085319519,
      0.6261979341506958,
      0.47447773814201355,
      0.6253179907798767,
      0.5234729647636414,
      0.6348615288734436,
      0.494650274515152,
      0.6003411412239075,
      0.5229747891426086,
      0.6242759823799133,
      0.4574943482875824,
      0.632622241973877,
      0.5239865183830261,
      0.6523715257644653,
      0.5000945925712585,
      0.6072791218757629,
      0.5372568964958191,
      0.6487148404121399,
      0.48291370272636414,
      0.6610706448554993,
      0.5444778800010681,
      0.6897011399269104,
      0.6127509474754333,
      0.8004786372184753
    ],
    [
      0.7882781028747559,
      0.6671297550201416,
      0.6258223056793213,
      0.609112560749054,
      0.514096200466156,
      0.5183175206184387,
      0.514788806438446,
      0.5389869213104248,
      0.4938165545463562,
      0.5025243759155273,
      0.5065718293190002,
      0.5156052112579346,
      0.4863322675228119,
      0.4837925136089325,
      0.4986957907676697,
      0.48608264327049255,
      0.47129765152931213,
      0.4771248698234558,
      0.4881875813007355,
      0.4827897548675537,
      0.4696505069732666,
      0.46902868151664734,
      0.48908329010009766,
      0.4740728437900543,
      0.4575883150100708,
      0.46420028805732727,
      0.4803994297981262,
      0.47518035769462585,
      0.4595015048980713,
      0.4623905420303345,
      0.4853249490261078,
      0.46619001030921936,
      0.44341352581977844,
      0.4652783274650574,
      0.4857074022293091,
      0.5175979733467102,
      0.482290118932724,
      0.50267493724823,
      0.5481383800506592,
      0.7712473273277283
    ],
    [
      0.7553427219390869,
      0.6993879675865173,
      0.48604658246040344,
      0.5873203873634338,
