{
  "run_id": "20260305_132742",
  "condition": "I",
  "problem": "multistory_building",
  "timestamp": "2026-03-05T13:27:42.046138",
  "metrics": {
    "final_compliance": 357.87326284293397,
    "topology_sparsity": 0.6458333333333334,
    "grey_ratio": 0.6104166666666667,
    "convergence_step": 4,
    "wall_time_s": 0.29445648193359375,
    "n_params": 948833,
    "n_steps": 5
  },
  "loss_history": [
    601.1168637191104,
    506.4533005206035,
    429.4527715205551,
    385.503133335792,
    357.87326284293397
  ],
  "final_density": [
    [
      0.9685190916061401,
      0.9385724663734436,
      0.904548168182373,
      0.9232376217842102,
      0.9491357803344727,
      0.9484974145889282,
      0.9160342216491699,
      0.9282028079032898,
      0.9390036463737488,
      0.9348505139350891,
      0.9325772523880005,
      0.9298210144042969,
      0.9215459823608398,
      0.802352249622345,
      0.794284462928772,
      0.8891564607620239,
      0.9339075684547424,
      0.9392784833908081,
      0.898290753364563,
      0.8595877885818481,
      0.8993101119995117,
      0.9150909185409546,
      0.9060001373291016,
      0.8346448540687561,
      0.7807484269142151,
      0.811739444732666,
      0.7807214856147766,
      0.8663344979286194,
      0.8857102394104004,
      0.8240125775337219,
      0.6955428719520569,
      0.7244560718536377,
      0.748607873916626,
      0.5727689266204834,
      0.5298348069190979,
      0.5297654867172241,
      0.730084240436554,
      0.732986330986023,
      0.7285209894180298,
      0.8454710245132446
    ],
    [
      0.9575944542884827,
      0.9428497552871704,
      0.9553213715553284,
      0.9729419350624084,
      0.9589652419090271,
      0.8951743245124817,
      0.9558396935462952,
      0.9747599959373474,
      0.942423403263092,
      0.8529374003410339,
      0.9136130809783936,
      0.8996890187263489,
      0.9188241362571716,
      0.8593751788139343,
      0.79853755235672,
      0.7837935090065002,
      0.8149721622467041,
      0.9233954548835754,
      0.9065531492233276,
      0.8767532110214233,
      0.8541149497032166,
      0.7802254557609558,
      0.8228063583374023,
      0.7494984269142151,
      0.5952565670013428,
      0.44907817244529724,
      0.522653341293335,
      0.7320417165756226,
      0.8221436738967896,
      0.8195888996124268,
      0.6014363169670105,
      0.4522513747215271,
      0.34038761258125305,
      0.2800176739692688,
      0.22047573328018188,
      0.3835154175758362,
      0.39424610137939453,
      0.2839430272579193,
      0.3561624586582184,
      0.7042067646980286
    ],
    [
      0.9405515193939209,
      0.905937910079956,
      0.8904716372489929,
      0.9185781478881836,
      0.7834102511405945,
      0.7789765000343323,
      0.8841043710708618,
      0.8999068140983582,
      0.857944905757904,
      0.8502044081687927,
      0.8429757952690125,
      0.8770354390144348,
      0.889541745185852,
      0.8777582049369812,
      0.7974697351455688,
      0.7709541320800781,
      0.7608927488327026,
      0.840547502040863,
      0.7787159085273743,
      0.6915095448493958,
      0.5297858715057373,
      0.644420862197876,
      0.7005687355995178,
      0.6467900276184082,
      0.660036563873291,
      0.7277405261993408,
      0.6219427585601807,
      0.633156955242157,
      0.6357638835906982,
      0.7059221267700195,
      0.6738251447677612,
      0.6889176368713379,
      0.4060395359992981,
      0.34657642245292664,
      0.22397147119045258,
      0.2908451557159424,
      0.4741542339324951,
      0.41571539640426636,
      0.39283639192581177,
      0.6615653038024902
    ],
    [
      0.6069930791854858,
      0.3082824945449829,
      0.14022980630397797,
      0.08785322308540344,
      0.08907715976238251,
      0.16273750364780426,
      0.1748146116733551,
      0.5000399351119995,
      0.3700360953807831,
      0.3405342698097229,
      0.23883377015590668,
      0.4585232138633728,
      0.4896816909313202,
      0.6595869064331055,
      0.4337138235569,
      0.4128724932670593,
      0.41484346985816956,
      0.5422571301460266,
      0.31569361686706543,
      0.3398166000843048,
      0.1927150934934616,
      0.17166121304035187,
      0.14993463456630707,
      0.3367685377597809,
      0.3842317759990692,
      0.5568918585777283,
      0.49428361654281616,
      0.5990765690803528,
      0.656362771987915,
      0.6060861349105835,
      0.3133721649646759,
      0.5194713473320007,
      0.37888190150260925,
      0.5568724870681763,
      0.15288046002388,
      0.24154682457447052,
      0.121208056807518,
      0.19383302330970764,
      0.28968489170074463,
      0.7204754948616028
    ],
    [
      0.6345483660697937,
      0.17980681359767914,
      0.2922598123550415,
      0.11932031810283661,
      0.3878113627433777,
      0.34057489037513733,
      0.4329388737678528,
      0.2484205663204193,
      0.17319214344024658,
      0.15488998591899872,
      0.12023630738258362,
      0.258554607629776,
      0.3848375380039215,
      0.3054274320602417,
      0.3442724049091339,
      0.4986984133720398,
      0.5529960989952087,
      0.48438596725463867,
      0.30705249309539795,
      0.09020671248435974,
      0.10767750442028046,
      0.07596006989479065,
      0.20858529210090637,
      0.26939821243286133,
      0.4587857723236084,
      0.6349220275878906,
      0.48401957750320435,
      0.40043121576309204,
      0.5201624035835266,
      0.5475001335144043,
      0.4863431453704834,
      0.5940899848937988,
      0.5188719034194946,
      0.36519235372543335,
      0.4593551754951477,
      0.30418333411216736,
      0.444116473197937,
      0.4963040351867676,
      0.4450703263282776,
      0.786761462688446
    ],
    [
      0.8484544157981873,
      0.5669535398483276,
      0.7223365306854248,
      0.67125403881073,
      0.7831798195838928,
      0.8073411583900452,
      0.927156925201416,
      0.7795897126197815,
      0.4973893165588379,
      0.11850740015506744,
      0.08478933572769165,
      0.24810890853405,
      0.49339017271995544,
      0.6839506030082703,
      0.582088053226471,
      0.8099899291992188,
      0.7737773656845093,
      0.8114417791366577,
      0.7069844007492065,
      0.5204291343688965,
      0.4425453543663025,
      0.29164379835128784,
      0.22072440385818481,
      0.42108750343322754,
      0.5251344442367554,
      0.6032676696777344,
      0.605578601360321,
      0.6130565404891968,
      0.6227625608444214,
      0.675492525100708,
      0.7178129553794861,
      0.7728134989738464,
      0.793597936630249,
      0.6698538661003113,
      0.557840883731842,
      0.5510803461074829,
      0.5680873394012451,
      0.692486047744751,
      0.7010454535484314,
      0.9175787568092346
    ],
    [
      0.84367436170578,
      0.7490825057029724,
      0.8799756169319153,
      0.8654638528823853,
      0.6301020383834839,
      0.774593710899353,
      0.8660891652107239,
      0.8178033232688904,
      0.6564418077468872,
      0.4502381682395935,
      0.601373553276062,
      0.7157601714134216,
      0.6949206590652466,
      0.7352808713912964,
      0.6439980864524841,
      0.7483632564544678,
      0.6735087633132935,
      0.7386296391487122,
      0.7066212296485901,
      0.7183411121368408,
      0.5233548283576965,
      0.21723586320877075,
      0.22791481018066406,
      0.3625907599925995,
      0.3855171501636505,
      0.5541747808456421,
      0.6140022277832031,
      0.4062611162662506,
      0.6304057836532593,
      0.7112420201301575,
      0.7012556791305542,
      0.5395726561546326,
      0.574806809425354,
      0.5052260756492615,
      0.7905464768409729,
      0.8796936273574829,
      0.7313182950019836,
      0.8053775429725647,
      0.7862821817398071,
      0.9565500020980835
    ],
    [
      0.5048239827156067,
      0.2388932704925537,
      0.04577132314443588,
