{
  "run_id": "20260305_132347",
  "condition": "F",
  "problem": "multistory_building",
  "timestamp": "2026-03-05T13:23:47.291615",
  "metrics": {
    "final_compliance": 1649.6375041113665,
    "topology_sparsity": 0.0,
    "grey_ratio": 1.0,
    "convergence_step": 1,
    "wall_time_s": 1.254237413406372,
    "n_params": 29377,
    "n_steps": 5
  },
  "loss_history": [
    1658.1329556606752,
    1656.9252061183286,
    1655.3855833957678,
    1652.3797184295233,
    1649.6375041113665
  ],
  "final_density": [
    [
      0.4638599157333374,
      0.46386024355888367,
      0.4638608396053314,
      0.4638616740703583,
      0.46386244893074036,
      0.4638636112213135,
      0.46386459469795227,
      0.4638655185699463,
      0.46386638283729553,
      0.46386730670928955,
      0.46386823058128357,
      0.4638691544532776,
      0.4638700783252716,
      0.4638710618019104,
      0.4638720750808716,
      0.46387314796447754,
      0.4638737738132477,
      0.463874489068985,
      0.4638752043247223,
      0.46387597918510437,
      0.4638766348361969,
      0.46387746930122375,
      0.4638783931732178,
      0.4638793170452118,
      0.46388038992881775,
      0.46388158202171326,
      0.4638834297657013,
      0.4638853669166565,
      0.46388721466064453,
      0.46388885378837585,
      0.4638896882534027,
      0.4638902544975281,
      0.46389076113700867,
      0.46389153599739075,
      0.4638926684856415,
      0.46389397978782654,
      0.4638952314853668,
      0.4638958275318146,
      0.4638964533805847,
      0.46389707922935486
    ],
    [
      0.463863730430603,
      0.46386465430259705,
      0.46386557817459106,
      0.46386629343032837,
      0.4638672173023224,
      0.46386823058128357,
      0.4638691544532776,
      0.46387001872062683,
      0.46387094259262085,
      0.46387186646461487,
      0.4638727605342865,
      0.4638736844062805,
      0.4638746976852417,
      0.46387583017349243,
      0.4638769030570984,
      0.46387797594070435,
      0.4638790488243103,
      0.4638798236846924,
      0.4638802409172058,
      0.4638804495334625,
      0.46388065814971924,
      0.4638807475566864,
      0.463881254196167,
      0.4638825058937073,
      0.4638834297657013,
      0.4638844430446625,
      0.4638857841491699,
      0.46388691663742065,
      0.46388721466064453,
      0.46388792991638184,
      0.46388864517211914,
      0.46388936042785645,
      0.46389007568359375,
      0.4638907015323639,
      0.46389132738113403,
      0.46389204263687134,
      0.46389296650886536,
      0.4638938903808594,
      0.4638945162296295,
      0.46389511227607727
    ],
    [
      0.4638666808605194,
      0.4638676047325134,
      0.46386852860450745,
      0.463869571685791,
      0.4638710021972656,
      0.46387234330177307,
      0.4638734757900238,
      0.46387460827827454,
      0.46387553215026855,
      0.4638764560222626,
      0.46387746930122375,
      0.4638783037662506,
      0.4638790190219879,
      0.4638798236846924,
      0.4638805389404297,
      0.463881254196167,
      0.4638819694519043,
      0.463882714509964,
      0.4638834297657013,
      0.4638839364051819,
      0.4638841450214386,
      0.4638844430446625,
      0.46388471126556396,
      0.4638848602771759,
      0.46388566493988037,
      0.46388670802116394,
      0.4638870060443878,
      0.46388736367225647,
      0.46388763189315796,
      0.4638878405094147,
      0.46388813853263855,
      0.4638884365558624,
      0.4638887643814087,
      0.4638892710208893,
      0.4638898968696594,
      0.4638907015323639,
      0.4638916850090027,
      0.46389245986938477,
      0.46389326453208923,
      0.4638938903808594
    ],
    [
      0.4638698697090149,
      0.46387094259262085,
      0.4638718366622925,
      0.46387284994125366,
      0.4638742506504059,
      0.46387532353401184,
      0.463876336812973,
      0.46387752890586853,
      0.46387848258018494,
      0.46387946605682373,
      0.4638804495334625,
      0.4638814330101013,
      0.46388208866119385,
      0.46388280391693115,
      0.4638834595680237,
      0.4638841450214386,
      0.4638848602771759,
      0.46388548612594604,
      0.46388599276542664,
      0.4638868570327759,
      0.46388721466064453,
      0.46388763189315796,
      0.46388792991638184,
      0.46388763189315796,
      0.46388769149780273,
      0.4638878405094147,
      0.4638877213001251,
      0.46388763189315796,
      0.4638878405094147,
      0.4638880789279938,
      0.46388840675354004,
      0.46388864517211914,
      0.4638890027999878,
      0.4638894200325012,
      0.4638897180557251,
      0.4638898968696594,
      0.46389007568359375,
      0.4638907015323639,
      0.46389153599739075,
      0.46389245986938477
    ],
    [
      0.4638732671737671,
      0.4638737738132477,
      0.46387460827827454,
      0.463875412940979,
      0.46387624740600586,
      0.4638776183128357,
      0.4638790190219879,
      0.4638802409172058,
      0.4638815224170685,
      0.463882714509964,
      0.4638838768005371,
      0.4638850688934326,
      0.46388620138168335,
      0.46388736367225647,
      0.4638884365558624,
      0.46388936042785645,
      0.4638901352882385,
      0.4638914167881012,
      0.46389248967170715,
      0.4638935327529907,
      0.46389397978782654,
      0.4638933837413788,
      0.4638928472995758,
      0.46389302611351013,
      0.46389302611351013,
      0.46389296650886536,
      0.46389248967170715,
      0.46389204263687134,
      0.4638919234275818,
      0.4638918340206146,
      0.4638916850090027,
      0.46389153599739075,
      0.4638914167881012,
      0.46389147639274597,
      0.46389153599739075,
      0.4638916254043579,
      0.46389177441596985,
      0.4638919234275818,
      0.4638923108577728,
      0.46389341354370117
    ],
    [
      0.4638759195804596,
      0.4638771712779999,
      0.46387848258018494,
      0.46387994289398193,
      0.46388131380081177,
      0.4638828933238983,
      0.4638844430446625,
      0.4638860821723938,
      0.463887482881546,
      0.46388861536979675,
      0.46388956904411316,
      0.46389055252075195,
      0.46389153599739075,
      0.46389248967170715,
      0.4638938307762146,
      0.4638952314853668,
      0.4638965427875519,
      0.46389758586883545,
      0.46389850974082947,
      0.4638991057872772,
      0.4638989567756653,
      0.4638986587524414,
      0.46389859914779663,
      0.4638983905315399,
      0.463898241519928,
      0.46389809250831604,
      0.46389779448509216,
      0.46389782428741455,
      0.4638974666595459,
      0.46389707922935486,
      0.46389666199684143,
      0.46389636397361755,
      0.4638964533805847,
      0.4638965129852295,
      0.4638965427875519,
      0.46389681100845337,
      0.4638972878456116,
      0.46389779448509216,
      0.4638983905315399,
      0.4638991057872772
    ],
    [
      0.4638810455799103,
      0.4638823866844177,
      0.46388372778892517,
      0.4638850688934326,
      0.4638864994049072,
      0.46388813853263855,
      0.4638896882534027,
      0.4638912081718445,
      0.4638926684856415,
      0.46389397978782654,
      0.4638952314853668,
      0.46389639377593994,
      0.4638978838920593,
      0.4638991057872772,
      0.463900089263916,
      0.46390092372894287,
      0.4639015197753906,
      0.46390214562416077,
      0.46390262246131897,
      0.46390300989151,
      0.463903546333313,
      0.4639036953449249,
      0.4639037847518921,
      0.46390384435653687,
      0.46390363574028015,
      0.46390336751937866,
      0.463903546333313,
      0.46390342712402344,
      0.4639033377170563,
      0.46390300989151,
      0.46390271186828613,
      0.46390271186828613,
      0.46390312910079956,
      0.463903546333313,
      0.46390393376350403,
      0.4639042615890503,
      0.46390461921691895,
      0.4639047682285309,
      0.4639047682285309,
      0.46390435099601746
    ],
    [
