{
  "run_id": "20260305_132042",
  "condition": "H",
  "problem": "multistory_building",
  "timestamp": "2026-03-05T13:20:42.228210",
  "metrics": {
    "final_compliance": 504.2909228220933,
    "topology_sparsity": 0.96875,
    "grey_ratio": 0.99375,
    "convergence_step": 5,
    "wall_time_s": 0.7706918716430664,
    "n_params": 12737,
    "n_steps": 5
  },
  "loss_history": [
    1491.7571294222262,
    998.3643060727109,
    717.6753313390918,
    575.0619195514042,
    504.2909228220933
  ],
  "final_density": [
    [
      0.778629720211029,
      0.7491471171379089,
      0.7509506940841675,
      0.7918015718460083,
      0.8197149634361267,
      0.8176489472389221,
      0.7962847948074341,
      0.7931953072547913,
      0.7709352970123291,
      0.7145880460739136,
      0.6881219148635864,
      0.6779245734214783,
      0.6450749635696411,
      0.6418114304542542,
      0.636081874370575,
      0.6400237083435059,
      0.6845496296882629,
      0.7436655759811401,
      0.7669968008995056,
      0.7853887677192688,
      0.7803555130958557,
      0.7636855840682983,
      0.7441301941871643,
      0.6936864256858826,
      0.6905016303062439,
      0.7113261818885803,
      0.6936589479446411,
      0.6567766070365906,
      0.637460470199585,
      0.6018438339233398,
      0.5259314775466919,
      0.4914119243621826,
      0.4704950153827667,
      0.42898666858673096,
      0.43050849437713623,
      0.4466400742530823,
      0.44808679819107056,
      0.46066194772720337,
      0.49776625633239746,
      0.5591339468955994
    ],
    [
      0.7002511024475098,
      0.6956717371940613,
      0.6603866815567017,
      0.6390755772590637,
      0.6188818216323853,
      0.5952533483505249,
      0.5948800444602966,
      0.6324322819709778,
      0.6645394563674927,
      0.6787553429603577,
      0.6861354112625122,
      0.6601365804672241,
      0.6493939161300659,
      0.6663462519645691,
      0.7033607959747314,
      0.7423582673072815,
      0.7340991497039795,
      0.7281829714775085,
      0.788010835647583,
      0.8211286664009094,
      0.7989603877067566,
      0.7541975378990173,
      0.7246488332748413,
      0.7251514196395874,
      0.7203390002250671,
      0.7196722030639648,
      0.7320147156715393,
      0.7332013249397278,
      0.7297607660293579,
      0.7101237177848816,
      0.6810685396194458,
      0.6710014343261719,
      0.6833891868591309,
      0.6575251221656799,
      0.613530695438385,
      0.600328266620636,
      0.5870546698570251,
      0.5717403888702393,
      0.5688222050666809,
      0.5975517630577087
    ],
    [
      0.6641941070556641,
      0.6315403580665588,
      0.6104776263237,
      0.5912637114524841,
      0.5694714188575745,
      0.5561078190803528,
      0.5275238752365112,
      0.5148165822029114,
      0.5661005973815918,
      0.6558021306991577,
      0.7154728770256042,
      0.7444130182266235,
      0.7584385275840759,
      0.7480633854866028,
      0.7257753014564514,
      0.6847386360168457,
      0.6459813714027405,
      0.6156391501426697,
      0.6049405336380005,
      0.5978331565856934,
      0.5772014260292053,
      0.5752497315406799,
      0.6006234884262085,
      0.6332331299781799,
      0.678226113319397,
      0.687659502029419,
      0.6735872626304626,
      0.666649580001831,
      0.6597961783409119,
      0.6405029296875,
      0.5775418281555176,
      0.5244309902191162,
      0.5372650027275085,
      0.5970256328582764,
      0.6440128684043884,
      0.615580677986145,
      0.5835410356521606,
      0.5742640495300293,
      0.5042840838432312,
      0.4347947835922241
    ],
    [
      0.6682589650154114,
      0.722622811794281,
      0.7295101284980774,
      0.7202653884887695,
      0.7147627472877502,
      0.7182766199111938,
      0.6761612296104431,
      0.615752100944519,
      0.6240547895431519,
      0.6526074409484863,
      0.616860032081604,
      0.5495312809944153,
      0.5484440922737122,
      0.6072933077812195,
      0.6265870332717896,
      0.582205057144165,
      0.5650032758712769,
      0.5646568536758423,
      0.5597281455993652,
      0.5444737672805786,
      0.5468414425849915,
      0.5717012882232666,
      0.5614498853683472,
      0.5215058922767639,
      0.5883365273475647,
      0.6518781781196594,
      0.6309939026832581,
      0.5596937537193298,
      0.5631327629089355,
      0.6532090306282043,
      0.6198149919509888,
      0.533501386642456,
      0.538152277469635,
      0.6530781984329224,
      0.7205191254615784,
      0.707200825214386,
      0.6825061440467834,
      0.6585696935653687,
      0.6164401769638062,
      0.548620879650116
    ],
    [
      0.654813826084137,
      0.6998863220214844,
      0.7475376129150391,
      0.7334784269332886,
      0.7155662178993225,
      0.7112283706665039,
      0.6821375489234924,
      0.6625568270683289,
      0.6558148860931396,
      0.6537381410598755,
      0.612976610660553,
      0.5873032808303833,
      0.6023324131965637,
      0.6284079551696777,
      0.6804522275924683,
      0.7206190228462219,
      0.7121294736862183,
      0.6313871145248413,
      0.5971042513847351,
      0.6019291877746582,
      0.5889655351638794,
      0.5364397764205933,
      0.49078303575515747,
      0.522983193397522,
      0.6064509153366089,
      0.6437884569168091,
      0.6414649486541748,
      0.6492273211479187,
      0.6134955286979675,
      0.6327214241027832,
      0.7164725661277771,
      0.7535480260848999,
      0.7275061011314392,
      0.6803354024887085,
      0.6598217487335205,
      0.6646795272827148,
      0.6310926079750061,
      0.5825899839401245,
      0.5557669997215271,
      0.5301544666290283
    ],
    [
      0.6992277503013611,
      0.7309812903404236,
      0.7426932454109192,
      0.74891597032547,
      0.7384287118911743,
      0.7036378979682922,
      0.6848313808441162,
      0.681327223777771,
      0.6618151664733887,
      0.6418167352676392,
      0.6427021622657776,
      0.6594201922416687,
      0.6626494526863098,
      0.6395536661148071,
      0.6429684162139893,
      0.6308631896972656,
      0.6135219931602478,
      0.6357011198997498,
      0.6364316940307617,
      0.606285572052002,
      0.5990037322044373,
      0.6215960383415222,
      0.656594455242157,
      0.6883260011672974,
      0.7103561758995056,
      0.7189669013023376,
      0.7103438973426819,
      0.6797595620155334,
      0.6730674505233765,
      0.6904721260070801,
      0.7141395211219788,
      0.731589138507843,
      0.7000166773796082,
      0.6096134781837463,
      0.6175756454467773,
      0.6566274166107178,
      0.6392053961753845,
      0.5776767134666443,
      0.5277853012084961,
      0.5348740816116333
    ],
    [
      0.5550129413604736,
      0.5620344281196594,
      0.5650890469551086,
      0.5936458706855774,
      0.619719386100769,
      0.6595714092254639,
      0.7046014070510864,
      0.7267250418663025,
      0.7214206457138062,
      0.7011634111404419,
      0.6962100267410278,
      0.7128211855888367,
      0.7212595343589783,
      0.7067789435386658,
      0.6432258486747742,
      0.5642861723899841,
      0.5325163006782532,
      0.5179653763771057,
      0.5300493836402893,
      0.5523557662963867,
      0.544989824295044,
      0.5702452659606934,
      0.6331855654716492,
      0.6357691884040833,
      0.6668034791946411,
      0.7077109217643738,
      0.7155305743217468,
      0.7366093397140503,
      0.7444820404052734,
      0.6988422274589539,
      0.6694331765174866,
      0.6102460622787476,
      0.5368205904960632,
      0.5053162574768066,
      0.4978334903717041,
      0.5531946420669556,
      0.6207790970802307,
      0.631410539150238,
      0.5994422435760498,
      0.6267549395561218
    ],
    [
      0.5665730237960815,
      0.608169674873352,
      0.6337460279464722,
      0.6239707469940186,
      0.6078946590423584,
