{
  "run_id": "20260305_132041",
  "condition": "H",
  "problem": "mbb_beam",
  "timestamp": "2026-03-05T13:20:41.403050",
  "metrics": {
    "final_compliance": 332.51059073166437,
    "topology_sparsity": 1.0,
    "grey_ratio": 0.7666666666666667,
    "convergence_step": 5,
    "wall_time_s": 1.0113375186920166,
    "n_params": 12737,
    "n_steps": 5
  },
  "loss_history": [
    1006.8835855333937,
    649.7425042645771,
    456.54378659438834,
    367.77888946982375,
    332.51059073166437
  ],
  "final_density": [
    [
      0.8797549605369568,
      0.8750792741775513,
      0.8736172914505005,
      0.8823047876358032,
      0.878250777721405,
      0.8491644859313965,
      0.8289361000061035,
      0.8312235474586487,
      0.8366392850875854,
      0.8371744155883789,
      0.8318926095962524,
      0.8170114755630493,
      0.8160938024520874,
      0.8430343270301819,
      0.8480286598205566,
      0.8254427313804626,
      0.8132486939430237,
      0.8114897608757019,
      0.8165623545646667,
      0.819117546081543,
      0.8052377104759216,
      0.7870824337005615,
      0.7918283939361572,
      0.785121738910675,
      0.7674914598464966,
      0.7428825497627258,
      0.7278655171394348,
      0.7380232810974121,
      0.7438022494316101,
      0.7281444668769836,
      0.7110599279403687,
      0.7103552222251892,
      0.6941133141517639,
      0.6719392538070679,
      0.6807258725166321,
      0.6840234398841858,
      0.6908189058303833,
      0.6894801259040833,
      0.6463796496391296,
      0.5885657072067261
    ],
    [
      0.8180755972862244,
      0.8194260001182556,
      0.8307273387908936,
      0.8396264314651489,
      0.8328306078910828,
      0.8129247426986694,
      0.7960019707679749,
      0.7876812815666199,
      0.7827519178390503,
      0.7813605070114136,
      0.7808220386505127,
      0.7749617695808411,
      0.7768182754516602,
      0.8146213889122009,
      0.8464611768722534,
      0.8540545105934143,
      0.8457013368606567,
      0.826587975025177,
      0.8068628907203674,
      0.794237494468689,
      0.7810653448104858,
      0.7573974132537842,
      0.7613105177879333,
      0.7390655279159546,
      0.7059330344200134,
      0.6861594915390015,
      0.6701460480690002,
      0.6549680233001709,
      0.6426004767417908,
      0.628822386264801,
      0.6301473379135132,
      0.6926226019859314,
      0.7264400124549866,
      0.7216444611549377,
      0.7162691354751587,
      0.7298063635826111,
      0.7581884860992432,
      0.7659346461296082,
      0.7482826709747314,
      0.7205639481544495
    ],
    [
      0.8220878839492798,
      0.823050320148468,
      0.8221327066421509,
      0.826478898525238,
      0.8347590565681458,
      0.8356220126152039,
      0.8243970274925232,
      0.8091359734535217,
      0.802648663520813,
      0.808661937713623,
      0.8073126077651978,
      0.7960285544395447,
      0.7938221096992493,
      0.7897054553031921,
      0.7780504822731018,
      0.7780457139015198,
      0.7907863855361938,
      0.7990569472312927,
      0.7971587777137756,
      0.7862094044685364,
      0.7758992314338684,
      0.7822108268737793,
      0.7907347083091736,
      0.7595205307006836,
      0.6918696165084839,
      0.665012538433075,
      0.6495649814605713,
      0.614730715751648,
      0.6039084792137146,
      0.6052494049072266,
      0.6169294118881226,
      0.6516170501708984,
      0.687154233455658,
      0.7121651768684387,
      0.7530992031097412,
      0.8073427677154541,
      0.8318520188331604,
      0.8196880221366882,
      0.7864882349967957,
      0.7478521466255188
    ],
    [
      0.8080849051475525,
      0.7838287353515625,
      0.7362549304962158,
      0.708220899105072,
      0.7053545713424683,
      0.7272384762763977,
      0.7686586380004883,
      0.795128583908081,
      0.7679179310798645,
      0.7263770699501038,
      0.7437434792518616,
      0.7959955930709839,
      0.8235138654708862,
      0.8220101594924927,
      0.8127381801605225,
      0.8066299557685852,
      0.7966811060905457,
      0.7709568738937378,
      0.7421510219573975,
      0.7308265566825867,
      0.7258066534996033,
      0.7189362645149231,
      0.6888521313667297,
      0.6082500219345093,
      0.5732119679450989,
      0.5988087058067322,
      0.623031735420227,
      0.5941015481948853,
      0.575056254863739,
      0.6310182809829712,
      0.7108697295188904,
      0.749750554561615,
      0.7683301568031311,
      0.7817825675010681,
      0.7891733646392822,
      0.8011246919631958,
      0.7831404805183411,
      0.7394338846206665,
      0.7032874226570129,
      0.6827696561813354
    ],
    [
      0.8318766951560974,
      0.8298574090003967,
      0.8344855904579163,
      0.8399113416671753,
      0.8368731141090393,
      0.8276329636573792,
      0.8223419189453125,
      0.8291574716567993,
      0.8218622207641602,
      0.797497034072876,
      0.7976177930831909,
      0.784672200679779,
      0.751739501953125,
      0.7388073801994324,
      0.7527542114257812,
      0.7817407250404358,
      0.7990276217460632,
      0.7972093224525452,
      0.7645986676216125,
      0.7184038758277893,
      0.6869796514511108,
      0.6507516503334045,
      0.6128519773483276,
      0.611903965473175,
      0.6307103633880615,
      0.6315379738807678,
      0.6161199808120728,
      0.6304465532302856,
      0.6851378083229065,
      0.7424820065498352,
      0.7887653112411499,
      0.8079021573066711,
      0.796303927898407,
      0.7841349244117737,
      0.7803414463996887,
      0.7782906889915466,
      0.7595213651657104,
      0.7132276296615601,
      0.6809916496276855,
      0.6725519299507141
    ],
    [
      0.6308979392051697,
      0.6470633149147034,
      0.6622949242591858,
      0.661345362663269,
      0.6675564050674438,
      0.6931619048118591,
      0.6911703944206238,
      0.6858632564544678,
      0.6786811947822571,
      0.6992496252059937,
      0.7434343099594116,
      0.7551996111869812,
      0.7107141613960266,
      0.6775372624397278,
      0.687275767326355,
      0.7155841588973999,
      0.7486346960067749,
      0.7392845153808594,
      0.6963167190551758,
      0.6681112051010132,
      0.6700277924537659,
      0.6761441230773926,
      0.6992391347885132,
      0.7338395714759827,
      0.753731369972229,
      0.7445913553237915,
      0.7297082543373108,
      0.7207256555557251,
      0.7156216502189636,
      0.7219874262809753,
      0.7337678670883179,
      0.733848512172699,
      0.718944251537323,
      0.6999338269233704,
      0.6862463355064392,
      0.6919947862625122,
      0.7232651114463806,
      0.7622677087783813,
      0.7755112051963806,
      0.7649782299995422
    ],
    [
      0.5930039882659912,
      0.5853678584098816,
      0.6530708074569702,
      0.7207363843917847,
      0.7260428667068481,
      0.7003986239433289,
      0.6976660490036011,
      0.730173647403717,
      0.7583063244819641,
      0.7815921306610107,
      0.78689044713974,
      0.7726719975471497,
      0.7458012700080872,
      0.7366379499435425,
      0.7373976707458496,
      0.7309608459472656,
      0.7162560224533081,
      0.6984186172485352,
      0.6784706711769104,
      0.64161616563797,
      0.6367372870445251,
      0.7027671337127686,
      0.7508187294006348,
      0.7647897005081177,
      0.7855699062347412,
      0.7950331568717957,
      0.7990249991416931,
      0.8174508810043335,
      0.8363975882530212,
      0.8270285725593567,
      0.7811480760574341,
      0.7253211140632629,
      0.6957669854164124,
      0.7014979720115662,
      0.7212289571762085,
      0.7339822053909302,
      0.741256833076477,
      0.7472220659255981,
      0.7611230611801147,
      0.7813188433647156
    ],
    [
      0.6819757223129272,
      0.7189548015594482,
      0.7195723652839661,
      0.7047086358070374,
      0.6905420422554016,
