{
  "run_id": "20260305_132359",
  "condition": "I",
  "problem": "mbb_beam",
  "timestamp": "2026-03-05T13:23:59.317733",
  "metrics": {
    "final_compliance": 351.28626953065327,
    "topology_sparsity": 0.5520833333333334,
    "grey_ratio": 0.7125,
    "convergence_step": 4,
    "wall_time_s": 1.2130177021026611,
    "n_params": 948833,
    "n_steps": 5
  },
  "loss_history": [
    596.2435686587196,
    471.11683927138506,
    419.12624069659796,
    383.70392284162847,
    351.28626953065327
  ],
  "final_density": [
    [
      0.9788534045219421,
      0.9888904094696045,
      0.9898854494094849,
      0.991354763507843,
      0.990247905254364,
      0.9850555658340454,
      0.9883466362953186,
      0.98466956615448,
      0.9809750318527222,
      0.9726956486701965,
      0.9808530211448669,
      0.9705327749252319,
      0.9581906199455261,
      0.9156399369239807,
      0.9185177683830261,
      0.9484776854515076,
      0.9671517610549927,
      0.9635927677154541,
      0.9542603492736816,
      0.9103741645812988,
      0.929156482219696,
      0.943609356880188,
      0.94966721534729,
      0.9190695881843567,
      0.8767700791358948,
      0.8600353598594666,
      0.8771551847457886,
      0.9079396724700928,
      0.9161373376846313,
      0.844541609287262,
      0.7674736380577087,
      0.5612142086029053,
      0.6064818501472473,
      0.5259952545166016,
      0.59644615650177,
      0.5852023363113403,
      0.6890212893486023,
      0.6547753214836121,
      0.7207543849945068,
      0.836227536201477
    ],
    [
      0.9727310538291931,
      0.9802483916282654,
      0.9765006303787231,
      0.9856711030006409,
      0.9808952212333679,
      0.9813966751098633,
      0.9859215617179871,
      0.9812166094779968,
      0.9742466807365417,
      0.9428430199623108,
      0.9571804404258728,
      0.9577359557151794,
      0.9491757154464722,
      0.9223715662956238,
      0.9314044117927551,
      0.9438762664794922,
      0.942858874797821,
      0.9594938158988953,
      0.9495908617973328,
      0.928370475769043,
      0.9334057569503784,
      0.9412410855293274,
      0.9338740706443787,
      0.8805984258651733,
      0.8150736689567566,
      0.8130810856819153,
      0.7430194616317749,
      0.854024350643158,
      0.8810948729515076,
      0.8446663618087769,
      0.7953771352767944,
      0.6256389021873474,
      0.41879984736442566,
      0.4225270450115204,
      0.3891649544239044,
      0.533166229724884,
      0.5755091309547424,
      0.4852462410926819,
      0.46933919191360474,
      0.5980225801467896
    ],
    [
      0.904549241065979,
      0.9275583624839783,
      0.8042409420013428,
      0.8393558263778687,
      0.6282925605773926,
      0.696287214756012,
      0.7328375577926636,
      0.8891945481300354,
      0.8509284853935242,
      0.8047115802764893,
      0.8203168511390686,
      0.8313395977020264,
      0.7578338384628296,
      0.7126043438911438,
      0.6490539312362671,
      0.6555910110473633,
      0.6893556714057922,
      0.7201650738716125,
      0.7256025075912476,
      0.6926756501197815,
      0.5891305804252625,
      0.6336745023727417,
      0.585433304309845,
      0.5896856784820557,
      0.5512903332710266,
      0.5763939023017883,
      0.6207290887832642,
      0.7671449184417725,
      0.604973316192627,
      0.5578813552856445,
      0.5238693356513977,
      0.5563369393348694,
      0.5009951591491699,
      0.3821198046207428,
      0.3959519863128662,
      0.4346836805343628,
      0.44519516825675964,
      0.4262823760509491,
      0.4034216105937958,
      0.6545000672340393
    ],
    [
      0.7763647437095642,
      0.564239501953125,
      0.5038338899612427,
      0.4091605544090271,
      0.3831252157688141,
      0.3060446083545685,
      0.3544161915779114,
      0.4290555417537689,
      0.5200315713882446,
      0.43571674823760986,
      0.49683883786201477,
      0.5143924951553345,
      0.6024733185768127,
      0.5276041030883789,
      0.5605616569519043,
      0.45975062251091003,
      0.48553940653800964,
      0.41167542338371277,
      0.4109911024570465,
      0.36314746737480164,
      0.38916298747062683,
      0.3560132682323456,
      0.39371055364608765,
      0.41808557510375977,
      0.47043249011039734,
      0.45695221424102783,
      0.47642773389816284,
      0.5101231932640076,
      0.5866144895553589,
      0.5173065662384033,
      0.49557700753211975,
      0.4921930730342865,
      0.4757310748100281,
      0.42098215222358704,
      0.3616136610507965,
      0.38308724761009216,
      0.3753575086593628,
      0.34518441557884216,
      0.4090014100074768,
      0.6022152900695801
    ],
    [
      0.6269993782043457,
      0.4256891906261444,
      0.36266523599624634,
      0.34028613567352295,
      0.345162034034729,
      0.3135632276535034,
      0.3478138744831085,
      0.29742637276649475,
      0.22195635735988617,
      0.22799813747406006,
      0.278272807598114,
      0.32365140318870544,
      0.38757792115211487,
      0.4129985272884369,
      0.4331095516681671,
      0.43727585673332214,
      0.4453313946723938,
      0.4025239944458008,
      0.3618510067462921,
      0.23085707426071167,
      0.21349622309207916,
      0.21232813596725464,
      0.27704566717147827,
      0.33507099747657776,
      0.3293195068836212,
      0.36463266611099243,
      0.3755602240562439,
      0.3852003514766693,
      0.38066744804382324,
      0.39215338230133057,
      0.38941794633865356,
      0.37692582607269287,
      0.35912439227104187,
      0.33678877353668213,
      0.32250842452049255,
      0.34463661909103394,
      0.33152103424072266,
      0.36092299222946167,
      0.4271714389324188,
      0.6457837224006653
    ],
    [
      0.6973416209220886,
      0.5399677157402039,
      0.4221231937408447,
      0.40222352743148804,
      0.3856281638145447,
      0.49569013714790344,
      0.4969911277294159,
      0.4401293694972992,
      0.3381396234035492,
      0.29108694195747375,
      0.2601425051689148,
      0.3314615488052368,
      0.3889453411102295,
      0.5119267106056213,
      0.5317716598510742,
      0.6610586643218994,
      0.5319489240646362,
      0.6038479208946228,
      0.4664989411830902,
      0.4308395981788635,
      0.3318294882774353,
      0.4061502516269684,
      0.37359851598739624,
      0.42830225825309753,
      0.4234617054462433,
      0.4957488477230072,
      0.43014779686927795,
      0.47865283489227295,
      0.46775126457214355,
      0.5617852210998535,
      0.5554607510566711,
      0.6177891492843628,
      0.45170858502388,
      0.48277711868286133,
      0.4258148968219757,
      0.42353054881095886,
      0.4143699109554291,
      0.5561956763267517,
      0.5299293398857117,
      0.8114237189292908
    ],
    [
      0.7383502125740051,
      0.5031155347824097,
      0.44147342443466187,
      0.3981092572212219,
      0.42779070138931274,
      0.4734650254249573,
      0.5438416004180908,
      0.527850866317749,
      0.47543245553970337,
      0.3846644163131714,
      0.44112148880958557,
      0.45483675599098206,
      0.5026559233665466,
      0.5261780023574829,
      0.5002322196960449,
      0.6039084196090698,
      0.5829600691795349,
      0.6822602152824402,
      0.6354666948318481,
      0.7494699954986572,
      0.5411521792411804,
      0.41724342107772827,
      0.3326256275177002,
      0.3851180076599121,
      0.41631799936294556,
      0.4531722068786621,
      0.4667375087738037,
      0.47002291679382324,
      0.5306591391563416,
      0.6248657703399658,
      0.5492699146270752,
      0.561416506767273,
      0.49587520956993103,
      0.42948058247566223,
      0.4704412519931793,
      0.610386073589325,
      0.5905613303184509,
      0.7279453873634338,
      0.7655921578407288,
      0.9135248064994812
    ],
    [
      0.6940721869468689,
      0.4365912675857544,
