{
  "run_id": "20260305_132045",
  "condition": "L",
  "problem": "mbb_beam",
  "timestamp": "2026-03-05T13:20:45.449251",
  "metrics": {
    "final_compliance": 668.3563515811389,
    "topology_sparsity": 0.95625,
    "grey_ratio": 0.98125,
    "convergence_step": 1,
    "wall_time_s": 0.22976350784301758,
    "n_params": 480,
    "n_steps": 5
  },
  "loss_history": [
    681.6998768104754,
    678.2460496685635,
    674.8707399811512,
    671.5826688129811,
    668.3563515811389
  ],
  "final_density": [
    [
      0.5632779598236084,
      0.5717052817344666,
      0.6695374846458435,
      0.6224965453147888,
      0.5715954303741455,
      0.704193115234375,
      0.6537212133407593,
      0.569419801235199,
      0.6109506487846375,
      0.5888445973396301,
      0.6479876041412354,
      0.6041345596313477,
      0.6741824150085449,
      0.6142554879188538,
      0.6101882457733154,
      0.5346057415008545,
      0.5272712111473083,
      0.655681312084198,
      0.5939633250236511,
      0.6607434749603271,
      0.6349183320999146,
      0.6397731304168701,
      0.684898853302002,
      0.6015543937683105,
      0.5969865322113037,
      0.5114333629608154,
      0.5609524250030518,
      0.6256393790245056,
      0.5598973035812378,
      0.5821942090988159,
      0.6012492775917053,
      0.6050907969474792,
      0.6307671666145325,
      0.6944339275360107,
      0.6619799137115479,
      0.6763707995414734,
      0.563393771648407,
      0.5868751406669617,
      0.6049048900604248,
      0.5746607780456543
    ],
    [
      0.6891538500785828,
      0.6165064573287964,
      0.6538179516792297,
      0.6193807721138,
      0.5215663313865662,
      0.5292854905128479,
      0.62330162525177,
      0.5917842984199524,
      0.7058757543563843,
      0.6995540261268616,
      0.6471326947212219,
      0.576123833656311,
      0.5781040191650391,
      0.6901871562004089,
      0.7480250000953674,
      0.7437275052070618,
      0.6686025857925415,
      0.48895227909088135,
      0.7246673107147217,
      0.6928503513336182,
      0.5120524168014526,
      0.739048182964325,
      0.6329801082611084,
      0.5436089038848877,
      0.6080405116081238,
      0.5992907285690308,
      0.5748502612113953,
      0.6602753400802612,
      0.6487274765968323,
      0.6611335277557373,
      0.6843906044960022,
      0.5784851312637329,
      0.752383828163147,
      0.5990370512008667,
      0.586728036403656,
      0.6314522624015808,
      0.5718936920166016,
      0.7811293005943298,
      0.7154227495193481,
      0.5582040548324585
    ],
    [
      0.5515485405921936,
      0.5831573605537415,
      0.7572889924049377,
      0.6628977656364441,
      0.6332118511199951,
      0.6722569465637207,
      0.5357294678688049,
      0.5492194890975952,
      0.6611226201057434,
      0.662632405757904,
      0.5599669814109802,
      0.7303154468536377,
      0.7571608424186707,
      0.6870785355567932,
      0.5823049545288086,
      0.648196280002594,
      0.5949199795722961,
      0.5804737210273743,
      0.5483315587043762,
      0.5285158157348633,
      0.7118291854858398,
      0.57081139087677,
      0.6744093894958496,
      0.6359571814537048,
      0.5558835864067078,
      0.6585168838500977,
      0.674113392829895,
      0.6356707215309143,
      0.7260357737541199,
      0.558749258518219,
      0.5745532512664795,
      0.49420732259750366,
      0.6366762518882751,
      0.7221751809120178,
      0.7296872138977051,
      0.6651203036308289,
      0.6349174380302429,
      0.6249266862869263,
      0.6645718216896057,
      0.705653727054596
    ],
    [
      0.6175357699394226,
      0.7526366114616394,
      0.5569250583648682,
      0.6620935201644897,
      0.7271444797515869,
      0.7107229828834534,
      0.6528000831604004,
      0.737160325050354,
      0.4929008185863495,
      0.5829777717590332,
      0.6637889742851257,
      0.4827733635902405,
      0.598072350025177,
      0.5542844533920288,
      0.5671772956848145,
      0.6620863676071167,
      0.6326628923416138,
      0.6574937701225281,
      0.6136785745620728,
      0.5853766798973083,
      0.6983853578567505,
      0.7673707008361816,
      0.5643885731697083,
      0.668823778629303,
      0.668463945388794,
      0.7171423435211182,
      0.6366611123085022,
      0.6084229350090027,
      0.4936642646789551,
      0.6137335300445557,
      0.8151503801345825,
      0.5923011898994446,
      0.7042052149772644,
      0.5292644500732422,
      0.5835608243942261,
      0.6759430766105652,
      0.6216735243797302,
      0.7217543125152588,
      0.6591586470603943,
      0.626555323600769
    ],
    [
      0.5836842060089111,
      0.6510380506515503,
      0.553808331489563,
      0.7668180465698242,
      0.58934086561203,
      0.6231188774108887,
      0.8084360361099243,
      0.7088908553123474,
      0.686295747756958,
      0.696157693862915,
      0.594843327999115,
      0.36975565552711487,
      0.5617024898529053,
      0.570145845413208,
      0.599611222743988,
      0.5404275059700012,
      0.7662792801856995,
      0.5569136738777161,
      0.7885311245918274,
      0.7390864491462708,
      0.7725386023521423,
      0.5926946997642517,
      0.8237885236740112,
      0.5620960593223572,
      0.7368483543395996,
      0.5393115878105164,
      0.6539782285690308,
      0.7575419545173645,
      0.6649372577667236,
      0.5807715654373169,
      0.4856944680213928,
      0.5330968499183655,
      0.5607816576957703,
      0.7437317371368408,
      0.6421177983283997,
      0.6615920066833496,
      0.5029557347297668,
      0.6592621803283691,
      0.6899966597557068,
      0.6011013388633728
    ],
    [
      0.6574289202690125,
      0.5749932527542114,
      0.7324571013450623,
      0.6592761874198914,
      0.5118470191955566,
      0.5870070457458496,
      0.5220781564712524,
      0.6051725149154663,
      0.8813411593437195,
      0.6288623213768005,
      0.8208969235420227,
      0.6743969321250916,
      0.7179370522499084,
      0.6821041107177734,
      0.6394482254981995,
      0.6433128714561462,
      0.6076643466949463,
      0.5018071532249451,
      0.672638475894928,
      0.5508867502212524,
      0.7606024742126465,
      0.8122041821479797,
      0.7884668707847595,
      0.6112575531005859,
      0.6405858993530273,
      0.6377963423728943,
      0.6905650496482849,
      0.7584642171859741,
      0.6208992004394531,
      0.6235884428024292,
      0.6919088959693909,
      0.5373074412345886,
      0.5970553159713745,
      0.7121344804763794,
      0.6006557941436768,
      0.559551477432251,
      0.6644668579101562,
      0.4961036145687103,
      0.6566005349159241,
      0.5914338827133179
    ],
    [
      0.5847169756889343,
      0.6238539814949036,
      0.639872670173645,
      0.5292133092880249,
      0.740020751953125,
      0.5744400024414062,
      0.5889596343040466,
      0.6116729378700256,
      0.7992852926254272,
      0.48127231001853943,
      0.7625343799591064,
      0.4686627686023712,
      0.747214674949646,
      0.5170673727989197,
      0.5717674493789673,
      0.5347328186035156,
      0.6761974096298218,
      0.5328274369239807,
      0.6445860266685486,
      0.7471229434013367,
      0.7503858208656311,
      0.7832942008972168,
      0.7741120457649231,
      0.47876662015914917,
      0.48705247044563293,
      0.5660130381584167,
      0.6557299494743347,
      0.7289618253707886,
      0.5706679821014404,
      0.5783268213272095,
      0.6368962526321411,
      0.620128870010376,
      0.5242993831634521,
      0.5953962206840515,
      0.5520931482315063,
      0.6294988393783569,
      0.6868197917938232,
      0.5976857542991638,
      0.6077778935432434,
      0.5768625140190125
    ],
    [
      0.627615213394165,
      0.6768995523452759,
      0.5953067541122437,
      0.8208972811698914,
      0.7265114188194275,
