{
  "run_id": "20260305_132336",
  "condition": "B",
  "problem": "causeway_bridge",
  "timestamp": "2026-03-05T13:23:36.132461",
  "metrics": {
    "final_compliance": 2289.6019075695103,
    "topology_sparsity": 0.0,
    "grey_ratio": 1.0,
    "convergence_step": 2,
    "wall_time_s": 0.11701750755310059,
    "n_params": 480,
    "n_steps": 5
  },
  "loss_history": [
    2536.045873117513,
    2481.721476532417,
    2417.1499104732793,
    2354.2829340222024,
    2289.6019075695103
  ],
  "final_density": [
    [
      0.4218880534172058,
      0.4000000059604645,
      0.41604378819465637,
      0.4000000059604645,
      0.4000000059604645,
      0.44150131940841675,
      0.4000000059604645,
      0.4000000059604645,
      0.41604378819465637,
      0.4000000059604645,
      0.4297090470790863,
      0.4000000059604645,
      0.4000000059604645,
      0.4297090470790863,
      0.4368942379951477,
      0.4297090470790863,
      0.4348355829715729,
      0.4371402859687805,
      0.41072314977645874,
      0.4000000059604645,
      0.4000000059604645,
      0.41604378819465637,
      0.4349061846733093,
      0.41072314977645874,
      0.42686861753463745,
      0.4218880534172058,
      0.4371814429759979,
      0.41604378819465637,
      0.4297090172767639,
      0.4245207905769348,
      0.43718475103378296,
      0.4054549038410187,
      0.4297090470790863,
      0.41072314977645874,
      0.4349288046360016,
      0.42078515887260437,
      0.4000000059604645,
      0.4000000059604645,
      0.4297090172767639,
      0.4054549038410187
    ],
    [
      0.4218880534172058,
      0.4297090470790863,
      0.41604378819465637,
      0.41604378819465637,
      0.4000000059604645,
      0.420786052942276,
      0.4000000059604645,
      0.4310038983821869,
      0.4185740649700165,
      0.42898404598236084,
      0.4218880236148834,
      0.4185825288295746,
      0.4054549038410187,
      0.4000000059604645,
      0.4000000059604645,
      0.41604378819465637,
      0.4371313750743866,
      0.43937674164772034,
      0.4288240373134613,
      0.4218880534172058,
      0.4000000059604645,
      0.4054549038410187,
      0.4218880534172058,
      0.41604378819465637,
      0.4000000059604645,
      0.4000000059604645,
      0.4245138168334961,
      0.42078110575675964,
      0.4000000059604645,
      0.4227046072483063,
      0.4000000059604645,
      0.4000000059604645,
      0.41604378819465637,
      0.4000000059604645,
      0.4054549038410187,
      0.4000000059604645,
      0.4000000059604645,
      0.41604378819465637,
      0.43939098715782166,
      0.4000000059604645
    ],
    [
      0.4000000059604645,
      0.41072314977645874,
      0.42686983942985535,
      0.42687711119651794,
      0.41072314977645874,
      0.4000000059604645,
      0.4000000059604645,
      0.4054549038410187,
      0.44106125831604004,
      0.4000000059604645,
      0.4000000059604645,
      0.4000000059604645,
      0.41604378819465637,
      0.41072314977645874,
      0.42078256607055664,
      0.4000000059604645,
      0.4000000059604645,
      0.41313037276268005,
      0.4297090470790863,
      0.4000000059604645,
      0.4000000059604645,
      0.4218880534172058,
      0.41857123374938965,
      0.41072314977645874,
      0.4324152171611786,
      0.4054549038410187,
      0.4000000059604645,
      0.41072314977645874,
      0.4000000059604645,
      0.4000000059604645,
      0.4000000059604645,
      0.4245159327983856,
      0.41604378819465637,
      0.41604378819465637,
      0.4000000059604645,
      0.4000000059604645,
      0.43939974904060364,
      0.4000000059604645,
      0.4218880534172058,
      0.4054549038410187
    ],
    [
      0.4348980188369751,
      0.4000000059604645,
      0.4288368225097656,
      0.432440847158432,
      0.4000000059604645,
      0.41072314977645874,
      0.41857969760894775,
      0.4227035939693451,
      0.43718379735946655,
      0.4000000059604645,
      0.4000000059604645,
      0.41072314977645874,
      0.41604378819465637,
      0.42452627420425415,
      0.4000000059604645,
      0.4000000059604645,
      0.4289727509021759,
      0.42684632539749146,
      0.42450082302093506,
      0.4297090470790863,
      0.41604378819465637,
      0.41072314977645874,
      0.4324233829975128,
      0.4371846616268158,
      0.4245145618915558,
      0.4000000059604645,
      0.41604378819465637,
      0.4000000059604645,
      0.4000000059604645,
      0.4297090470790863,
      0.4207819700241089,
      0.44334548711776733,
      0.4324095845222473,
      0.4131333827972412,
      0.4218880534172058,
      0.4268740713596344,
      0.4000000059604645,
      0.41072314977645874,
      0.4450617730617523,
      0.41072314977645874
    ],
    [
      0.4268646538257599,
      0.4218880534172058,
      0.4000000059604645,
      0.4207824170589447,
      0.4000000059604645,
      0.44513005018234253,
      0.4000000059604645,
      0.43939560651779175,
      0.4000000059604645,
      0.4324442744255066,
      0.42078709602355957,
      0.4054549038410187,
      0.4054549038410187,
      0.4218880236148834,
      0.43489885330200195,
      0.4185740053653717,
      0.41072314977645874,
      0.4218880534172058,
      0.4000000059604645,
      0.4054549038410187,
      0.4054549038410187,
      0.41072314977645874,
      0.4218880534172058,
      0.4054549038410187,
      0.4218880534172058,
      0.4000000059604645,
      0.41604378819465637,
      0.4000000059604645,
      0.4297090470790863,
      0.41072314977645874,
      0.4054549038410187,
      0.43097949028015137,
      0.4218880534172058,
      0.4000000059604645,
      0.4297090470790863,
      0.4000000059604645,
      0.41072314977645874,
      0.4000000059604645,
      0.4297090470790863,
      0.4000000059604645
    ],
    [
      0.4000000059604645,
      0.41604378819465637,
      0.4218880534172058,
      0.4218880534172058,
      0.4218880534172058,
      0.4297090172767639,
      0.4324358105659485,
      0.4297090172767639,
      0.4054549038410187,
      0.4297090172767639,
      0.4000000059604645,
      0.4054549038410187,
      0.4000000059604645,
      0.4297090470790863,
      0.41072314977645874,
      0.42686769366264343,
      0.4000000059604645,
      0.4054549038410187,
      0.4218880534172058,
      0.4000000059604645,
      0.42078372836112976,
      0.4054549038410187,
      0.4054549038410187,
      0.41072314977645874,
      0.4000000059604645,
      0.4369325637817383,
      0.4297090172767639,
      0.4000000059604645,
      0.41313302516937256,
      0.4000000059604645,
      0.4000000059604645,
      0.4000000059604645,
      0.4218880534172058,
      0.4297090172767639,
      0.4000000059604645,
      0.4414913058280945,
      0.41072314977645874,
      0.4000000059604645,
      0.4000000059604645,
      0.4000000059604645
    ],
    [
      0.4218880534172058,
      0.4000000059604645,
      0.4268667995929718,
      0.41604378819465637,
      0.4218880534172058,
      0.4000000059604645,
      0.41072314977645874,
      0.4218880534172058,
      0.4000000059604645,
      0.4000000059604645,
      0.4000000059604645,
      0.41072314977645874,
      0.4324253797531128,
      0.41072314977645874,
      0.4218880534172058,
      0.42685553431510925,
      0.4054549038410187,
      0.41072314977645874,
      0.41072314977645874,
      0.4000000059604645,
      0.4000000059604645,
      0.4268765151500702,
      0.41072314977645874,
      0.4227028787136078,
      0.4054549038410187,
      0.4054549038410187,
      0.4000000059604645,
      0.4297090172767639,
      0.41857269406318665,
      0.4393821656703949,
      0.4348600506782532,
      0.4297090470790863,
      0.41857022047042847,
      0.4297090172767639,
      0.4297090470790863,
      0.4000000059604645,
      0.4218880534172058,
      0.4000000059604645,
      0.4000000059604645,
      0.41072314977645874
    ],
    [
      0.4000000059604645,
