{
  "run_id": "20260305_132400",
  "condition": "I",
  "problem": "multistory_building",
  "timestamp": "2026-03-05T13:24:00.522382",
  "metrics": {
    "final_compliance": 428.4132763989853,
    "topology_sparsity": 0.5208333333333334,
    "grey_ratio": 0.69375,
    "convergence_step": 5,
    "wall_time_s": 1.1592366695404053,
    "n_params": 948833,
    "n_steps": 5
  },
  "loss_history": [
    826.0907220407244,
    611.7690319296291,
    532.4657374500339,
    472.6942238597361,
    428.4132763989853
  ],
  "final_density": [
    [
      0.9635933041572571,
      0.9650824069976807,
      0.9625946283340454,
      0.9819822311401367,
      0.968049168586731,
      0.9642834067344666,
      0.9405636787414551,
      0.9439079165458679,
      0.9242374897003174,
      0.9245104193687439,
      0.9366304278373718,
      0.9515968561172485,
      0.9214626550674438,
      0.8818259239196777,
      0.8853404521942139,
      0.9316679835319519,
      0.9377903938293457,
      0.944643497467041,
      0.9288166761398315,
      0.9247356057167053,
      0.9257365465164185,
      0.9384706616401672,
      0.9395624399185181,
      0.9136814475059509,
      0.8702376484870911,
      0.8546900153160095,
      0.8362877368927002,
      0.9295203685760498,
      0.939845085144043,
      0.9207918643951416,
      0.8271647095680237,
      0.7715027332305908,
      0.5733899474143982,
      0.6075931787490845,
      0.5733910799026489,
      0.6869589686393738,
      0.8013209104537964,
      0.8036168813705444,
      0.8420639038085938,
      0.8729501366615295
    ],
    [
      0.942870020866394,
      0.9330273270606995,
      0.9592715501785278,
      0.9672515392303467,
      0.9429180026054382,
      0.9191355109214783,
      0.9287382364273071,
      0.9503750801086426,
      0.8954558372497559,
      0.8024330735206604,
      0.8920945525169373,
      0.9016941785812378,
      0.8518165946006775,
      0.7657206654548645,
      0.7103404402732849,
      0.7043784856796265,
      0.7919667363166809,
      0.8703893423080444,
      0.8750330805778503,
      0.8592586517333984,
      0.7753742933273315,
      0.7936814427375793,
      0.8317193388938904,
      0.8132391571998596,
      0.6566181182861328,
      0.5310837030410767,
      0.5702638626098633,
      0.8001381754875183,
      0.8282407522201538,
      0.8531428575515747,
      0.7910071611404419,
      0.6733283400535583,
      0.3556912839412689,
      0.28631365299224854,
      0.19811022281646729,
      0.3817256689071655,
      0.42538002133369446,
      0.39849165081977844,
      0.4339239001274109,
      0.606261670589447
    ],
    [
      0.8678247332572937,
      0.7225700616836548,
      0.8053843379020691,
      0.6644752621650696,
      0.6068375706672668,
      0.697881817817688,
      0.7915019392967224,
      0.7889189720153809,
      0.8222025632858276,
      0.828926682472229,
      0.855567991733551,
      0.8535301089286804,
      0.840238630771637,
      0.7874192595481873,
      0.6980764269828796,
      0.6256210803985596,
      0.6374069452285767,
      0.6069262623786926,
      0.6513999104499817,
      0.4692267179489136,
      0.4819495677947998,
      0.6438088417053223,
      0.6234613060951233,
      0.6679065823554993,
      0.5915851593017578,
      0.5893880724906921,
      0.5988367795944214,
      0.5674487948417664,
      0.6433250308036804,
      0.6702569127082825,
      0.6684926748275757,
      0.6837031841278076,
      0.47996985912323,
      0.34246864914894104,
      0.2819162607192993,
      0.31877902150154114,
      0.38760262727737427,
      0.3671935796737671,
      0.44067591428756714,
      0.627680778503418
    ],
    [
      0.5797898173332214,
      0.34658083319664,
      0.39887386560440063,
      0.24238955974578857,
      0.28491079807281494,
      0.20176753401756287,
      0.25464919209480286,
      0.3990328907966614,
      0.3355150520801544,
      0.23812642693519592,
      0.44062018394470215,
      0.5336513519287109,
      0.5305514931678772,
      0.5345138907432556,
      0.4466281831264496,
      0.44461914896965027,
      0.3125525414943695,
      0.4068431854248047,
      0.34018057584762573,
      0.22686199843883514,
      0.26179298758506775,
      0.19139792025089264,
      0.22858667373657227,
      0.44381463527679443,
      0.40900036692619324,
      0.4154585599899292,
      0.4145258665084839,
      0.4761858582496643,
      0.5207675695419312,
      0.4866936504840851,
      0.514157235622406,
      0.516325831413269,
      0.4337824285030365,
      0.362712025642395,
      0.3200993835926056,
      0.3350262939929962,
      0.2833687365055084,
      0.2572181820869446,
      0.38599932193756104,
      0.651112973690033
    ],
    [
      0.6060866713523865,
      0.3849751353263855,
      0.33632615208625793,
      0.29009902477264404,
      0.30661118030548096,
      0.2147957682609558,
      0.40019533038139343,
      0.21448975801467896,
      0.08450638502836227,
      0.13532032072544098,
      0.22466668486595154,
      0.2555350065231323,
      0.391419917345047,
      0.426469087600708,
      0.48640912771224976,
      0.4473937749862671,
      0.4307444989681244,
      0.4068266749382019,
      0.285211980342865,
      0.14985662698745728,
      0.09686882793903351,
      0.08850820362567902,
      0.2799130976200104,
      0.28127729892730713,
      0.33528798818588257,
      0.38530537486076355,
      0.42797526717185974,
      0.4024423360824585,
      0.444498747587204,
      0.49297821521759033,
      0.5368474125862122,
      0.47818541526794434,
      0.37817153334617615,
      0.31001704931259155,
      0.4331400990486145,
      0.3188006579875946,
      0.26288050413131714,
      0.3928088843822479,
      0.5033435225486755,
      0.7501806616783142
    ],
    [
      0.784940242767334,
      0.4859050214290619,
      0.4377390146255493,
      0.2607339918613434,
      0.32489776611328125,
      0.45026668906211853,
      0.5930731892585754,
      0.21083244681358337,
      0.19452239573001862,
      0.08181371539831161,
      0.08229780197143555,
      0.21094487607479095,
      0.38245266675949097,
      0.46973586082458496,
      0.5962363481521606,
      0.7435598969459534,
      0.6755984425544739,
      0.6194971799850464,
      0.5469509363174438,
      0.34377381205558777,
      0.17595937848091125,
      0.12626291811466217,
      0.20491591095924377,
      0.22029490768909454,
      0.4550972282886505,
      0.4047448933124542,
      0.44313541054725647,
      0.3946397006511688,
      0.5483123660087585,
      0.6012296080589294,
      0.5872727632522583,
      0.4856104552745819,
      0.438831627368927,
      0.42034992575645447,
      0.3579714000225067,
      0.2440033257007599,
      0.4199216663837433,
      0.5229843258857727,
      0.5600858330726624,
      0.8506536483764648
    ],
    [
      0.7671335339546204,
      0.5440573692321777,
      0.4331335425376892,
      0.173604816198349,
      0.24290981888771057,
      0.25954726338386536,
      0.5206639766693115,
      0.5184217691421509,
      0.4024810492992401,
      0.16375644505023956,
      0.38116300106048584,
      0.54497891664505,
      0.5541104078292847,
      0.42608243227005005,
      0.6461628079414368,
      0.7126988768577576,
      0.7089349031448364,
      0.5265862941741943,
      0.6047998070716858,
      0.5161991119384766,
      0.29911869764328003,
      0.1622711718082428,
      0.14384189248085022,
      0.34150853753089905,
      0.36220335960388184,
      0.33985626697540283,
      0.4964492917060852,
      0.3555075228214264,
      0.6474495530128479,
      0.5662740468978882,
      0.5362709760665894,
      0.37732425332069397,
      0.4462388753890991,
      0.31404927372932434,
      0.45840856432914734,
      0.48457691073417664,
      0.4960794448852539,
      0.5472910404205322,
      0.7605825662612915,
      0.9070028066635132
    ],
    [
      0.5679829716682434,
