{
  "run_id": "20260305_132733",
  "condition": "F",
  "problem": "mbb_beam",
  "timestamp": "2026-03-05T13:27:33.871936",
  "metrics": {
    "final_compliance": 1230.035233856113,
    "topology_sparsity": 1.0,
    "grey_ratio": 1.0,
    "convergence_step": 1,
    "wall_time_s": 1.1551966667175293,
    "n_params": 29377,
    "n_steps": 5
  },
  "loss_history": [
    1232.3211874989338,
    1232.0099553590687,
    1231.5606166103864,
    1230.8458658378022,
    1230.035233856113
  ],
  "final_density": [
    [
      0.5116308927536011,
      0.5116310715675354,
      0.5116308331489563,
      0.511630117893219,
      0.5116293430328369,
      0.5116279721260071,
      0.5116264224052429,
      0.5116244554519653,
      0.5116226673126221,
      0.5116207599639893,
      0.5116187334060669,
      0.5116164684295654,
      0.5116137862205505,
      0.5116114616394043,
      0.5116100311279297,
      0.5116084218025208,
      0.5116069316864014,
      0.5116055607795715,
      0.5116041898727417,
      0.5116028189659119,
      0.5116013288497925,
      0.5116000175476074,
      0.5115988254547119,
      0.5115976333618164,
      0.5115960836410522,
      0.5115941762924194,
      0.5115920305252075,
      0.5115899443626404,
      0.5115885138511658,
      0.5115871429443359,
      0.5115855932235718,
      0.5115841031074524,
      0.511582612991333,
      0.5115813612937927,
      0.5115801692008972,
      0.5115789175033569,
      0.5115775465965271,
      0.5115754008293152,
      0.5115734934806824,
      0.5115715861320496
    ],
    [
      0.5116347074508667,
      0.5116334557533264,
      0.5116324424743652,
      0.511631190776825,
      0.5116295218467712,
      0.5116279125213623,
      0.5116257667541504,
      0.5116239786148071,
      0.5116215944290161,
      0.5116190910339355,
      0.5116161108016968,
      0.5116124153137207,
      0.5116091370582581,
      0.5116060376167297,
      0.5116028785705566,
      0.5116000175476074,
      0.5115980505943298,
      0.5115965604782104,
      0.5115951299667358,
      0.5115936994552612,
      0.5115922093391418,
      0.5115899443626404,
      0.5115879774093628,
      0.5115863680839539,
      0.5115848183631897,
      0.5115839242935181,
      0.5115830302238464,
      0.5115820169448853,
      0.5115809440612793,
      0.5115796327590942,
      0.5115781426429749,
      0.5115765929222107,
      0.5115751028060913,
      0.5115731358528137,
      0.5115707516670227,
      0.5115683078765869,
      0.511565625667572,
      0.5115630030632019,
      0.5115604400634766,
      0.5115578174591064
    ],
    [
      0.5116352438926697,
      0.511633574962616,
      0.5116316676139832,
      0.5116296410560608,
      0.5116272568702698,
      0.5116242170333862,
      0.5116206407546997,
      0.5116169452667236,
      0.5116135478019714,
      0.5116100311279297,
      0.5116066932678223,
      0.5116037726402283,
      0.5116004347801208,
      0.511597216129303,
      0.5115939378738403,
      0.5115914344787598,
      0.5115893483161926,
      0.5115872025489807,
      0.5115854144096375,
      0.511583685874939,
      0.5115820169448853,
      0.5115803480148315,
      0.5115794539451599,
      0.5115782618522644,
      0.5115768909454346,
      0.5115755200386047,
      0.5115742683410645,
      0.5115732550621033,
      0.5115721225738525,
      0.511570930480957,
      0.5115689635276794,
      0.511566698551178,
      0.511564314365387,
      0.511561930179596,
      0.5115594267845154,
      0.51155686378479,
      0.5115543007850647,
      0.5115518569946289,
      0.5115492343902588,
      0.5115464925765991
    ],
    [
      0.5116302967071533,
      0.5116285085678101,
      0.5116258859634399,
      0.511622428894043,
      0.5116187334060669,
      0.511615514755249,
      0.5116115808486938,
      0.5116076469421387,
      0.511603832244873,
      0.5116004943847656,
      0.5115975141525269,
      0.5115945935249329,
      0.5115916728973389,
      0.5115889310836792,
      0.511586606502533,
      0.5115840435028076,
      0.511581540107727,
      0.5115790367126465,
      0.5115765333175659,
      0.5115748643875122,
      0.5115739703178406,
      0.5115731358528137,
      0.5115724205970764,
      0.5115716457366943,
      0.5115707516670227,
      0.5115693807601929,
      0.5115678310394287,
      0.5115652680397034,
      0.5115624666213989,
      0.5115599632263184,
      0.5115575790405273,
      0.5115551948547363,
      0.5115529298782349,
      0.511550784111023,
      0.5115485191345215,
      0.5115461349487305,
      0.5115438103675842,
      0.511541485786438,
      0.5115390419960022,
      0.511536717414856
    ],
    [
      0.5116209387779236,
      0.511618435382843,
      0.5116155743598938,
      0.5116127729415894,
      0.5116098523139954,
      0.5116069912910461,
      0.5116041898727417,
      0.5116009712219238,
      0.5115971565246582,
      0.5115931034088135,
      0.5115892291069031,
      0.5115853548049927,
      0.5115822553634644,
      0.5115795135498047,
      0.511576771736145,
      0.5115745663642883,
      0.5115725994110107,
      0.511570930480957,
      0.5115692615509033,
      0.5115676522254944,
      0.511566162109375,
      0.5115646719932556,
      0.5115634799003601,
      0.5115622282028198,
      0.511560320854187,
      0.5115583539009094,
      0.5115561485290527,
      0.5115537643432617,
      0.5115513205528259,
      0.5115488767623901,
      0.5115463137626648,
      0.511543869972229,
      0.5115413665771484,
      0.5115389227867126,
      0.5115364789962769,
      0.5115338563919067,
      0.5115310549736023,
      0.511528491973877,
      0.5115259289741516,
      0.5115236043930054
    ],
    [
      0.5116128325462341,
      0.5116099715232849,
      0.5116069912910461,
      0.5116040110588074,
      0.5116013884544373,
      0.511599063873291,
      0.5115967988967896,
      0.5115945935249329,
      0.5115914940834045,
      0.5115875601768494,
      0.5115843415260315,
      0.5115813612937927,
      0.511578381061554,
      0.5115753412246704,
      0.5115728974342346,
      0.5115706920623779,
      0.5115684270858765,
      0.511566162109375,
      0.5115639567375183,
      0.5115615129470825,
      0.5115588903427124,
      0.5115556120872498,
      0.5115525722503662,
      0.5115494728088379,
      0.5115470290184021,
      0.5115450024604797,
      0.5115430355072021,
      0.5115410089492798,
      0.5115388035774231,
      0.5115363597869873,
      0.5115339756011963,
      0.5115309357643127,
      0.5115280747413635,
      0.5115256905555725,
      0.5115233659744263,
      0.5115206241607666,
      0.5115178823471069,
      0.5115152597427368,
      0.511512815952301,
      0.5115103721618652
    ],
    [
      0.5116047859191895,
      0.5116012692451477,
      0.5115981698036194,
      0.5115950107574463,
      0.5115923881530762,
      0.5115900039672852,
      0.5115875601768494,
      0.511584997177124,
      0.5115829110145569,
      0.5115807056427002,
      0.511578381061554,
      0.5115765333175659,
      0.5115739703178406,
      0.5115709900856018,
      0.5115681886672974,
      0.5115654468536377,
      0.5115631222724915,
      0.5115605592727661,
      0.5115575194358826,
      0.511554479598999,
      0.5115511417388916,
      0.5115476250648499,
      0.5115443468093872,
      0.5115410685539246,
      0.5115377902984619,
      0.5115346312522888,
      0.5115318894386292,
      0.5115295052528381,
      0.511526882648468,
      0.5115243196487427,
      0.5115213990211487,
      0.5115182995796204,
      0.5115153193473816,
      0.511512279510498,
      0.511509358882904,
      0.5115067362785339,
      0.5115043520927429,
      0.5115019679069519,
      0.5114995241165161,
      0.5114970803260803
    ],
    [
      0.5115966200828552,
      0.511592447757721,
      0.5115885734558105,
      0.51158607006073,
      0.5115836262702942,
      0.5115810632705688,
