{
  "run_id": "20260305_132351",
  "condition": "G",
  "problem": "causeway_bridge",
  "timestamp": "2026-03-05T13:23:51.347669",
  "metrics": {
    "final_compliance": 1181.7078129111205,
    "topology_sparsity": 1.0,
    "grey_ratio": 1.0,
    "convergence_step": 1,
    "wall_time_s": 0.8653233051300049,
    "n_params": 16705,
    "n_steps": 5
  },
  "loss_history": [
    1196.2516258255823,
    1192.8157806071702,
    1189.333670317238,
    1185.7958243584826,
    1181.7078129111205
  ],
  "final_density": [
    [
      0.5192390084266663,
      0.5193636417388916,
      0.5196673274040222,
      0.5199294686317444,
      0.5200477242469788,
      0.519969642162323,
      0.5197498202323914,
      0.519646406173706,
      0.5198091268539429,
      0.519978404045105,
      0.5199783444404602,
      0.5198653340339661,
      0.5198112726211548,
      0.5198006629943848,
      0.5198889374732971,
      0.5201804637908936,
      0.5205602049827576,
      0.5208590030670166,
      0.5209594964981079,
      0.5212528705596924,
      0.5214043855667114,
      0.521240770816803,
      0.5207047462463379,
      0.5200657844543457,
      0.5194006562232971,
      0.518758237361908,
      0.5181918740272522,
      0.5178248882293701,
      0.5176509618759155,
      0.5175750255584717,
      0.5178426504135132,
      0.517927885055542,
      0.5182148218154907,
      0.5185715556144714,
      0.5186293721199036,
      0.5185156464576721,
      0.5182435512542725,
      0.5180586576461792,
      0.5179319977760315,
      0.5179871916770935
    ],
    [
      0.5195304751396179,
      0.5195072293281555,
      0.5197422504425049,
      0.5199705362319946,
      0.5197207927703857,
      0.5195586681365967,
      0.5194416046142578,
      0.5195858478546143,
      0.5196366906166077,
      0.5196258425712585,
      0.5194843411445618,
      0.5194621682167053,
      0.5195246934890747,
      0.5195438861846924,
      0.5196370482444763,
      0.5199031233787537,
      0.5200822353363037,
      0.5204098224639893,
      0.5207074880599976,
      0.5208311080932617,
      0.5205479860305786,
      0.5202506184577942,
      0.5198913812637329,
      0.5193111300468445,
      0.5185704231262207,
      0.5181554555892944,
      0.5178019404411316,
      0.5176098346710205,
      0.5174623727798462,
      0.5176541209220886,
      0.5178118348121643,
      0.5180343985557556,
      0.5182831883430481,
      0.518540620803833,
      0.5183941721916199,
      0.5183271765708923,
      0.5180853009223938,
      0.5176951885223389,
      0.5172038078308105,
      0.5166006088256836
    ],
    [
      0.5193958282470703,
      0.5192059278488159,
      0.5187910795211792,
      0.5183036923408508,
      0.5178705453872681,
      0.51747065782547,
      0.5171296000480652,
      0.5168867111206055,
      0.5170100927352905,
      0.5174005627632141,
      0.5176222920417786,
      0.5176981091499329,
      0.5178012847900391,
      0.5181176662445068,
      0.518636167049408,
      0.519131064414978,
      0.519621729850769,
      0.5199436545372009,
      0.5201030969619751,
      0.5198558568954468,
      0.5192696452140808,
      0.5187299251556396,
      0.5182526111602783,
      0.5179442763328552,
      0.5176240801811218,
      0.5177639722824097,
      0.5179627537727356,
      0.5179117918014526,
      0.517917275428772,
      0.517993688583374,
      0.5182956457138062,
      0.5184909105300903,
      0.5185682773590088,
      0.5185354351997375,
      0.5182051062583923,
      0.517977237701416,
      0.5180791020393372,
      0.5181745290756226,
      0.5178916454315186,
      0.5172266364097595
    ],
    [
      0.518205463886261,
      0.517967939376831,
      0.517606258392334,
      0.5171425938606262,
      0.5168377757072449,
      0.5165448784828186,
      0.5164077877998352,
      0.5163925886154175,
      0.5164588689804077,
      0.5164465308189392,
      0.5165566205978394,
      0.5168083906173706,
      0.5173313617706299,
      0.5178532600402832,
      0.5183593034744263,
      0.5189179182052612,
      0.519389808177948,
      0.5196376442909241,
      0.519679069519043,
      0.51981121301651,
      0.5194973349571228,
      0.518822193145752,
      0.5183984637260437,
      0.518150806427002,
      0.5177739858627319,
      0.517500102519989,
      0.5173912048339844,
      0.5173189640045166,
      0.5177450180053711,
      0.5182455778121948,
      0.5185135006904602,
      0.5189098119735718,
      0.5191041231155396,
      0.5192137360572815,
      0.5192691087722778,
      0.5195626020431519,
      0.5198796391487122,
      0.5200261473655701,
      0.5196211934089661,
      0.5194137096405029
    ],
    [
      0.5181387662887573,
      0.5181936025619507,
      0.5180601477622986,
      0.5177785158157349,
      0.5173628926277161,
      0.517005980014801,
      0.5166115164756775,
      0.5165098905563354,
      0.5165694355964661,
      0.5166391134262085,
      0.5167887806892395,
      0.5171110033988953,
      0.5176818370819092,
      0.5181248188018799,
      0.5185852646827698,
      0.5190795660018921,
      0.5195007920265198,
      0.5199470520019531,
      0.5202704668045044,
      0.520547091960907,
      0.5205344557762146,
      0.5202286839485168,
      0.5198651552200317,
      0.5196041464805603,
      0.5195743441581726,
      0.5197166204452515,
      0.5200645327568054,
      0.520460844039917,
      0.5208109617233276,
      0.5209511518478394,
      0.5210906267166138,
      0.5210637450218201,
      0.5208823680877686,
      0.5207539200782776,
      0.5207340717315674,
      0.5207213759422302,
      0.5207237005233765,
      0.5210338234901428,
      0.5216291546821594,
      0.5219077467918396
    ],
    [
      0.5172414183616638,
      0.5177212953567505,
      0.5179211497306824,
      0.5180562734603882,
      0.518039882183075,
      0.5179216861724854,
      0.5177473425865173,
      0.5175590515136719,
      0.5176246762275696,
      0.51767897605896,
      0.5178529024124146,
      0.5178437232971191,
      0.5180184245109558,
      0.5184059143066406,
      0.518970251083374,
      0.5193820595741272,
      0.5198678374290466,
      0.5202980041503906,
      0.5203776955604553,
      0.520431399345398,
      0.5205336213111877,
      0.5205188393592834,
      0.520376980304718,
      0.5205765962600708,
      0.5210440158843994,
      0.5215193033218384,
      0.5219272375106812,
      0.5221676230430603,
      0.5227413773536682,
      0.5231492519378662,
      0.5235608816146851,
      0.5237041711807251,
      0.5237663388252258,
      0.5236952900886536,
      0.5234361886978149,
      0.523047685623169,
      0.5225865840911865,
      0.5225241184234619,
      0.5224595069885254,
      0.5220834612846375
    ],
    [
      0.5168909430503845,
      0.5169223546981812,
      0.5171658992767334,
      0.517358660697937,
      0.5174872875213623,
      0.5175502300262451,
      0.5177663564682007,
      0.5181148052215576,
      0.5183892250061035,
      0.5182764530181885,
      0.518032431602478,
      0.5179684162139893,
      0.5181692838668823,
      0.5184507369995117,
      0.5187952518463135,
      0.5188335180282593,
      0.5190333724021912,
      0.5192545652389526,
      0.5194500088691711,
      0.5198294520378113,
      0.5199472308158875,
      0.5199468731880188,
      0.5200017690658569,
      0.5200087428092957,
      0.5203605890274048,
      0.520885705947876,
      0.5213974118232727,
      0.5216801762580872,
      0.5222399830818176,
      0.5229706764221191,
      0.5236426591873169,
      0.5240234136581421,
      0.5240629315376282,
      0.5238775014877319,
      0.5238816738128662,
      0.523750901222229,
      0.5233539342880249,
      0.5227012634277344,
      0.5219635367393494,
      0.5215078592300415
    ],
    [
      0.5178487300872803,
      0.5178816914558411,
      0.5179802179336548,
      0.5180841088294983,
      0.5181915760040283,
