{
  "run_id": "20260305_132727",
  "condition": "B",
  "problem": "causeway_bridge",
  "timestamp": "2026-03-05T13:27:27.116827",
  "metrics": {
    "final_compliance": 2305.076418559489,
    "topology_sparsity": 0.0,
    "grey_ratio": 1.0,
    "convergence_step": 1,
    "wall_time_s": 0.10585308074951172,
    "n_params": 480,
    "n_steps": 5
  },
  "loss_history": [
    2533.2811899254384,
    2483.295581630814,
    2426.308776660917,
    2367.0723894399043,
    2305.076418559489
  ],
  "final_density": [
    [
      0.41604378819465637,
      0.4000000059604645,
      0.4054549038410187,
      0.41604378819465637,
      0.44106313586235046,
      0.41072314977645874,
      0.41604378819465637,
      0.4218880534172058,
      0.4000000059604645,
      0.4297090470790863,
      0.4054549038410187,
      0.4218880534172058,
      0.41072314977645874,
      0.4245278239250183,
      0.4000000059604645,
      0.4000000059604645,
      0.4297090470790863,
      0.4324098527431488,
      0.43717074394226074,
      0.41072314977645874,
      0.4268859028816223,
      0.4218880534172058,
      0.41072314977645874,
      0.4218880534172058,
      0.43719014525413513,
      0.41604378819465637,
      0.4324251115322113,
      0.41604378819465637,
      0.42688167095184326,
      0.41072314977645874,
      0.4218880534172058,
      0.4410514533519745,
      0.41604378819465637,
      0.4000000059604645,
      0.41604378819465637,
      0.4000000059604645,
      0.4297090470790863,
      0.4309089779853821,
      0.4266851246356964,
      0.42341849207878113
    ],
    [
      0.41604378819465637,
      0.4000000059604645,
      0.42453816533088684,
      0.4000000059604645,
      0.4000000059604645,
      0.42686930298805237,
      0.4218880534172058,
      0.4218880236148834,
      0.4467589557170868,
      0.42882823944091797,
      0.41072314977645874,
      0.4054549038410187,
      0.41604378819465637,
      0.42898622155189514,
      0.4054549038410187,
      0.41604378819465637,
      0.432415246963501,
      0.4000000059604645,
      0.4000000059604645,
      0.4000000059604645,
      0.4000000059604645,
      0.4000000059604645,
      0.4000000059604645,
      0.4000000059604645,
      0.4218880534172058,
      0.4000000059604645,
      0.42898502945899963,
      0.41072314977645874,
      0.4054549038410187,
      0.43243157863616943,
      0.4000000059604645,
      0.4000000059604645,
      0.4000000059604645,
      0.44508621096611023,
      0.41604378819465637,
      0.4348801076412201,
      0.4000000059604645,
      0.41604378819465637,
      0.4000000059604645,
      0.4000000059604645
    ],
    [
      0.42688247561454773,
      0.4054549038410187,
      0.4054549038410187,
      0.41313499212265015,
      0.4218880534172058,
      0.42078152298927307,
      0.4054549038410187,
      0.432402104139328,
      0.4000000059604645,
      0.44102224707603455,
      0.42451637983322144,
      0.42078542709350586,
      0.4000000059604645,
      0.4000000059604645,
      0.4371873736381531,
      0.4324268102645874,
      0.4000000059604645,
      0.4410296082496643,
      0.41072314977645874,
      0.4218880534172058,
      0.4000000059604645,
      0.4000000059604645,
      0.4000000059604645,
      0.4218880534172058,
      0.4207794964313507,
      0.4368912875652313,
      0.41072314977645874,
      0.4054549038410187,
      0.4309987723827362,
      0.4000000059604645,
      0.4348990321159363,
      0.4348946809768677,
      0.4185751974582672,
      0.4245212972164154,
      0.41604378819465637,
      0.42898210883140564,
      0.4000000059604645,
      0.434853732585907,
      0.4297090470790863,
      0.4000000059604645
    ],
    [
      0.4000000059604645,
      0.44684144854545593,
      0.4000000059604645,
      0.4000000059604645,
      0.41604378819465637,
      0.4054549038410187,
      0.41604378819465637,
      0.4000000059604645,
      0.4289719760417938,
      0.43486735224723816,
      0.4054549038410187,
      0.4297090470790863,
      0.43940097093582153,
      0.4000000059604645,
      0.4000000059604645,
      0.4371698498725891,
      0.4000000059604645,
      0.4371679425239563,
      0.41604378819465637,
      0.4218880534172058,
      0.4185822606086731,
      0.4218880534172058,
      0.4000000059604645,
      0.42883068323135376,
      0.41604378819465637,
      0.4000000059604645,
      0.4131314158439636,
      0.4297090470790863,
      0.4000000059604645,
      0.4000000059604645,
      0.4000000059604645,
      0.4000000059604645,
      0.4000000059604645,
      0.4000000059604645,
      0.4000000059604645,
      0.4297090470790863,
      0.4289788603782654,
      0.42269518971443176,
      0.4218880534172058,
      0.4297090470790863
    ],
    [
      0.4297090470790863,
      0.4000000059604645,
      0.42885830998420715,
      0.4000000059604645,
      0.4000000059604645,
      0.4394015073776245,
      0.4297090172767639,
      0.43715900182724,
      0.4297090172767639,
      0.41604378819465637,
      0.4268622100353241,
      0.41072314977645874,
      0.4000000059604645,
      0.41604378819465637,
      0.41604378819465637,
      0.4000000059604645,
      0.41857802867889404,
      0.4000000059604645,
      0.41072314977645874,
      0.4000000059604645,
      0.4268757402896881,
      0.4000000059604645,
      0.42686834931373596,
      0.4185737073421478,
      0.4000000059604645,
      0.4433571994304657,
      0.4218880534172058,
      0.41072314977645874,
      0.4297090470790863,
      0.4000000059604645,
      0.4218880534172058,
      0.4297090172767639,
      0.4000000059604645,
      0.4000000059604645,
      0.4054549038410187,
      0.4000000059604645,
      0.4371664226055145,
      0.4218880534172058,
      0.41604378819465637,
      0.4297090470790863
    ],
    [
      0.4227084517478943,
      0.4218880534172058,
      0.4433945119380951,
      0.4297090470790863,
      0.4054549038410187,
      0.4000000059604645,
      0.41072314977645874,
      0.41604378819465637,
      0.4000000059604645,
      0.4054549038410187,
      0.4000000059604645,
      0.4000000059604645,
      0.43243154883384705,
      0.4000000059604645,
      0.4218880534172058,
      0.4207839071750641,
      0.4349098205566406,
      0.4054549038410187,
      0.4245246946811676,
      0.4054549038410187,
      0.4218880534172058,
      0.4000000059604645,
      0.4393967390060425,
      0.4324171245098114,
      0.4000000059604645,
      0.41604378819465637,
      0.4289844036102295,
      0.4000000059604645,
      0.41604378819465637,
      0.4131348431110382,
      0.4000000059604645,
      0.42078325152397156,
      0.432415634393692,
      0.41072314977645874,
      0.4000000059604645,
      0.43240708112716675,
      0.4000000059604645,
      0.4000000059604645,
      0.41072314977645874,
      0.4000000059604645
    ],
    [
      0.4000000059604645,
      0.4000000059604645,
      0.41072314977645874,
      0.41072314977645874,
      0.4000000059604645,
      0.4054549038410187,
      0.420784056186676,
      0.4000000059604645,
      0.4000000059604645,
      0.4297090470790863,
      0.4000000059604645,
      0.4000000059604645,
      0.4218880534172058,
      0.4297090172767639,
      0.43695104122161865,
      0.4054549038410187,
      0.4054549038410187,
      0.4000000059604645,
      0.41604378819465637,
      0.4000000059604645,
      0.41072314977645874,
      0.4483347237110138,
      0.4245121479034424,
      0.4268680810928345,
      0.4297090470790863,
      0.4000000059604645,
      0.41072314977645874,
      0.4000000059604645,
      0.4000000059604645,
      0.4000000059604645,
      0.43718212842941284,
      0.43241047859191895,
      0.4131317138671875,
      0.4393903613090515,
      0.41604378819465637,
      0.4207778871059418,
      0.4218880534172058,
      0.4218880534172058,
      0.4218880534172058,
      0.4000000059604645
    ],
    [
      0.41072314977645874,
