{
  "run_id": "20260305_132340",
  "condition": "C",
  "problem": "multistory_building",
  "timestamp": "2026-03-05T13:23:40.306421",
  "metrics": {
    "final_compliance": 237.48359761380192,
    "topology_sparsity": 0.7,
    "grey_ratio": 0.10833333333333334,
    "convergence_step": 1,
    "wall_time_s": 2.431823253631592,
    "n_params": 480,
    "n_steps": 5
  },
  "loss_history": [
    245.7040541699687,
    242.5550875704427,
    241.50285691105307,
    238.62341264759235,
    237.48359761380192
  ],
  "final_density": [
    [
      1.0,
      1.0,
      1.0,
      1.0,
      1.0,
      1.0,
      1.0,
      1.0,
      1.0,
      1.0,
      1.0,
      1.0,
      1.0,
      1.0,
      1.0,
      1.0,
      1.0,
      1.0,
      1.0,
      1.0,
      1.0,
      1.0,
      1.0,
      1.0,
      1.0,
      1.0,
      1.0,
      1.0,
      1.0,
      1.0,
      0.6784466505050659,
      0.33537107706069946,
      0.0010000000474974513,
      0.3925795257091522,
      0.0010000000474974513,
      0.0010000000474974513,
      0.0010000000474974513,
      0.0010000000474974513,
      0.0010000000474974513,
      0.0010000000474974513
    ],
    [
      1.0,
      1.0,
      1.0,
      1.0,
      1.0,
      1.0,
      1.0,
      1.0,
      1.0,
      1.0,
      1.0,
      1.0,
      1.0,
      1.0,
      1.0,
      1.0,
      1.0,
      1.0,
      1.0,
      1.0,
      1.0,
      1.0,
      1.0,
      1.0,
      1.0,
      1.0,
      1.0,
      1.0,
      1.0,
      1.0,
      0.7394125461578369,
      1.0,
      0.0010000000474974513,
      0.0010000000474974513,
      0.0010000000474974513,
      0.0010000000474974513,
      0.0010000000474974513,
      0.0010000000474974513,
      0.0010000000474974513,
      0.0010000000474974513
    ],
    [
      1.0,
      1.0,
      1.0,
      1.0,
      1.0,
      1.0,
      1.0,
      1.0,
      1.0,
      1.0,
      1.0,
      1.0,
      1.0,
      1.0,
      1.0,
      1.0,
      1.0,
      1.0,
      1.0,
      1.0,
      0.0010000000474974513,
      0.937083899974823,
      1.0,
      1.0,
      0.0010000000474974513,
      0.19466502964496613,
      1.0,
      0.08452968299388885,
      0.44273653626441956,
      0.0010000000474974513,
      1.0,
      1.0,
      1.0,
      1.0,
      1.0,
      0.0010000000474974513,
      0.0010000000474974513,
      0.0010000000474974513,
      0.0010000000474974513,
      0.0010000000474974513
    ],
    [
      1.0,
      1.0,
      1.0,
      1.0,
      1.0,
      1.0,
      1.0,
      1.0,
      0.6196151971817017,
      1.0,
      0.0010000000474974513,
      0.429116427898407,
      1.0,
      0.037478093057870865,
      0.8360610008239746,
      0.6284722685813904,
      1.0,
      0.0010000000474974513,
      0.34681829810142517,
      1.0,
      1.0,
      0.0010000000474974513,
      1.0,
      0.0010000000474974513,
      1.0,
      1.0,
      0.04345449432730675,
      0.0010000000474974513,
      1.0,
      1.0,
      1.0,
      1.0,
      1.0,
      1.0,
      1.0,
      1.0,
      0.037019629031419754,
      0.0010000000474974513,
      0.0010000000474974513,
      0.0010000000474974513
    ],
    [
      0.3078744113445282,
      0.0010000000474974513,
      0.0010000000474974513,
      1.0,
      0.3879741430282593,
      1.0,
      0.6875174045562744,
      1.0,
      1.0,
      1.0,
      1.0,
      1.0,
      0.7535820007324219,
      0.7050484418869019,
      0.0010000000474974513,
      1.0,
      0.0010000000474974513,
      0.6471388339996338,
      0.0010000000474974513,
      1.0,
      1.0,
      0.0010000000474974513,
      0.9753323793411255,
      0.0010000000474974513,
      0.7845273017883301,
      1.0,
      0.0010000000474974513,
      0.0010000000474974513,
      1.0,
      0.2528553605079651,
      0.0010000000474974513,
      0.0010000000474974513,
      0.6007692813873291,
      1.0,
      0.2674907445907593,
      1.0,
      1.0,
      0.0010000000474974513,
      0.03833197429776192,
      0.0010000000474974513
    ],
    [
      0.0010000000474974513,
      0.0010000000474974513,
      1.0,
      1.0,
      0.0010000000474974513,
      0.0010000000474974513,
      1.0,
      0.0010000000474974513,
      0.0010000000474974513,
      0.0010000000474974513,
      0.0010000000474974513,
      1.0,
      1.0,
      0.801118791103363,
      0.0010000000474974513,
      1.0,
      0.0010000000474974513,
      0.0010000000474974513,
      0.1619504690170288,
      1.0,
      1.0,
      0.19555869698524475,
      0.5794248580932617,
      1.0,
      0.10441061109304428,
      0.7196269035339355,
      0.43911445140838623,
      0.5470795631408691,
      1.0,
      0.0010000000474974513,
      0.0010000000474974513,
      0.7195186614990234,
      0.7957846522331238,
      0.0010000000474974513,
      1.0,
      1.0,
      1.0,
      0.8677427172660828,
      1.0,
      0.0010000000474974513
    ],
    [
      0.0010000000474974513,
      0.0010000000474974513,
      0.0010000000474974513,
      0.0010000000474974513,
      1.0,
      1.0,
      0.24696776270866394,
      0.0010000000474974513,
      0.0010000000474974513,
      0.0010000000474974513,
      0.9405648708343506,
      0.0010000000474974513,
      1.0,
      0.0010000000474974513,
      0.8925681114196777,
      0.8127287030220032,
      1.0,
      0.0010000000474974513,
      0.0010000000474974513,
      1.0,
      1.0,
      1.0,
      1.0,
      0.0010000000474974513,
      1.0,
      0.8766975402832031,
      1.0,
      1.0,
      0.0010000000474974513,
      0.12355777621269226,
      0.0010000000474974513,
      1.0,
      0.0010000000474974513,
      0.5998327732086182,
      0.0010000000474974513,
      1.0,
      1.0,
      0.5419814586639404,
      0.0010000000474974513,
      1.0
    ],
    [
      0.0010000000474974513,
      0.0010000000474974513,
      0.0010000000474974513,
      0.35164210200309753,
      0.0010000000474974513,
      1.0,
      1.0,
      0.24830922484397888,
      0.0010000000474974513,
      1.0,
      0.0010000000474974513,
      1.0,
      0.6852536201477051,
      0.3996000289916992,
      1.0,
      0.253726989030838,
      0.5673611164093018,
      0.7528792023658752,
      0.3927490711212158,
      0.0010000000474974513,
      0.0010000000474974513,
      0.4944866895675659,
      1.0,
      0.0010000000474974513,
      0.0010000000474974513,
      1.0,
      1.0,
      0.0010000000474974513,
      0.04058029502630234,
      0.8680444359779358,
      0.0010000000474974513,
      0.5848705172538757,
      0.0010000000474974513,
      0.0010000000474974513,
      0.0010000000474974513,
      0.9517517685890198,
      0.7627197504043579,
      1.0,
      0.9779273867607117,
      0.07120059430599213
    ],
    [
      1.0,
      1.0,
      1.0,
      1.0,
      1.0,
      1.0,
      1.0,
      1.0,
      0.9521425366401672,
      1.0,
      1.0,
      0.6696438789367676,
      1.0,
      1.0,
      0.17986063659191132,
      1.0,
      1.0,
      1.0,
      0.5885631442070007,
      0.0010000000474974513,
      1.0,
      1.0,
      0.0010000000474974513,
      0.7786582112312317,
      0.5273886919021606,
      0.0010000000474974513,
      0.29436853528022766,
      0.0010000000474974513,
      0.0010000000474974513,
      1.0,
      0.6495732069015503,
      0.5800026059150696,
      0.0010000000474974513,
      1.0,
      1.0,
      0.012520422227680683,
      0.6004360914230347,
      0.0010000000474974513,
      1.0,
      1.0
    ],
    [
      1.0,
      1.0,
      1.0,
      1.0,
      1.0,
      1.0,
      1.0,
      1.0,
      1.0,
      1.0,
      1.0,
      1.0,
      1.0,
      1.0,
      1.0,
      1.0,
      1.0,
      1.0,
      1.0,
      1.0,
      1.0,
      1.0,
      0.49175286293029785,
      1.0,
      1.0,
      0.0010000000474974513,
      0.0010000000474974513,
      1.0,
      0.0010000000474974513,
      0.3130268454551697,
      0.0010000000474974513,
      0.27265098690986633,
      0.15907330811023712,
