{
  "run_id": "20260305_132741",
  "condition": "I",
  "problem": "mbb_beam",
  "timestamp": "2026-03-05T13:27:41.740137",
  "metrics": {
    "final_compliance": 411.90591022305443,
    "topology_sparsity": 0.4708333333333333,
    "grey_ratio": 0.7333333333333333,
    "convergence_step": 4,
    "wall_time_s": 0.29502058029174805,
    "n_params": 948833,
    "n_steps": 5
  },
  "loss_history": [
    802.5379240565959,
    592.2943178728593,
    508.2190538432029,
    452.33713372598555,
    411.90591022305443
  ],
  "final_density": [
    [
      0.9680895209312439,
      0.9673847556114197,
      0.9597812294960022,
      0.9670282006263733,
      0.9594966769218445,
      0.9598148465156555,
      0.9370523691177368,
      0.9496387243270874,
      0.9505994915962219,
      0.9538943767547607,
      0.9547608494758606,
      0.9426762461662292,
      0.9342541098594666,
      0.9022810459136963,
      0.9135810136795044,
      0.9309713840484619,
      0.9367755651473999,
      0.9489539861679077,
      0.9314867258071899,
      0.9035536050796509,
      0.9172297120094299,
      0.9259448051452637,
      0.9360259175300598,
      0.8923227190971375,
      0.8696380853652954,
      0.8836738467216492,
      0.8661461472511292,
      0.9020078182220459,
      0.9050490260124207,
      0.8371880054473877,
      0.7545930743217468,
      0.6811105608940125,
      0.7667175531387329,
      0.684563398361206,
      0.6903929710388184,
      0.6319767832756042,
      0.7773692607879639,
      0.7572965621948242,
      0.796758234500885,
      0.8765023946762085
    ],
    [
      0.9509285688400269,
      0.9579902291297913,
      0.9467087388038635,
      0.9661662578582764,
      0.9386312961578369,
      0.9451794028282166,
      0.9109938144683838,
      0.9071057438850403,
      0.9103153944015503,
      0.886413037776947,
      0.8840182423591614,
      0.9017494320869446,
      0.9160947203636169,
      0.8798182010650635,
      0.8587000966072083,
      0.8332871198654175,
      0.8628059029579163,
      0.9071284532546997,
      0.908411979675293,
      0.8799911737442017,
      0.8620190024375916,
      0.8705189824104309,
      0.8600842356681824,
      0.8020076155662537,
      0.7586377263069153,
      0.7305154204368591,
      0.6953795552253723,
      0.7987364530563354,
      0.845564603805542,
      0.859248697757721,
      0.7363298535346985,
      0.5030632615089417,
      0.4244224429130554,
      0.367710143327713,
      0.3294326066970825,
      0.4113580882549286,
      0.5636911988258362,
      0.4362126290798187,
      0.4398231506347656,
      0.6590384840965271
    ],
    [
      0.8737489581108093,
      0.7504163384437561,
      0.6380879282951355,
      0.5909257531166077,
      0.5298776030540466,
      0.6760797500610352,
      0.6437045335769653,
      0.7176765203475952,
      0.7723584771156311,
      0.7616620659828186,
      0.7857890725135803,
      0.7474890351295471,
      0.8028563857078552,
      0.7138721942901611,
      0.6934630870819092,
      0.6653875112533569,
      0.711516261100769,
      0.6894413232803345,
      0.6689248085021973,
      0.5176273584365845,
      0.5434634685516357,
      0.5181947350502014,
      0.597930908203125,
      0.554763913154602,
      0.5862583518028259,
      0.6730796694755554,
      0.6253110766410828,
      0.6302284598350525,
      0.5855885148048401,
      0.6491294503211975,
      0.665919303894043,
      0.5860427021980286,
      0.4905485510826111,
      0.3552086651325226,
      0.39490780234336853,
      0.3758797347545624,
      0.4237177073955536,
      0.4178636968135834,
      0.49010100960731506,
      0.7556698322296143
    ],
    [
      0.6433385014533997,
      0.39658495783805847,
      0.2835962176322937,
      0.20648795366287231,
      0.21453608572483063,
      0.2552807033061981,
      0.30258482694625854,
      0.3740132451057434,
      0.4161677658557892,
      0.3637722432613373,
      0.4192846715450287,
      0.4944281280040741,
      0.6344892978668213,
      0.5583302974700928,
      0.4805537760257721,
      0.4400063753128052,
      0.44334936141967773,
      0.3971397280693054,
      0.38947370648384094,
      0.30354779958724976,
      0.30327165126800537,
      0.2824774980545044,
      0.2720152735710144,
      0.3796679377555847,
      0.4235926568508148,
      0.4401559829711914,
      0.43865349888801575,
      0.44305580854415894,
      0.47201430797576904,
      0.43456608057022095,
      0.42925897240638733,
      0.43666622042655945,
      0.44208475947380066,
      0.3854331970214844,
      0.3236141800880432,
      0.3081735670566559,
      0.2567489445209503,
      0.2991470992565155,
      0.36704128980636597,
      0.5670796036720276
    ],
    [
      0.6375033259391785,
      0.32536858320236206,
      0.33390137553215027,
      0.2116115540266037,
      0.340905100107193,
      0.23521998524665833,
      0.34307214617729187,
      0.26423895359039307,
      0.24674098193645477,
      0.19959771633148193,
      0.3077887296676636,
      0.3670636713504791,
      0.485834002494812,
      0.4432260990142822,
      0.4534079432487488,
      0.4707512855529785,
      0.5251747965812683,
      0.4039941728115082,
      0.31739771366119385,
      0.17844071984291077,
      0.2361874133348465,
      0.15165939927101135,
      0.2734736204147339,
      0.3108953833580017,
      0.4152306318283081,
      0.4138837456703186,
      0.43531274795532227,
      0.35976147651672363,
      0.42213982343673706,
      0.38335737586021423,
      0.44011786580085754,
      0.38864579796791077,
      0.44803088903427124,
      0.3516714572906494,
      0.3890250623226166,
      0.3311024010181427,
      0.3775111734867096,
      0.28448230028152466,
      0.4239848852157593,
      0.5930488109588623
    ],
    [
      0.8162209391593933,
      0.4826207458972931,
      0.359218031167984,
      0.3145541846752167,
      0.3230403959751129,
      0.36443355679512024,
      0.3748302459716797,
      0.3168289065361023,
      0.26155972480773926,
      0.1958402842283249,
      0.19240355491638184,
      0.30189672112464905,
      0.43883299827575684,
      0.556603729724884,
      0.5444798469543457,
      0.6274241209030151,
      0.6376283764839172,
      0.5674189925193787,
      0.41738563776016235,
      0.32424238324165344,
      0.25174179673194885,
      0.2410598248243332,
      0.26543575525283813,
      0.3387129306793213,
      0.3928353786468506,
      0.43786734342575073,
      0.4358493685722351,
      0.40846022963523865,
      0.4587211608886719,
      0.473132461309433,
      0.4842032492160797,
      0.48198607563972473,
      0.5116073489189148,
      0.45839446783065796,
      0.36179038882255554,
      0.3279859125614166,
      0.374310165643692,
      0.45104244351387024,
      0.519568681716919,
      0.7840944528579712
    ],
    [
      0.7326061725616455,
      0.4393710792064667,
      0.4008299708366394,
      0.23843227326869965,
      0.3273710608482361,
      0.29389581084251404,
      0.3950195014476776,
      0.3913455009460449,
      0.3805663585662842,
      0.3037666380405426,
      0.32788026332855225,
      0.3912687301635742,
      0.40729957818984985,
      0.49405375123023987,
      0.46701186895370483,
      0.550617516040802,
      0.519262433052063,
      0.5466797351837158,
      0.4960419535636902,
      0.45095202326774597,
      0.36665087938308716,
      0.26868411898612976,
      0.2805248200893402,
      0.34370172023773193,
      0.4248039722442627,
      0.4056586027145386,
      0.43232250213623047,
      0.38805198669433594,
      0.49777358770370483,
      0.4874352216720581,
      0.47629258036613464,
      0.4481545090675354,
      0.4596225917339325,
      0.38483914732933044,
      0.46030911803245544,
      0.4485487639904022,
      0.49590545892715454,
      0.6113471388816833,
      0.6672016978263855,
      0.888249397277832
    ],
    [
      0.5970444679260254,
