{
  "run_id": "20260305_132739",
  "condition": "H",
  "problem": "mbb_beam",
  "timestamp": "2026-03-05T13:27:39.740867",
  "metrics": {
    "final_compliance": 397.1089901918657,
    "topology_sparsity": 0.99375,
    "grey_ratio": 0.8875,
    "convergence_step": 4,
    "wall_time_s": 0.8435609340667725,
    "n_params": 12737,
    "n_steps": 5
  },
  "loss_history": [
    909.8005832115973,
    609.212185394151,
    488.44125382745233,
    427.44927276543206,
    397.1089901918657
  ],
  "final_density": [
    [
      0.8239308595657349,
      0.8599835634231567,
      0.8490384221076965,
      0.8190740346908569,
      0.7679320573806763,
      0.7375015616416931,
      0.7441972494125366,
      0.7532281875610352,
      0.743211030960083,
      0.7317073941230774,
      0.7255381345748901,
      0.7356355786323547,
      0.7609854340553284,
      0.7955971956253052,
      0.8302299976348877,
      0.8380236029624939,
      0.8366004824638367,
      0.7950077652931213,
      0.7086249589920044,
      0.7471314668655396,
      0.7798529267311096,
      0.7882254123687744,
      0.8205313682556152,
      0.834717869758606,
      0.8229145407676697,
      0.8012282848358154,
      0.7732869982719421,
      0.7326233983039856,
      0.6477675437927246,
      0.5739741325378418,
      0.5641467571258545,
      0.6070536971092224,
      0.6925749182701111,
      0.7898399829864502,
      0.8429221510887146,
      0.8574312329292297,
      0.8387518525123596,
      0.7854287624359131,
      0.7415485382080078,
      0.7011048197746277
    ],
    [
      0.7561564445495605,
      0.8109591007232666,
      0.8328030109405518,
      0.8391847014427185,
      0.8405808210372925,
      0.8318407535552979,
      0.8232003450393677,
      0.8088900446891785,
      0.7782220244407654,
      0.7372767329216003,
      0.7025660872459412,
      0.6916419267654419,
      0.7043409943580627,
      0.7435616850852966,
      0.789000928401947,
      0.8136977553367615,
      0.8087932467460632,
      0.7705475687980652,
      0.738457977771759,
      0.6866233944892883,
      0.6275704503059387,
      0.6160789728164673,
      0.6226140856742859,
      0.6324655413627625,
      0.6554224491119385,
      0.6970165371894836,
      0.6979883909225464,
      0.5922063589096069,
      0.4723805785179138,
      0.44018134474754333,
      0.4933219254016876,
      0.5272819995880127,
      0.558220624923706,
      0.6361294388771057,
      0.6725733876228333,
      0.6523054242134094,
      0.652091920375824,
      0.6758807897567749,
      0.6800144910812378,
      0.683436393737793
    ],
    [
      0.8519392609596252,
      0.8641781210899353,
      0.868911862373352,
      0.8628694415092468,
      0.8441112637519836,
      0.8000357747077942,
      0.7612769603729248,
      0.7673519849777222,
      0.7585610151290894,
      0.7367247939109802,
      0.7337492108345032,
      0.7311539649963379,
      0.7010490894317627,
      0.6467161178588867,
      0.6425959467887878,
      0.7137202620506287,
      0.7547752857208252,
      0.7494325637817383,
      0.7432388067245483,
      0.7433639168739319,
      0.7475405335426331,
      0.7520177960395813,
      0.7337422370910645,
      0.6943838596343994,
      0.7089264392852783,
      0.7333570718765259,
      0.7010270953178406,
      0.6082151532173157,
      0.5231429934501648,
      0.5121805667877197,
      0.5462431907653809,
      0.5937923192977905,
      0.6277749538421631,
      0.625688374042511,
      0.6501018404960632,
      0.6723495125770569,
      0.6897421479225159,
      0.7220205068588257,
      0.7448137402534485,
      0.7290400862693787
    ],
    [
      0.7956770062446594,
      0.821953535079956,
      0.7942221760749817,
      0.7462587356567383,
      0.7261788845062256,
      0.7179074883460999,
      0.7020220756530762,
      0.6821542382240295,
      0.6758461594581604,
      0.6912707686424255,
      0.7151774764060974,
      0.7444519996643066,
      0.7792215347290039,
      0.7848562598228455,
      0.7569001913070679,
      0.7200607061386108,
      0.7151861190795898,
      0.739710807800293,
      0.7375474572181702,
      0.7246515154838562,
      0.7356539964675903,
      0.734928548336029,
      0.7276362776756287,
      0.7030197978019714,
      0.706395149230957,
      0.7381705045700073,
      0.7314555644989014,
      0.7056677937507629,
      0.694439172744751,
      0.667880117893219,
      0.624936044216156,
      0.6290981769561768,
      0.6608195900917053,
      0.6584775447845459,
      0.6671264171600342,
      0.6498032212257385,
      0.6063845157623291,
      0.6121160387992859,
      0.6319718360900879,
      0.6379162073135376
    ],
    [
      0.6472041010856628,
      0.6427813768386841,
      0.659572184085846,
      0.7110243439674377,
      0.7686721086502075,
      0.7579493522644043,
      0.704096257686615,
      0.6618841886520386,
      0.6425895094871521,
      0.6488298773765564,
      0.6572629809379578,
      0.6778610348701477,
      0.6990742087364197,
      0.6942033767700195,
      0.6649328470230103,
      0.639639139175415,
      0.6705420017242432,
      0.6938583254814148,
      0.6730299592018127,
      0.6786627173423767,
      0.7272221446037292,
      0.7657347321510315,
      0.778396725654602,
      0.7706221342086792,
      0.7468662858009338,
      0.7293257713317871,
      0.7254218459129333,
      0.7017179131507874,
      0.6256825923919678,
      0.5750342607498169,
      0.5571448802947998,
      0.5448085069656372,
      0.5476617813110352,
      0.5573221445083618,
      0.5813643336296082,
      0.6161544322967529,
      0.6363438367843628,
      0.6186069846153259,
      0.5874715447425842,
      0.5929774641990662
    ],
    [
      0.7212399840354919,
      0.6952787041664124,
      0.6834604740142822,
      0.6902172565460205,
      0.6971456408500671,
      0.7208621501922607,
      0.7102625966072083,
      0.6647252440452576,
      0.632011353969574,
      0.6378617882728577,
      0.673879861831665,
      0.7056645750999451,
      0.7228572964668274,
      0.731052041053772,
      0.6996891498565674,
      0.6255945563316345,
      0.5426494479179382,
      0.516168475151062,
      0.561809778213501,
      0.633938729763031,
      0.6618608832359314,
      0.6710138320922852,
      0.7001997828483582,
      0.6845120787620544,
      0.6382951736450195,
      0.6510891318321228,
      0.6960969567298889,
      0.7253804206848145,
      0.7016764283180237,
      0.6675828099250793,
      0.6593610644340515,
      0.6565744280815125,
      0.6471568942070007,
      0.6273453831672668,
      0.5930895805358887,
      0.5440444350242615,
      0.5456066131591797,
      0.6080575585365295,
      0.6622127890586853,
      0.6742732524871826
    ],
    [
      0.8111444711685181,
      0.7960454821586609,
      0.7550795674324036,
      0.6711320877075195,
      0.5826639533042908,
      0.5686277747154236,
      0.6158298850059509,
      0.6801952123641968,
      0.699130117893219,
      0.6818864345550537,
      0.6925241947174072,
      0.7112040519714355,
      0.702734649181366,
      0.6913880705833435,
      0.6811206340789795,
      0.6707732081413269,
      0.6470081210136414,
      0.5980521440505981,
      0.5841253399848938,
      0.5701767802238464,
      0.58819580078125,
      0.6363626718521118,
      0.6411634683609009,
      0.6044331192970276,
      0.5942505598068237,
      0.5791102051734924,
      0.5665037631988525,
      0.6501643061637878,
      0.7723599672317505,
      0.8247560858726501,
      0.8308802247047424,
      0.8084039688110352,
      0.7318754196166992,
      0.68260258436203,
      0.7093175053596497,
      0.716062605381012,
      0.6743592023849487,
      0.6612327694892883,
      0.6849513053894043,
      0.7266663312911987
    ],
    [
      0.8204874396324158,
      0.7947834730148315,
      0.7167854309082031,
      0.6710289716720581,
      0.7071462869644165,
