{
  "run_id": "20260305_131913",
  "condition": "B",
  "problem": "mbb_beam",
  "timestamp": "2026-03-05T13:19:13.678846",
  "metrics": {
    "final_compliance": 2316.9389373560152,
    "topology_sparsity": 0.0,
    "grey_ratio": 1.0,
    "convergence_step": 1,
    "wall_time_s": 11.77477765083313,
    "n_params": 480,
    "n_steps": 5
  },
  "loss_history": [
    2539.1383214721955,
    2492.1053441693493,
    2437.553836108336,
    2378.3104944189877,
    2316.9389373560152
  ],
  "final_density": [
    [
      0.41604378819465637,
      0.4000000059604645,
      0.4000000059604645,
      0.4000000059604645,
      0.4227033853530884,
      0.4297090172767639,
      0.4218880534172058,
      0.4000000059604645,
      0.4000000059604645,
      0.4000000059604645,
      0.41072314977645874,
      0.4000000059604645,
      0.41604378819465637,
      0.4000000059604645,
      0.4000000059604645,
      0.4297090470790863,
      0.41604378819465637,
      0.4297090172767639,
      0.41072314977645874,
      0.4297090470790863,
      0.41072314977645874,
      0.420783132314682,
      0.4268684685230255,
      0.4000000059604645,
      0.4000000059604645,
      0.4349168539047241,
      0.41072314977645874,
      0.42452847957611084,
      0.4000000059604645,
      0.4393954277038574,
      0.4000000059604645,
      0.41604378819465637,
      0.41604378819465637,
      0.4000000059604645,
      0.41604378819465637,
      0.4000000059604645,
      0.4207691550254822,
      0.4367103576660156,
      0.4000000059604645,
      0.43101200461387634
    ],
    [
      0.4000000059604645,
      0.41072314977645874,
      0.4000000059604645,
      0.43277615308761597,
      0.4297090470790863,
      0.41072314977645874,
      0.418575257062912,
      0.43491002917289734,
      0.4054549038410187,
      0.4000000059604645,
      0.4218880534172058,
      0.42687419056892395,
      0.4297090470790863,
      0.4000000059604645,
      0.43938755989074707,
      0.4288269877433777,
      0.41604378819465637,
      0.41604378819465637,
      0.43241843581199646,
      0.4000000059604645,
      0.4000000059604645,
      0.41604378819465637,
      0.4414779543876648,
      0.4185754954814911,
      0.43490633368492126,
      0.4000000059604645,
      0.41604378819465637,
      0.4054549038410187,
      0.41604378819465637,
      0.4218880534172058,
      0.4000000059604645,
      0.4000000059604645,
      0.43719175457954407,
      0.41604378819465637,
      0.4244992434978485,
      0.4244905114173889,
      0.4000000059604645,
      0.4185471832752228,
      0.4000000059604645,
      0.41072314977645874
    ],
    [
      0.43929868936538696,
      0.4000000059604645,
      0.4218880534172058,
      0.4054549038410187,
      0.41313397884368896,
      0.4054549038410187,
      0.41604378819465637,
      0.4000000059604645,
      0.43719130754470825,
      0.4000000059604645,
      0.42687973380088806,
      0.4297090470790863,
      0.4000000059604645,
      0.4000000059604645,
      0.4054549038410187,
      0.4371604323387146,
      0.4297090470790863,
      0.418569415807724,
      0.4245179295539856,
      0.4000000059604645,
      0.4000000059604645,
      0.4218880534172058,
      0.4297090172767639,
      0.41072314977645874,
      0.4000000059604645,
      0.41604378819465637,
      0.4000000059604645,
      0.41072314977645874,
      0.4000000059604645,
      0.43717843294143677,
      0.41604378819465637,
      0.4218880236148834,
      0.41072314977645874,
      0.4297090172767639,
      0.4218880534172058,
      0.42685455083847046,
      0.42077726125717163,
      0.4297090470790863,
      0.41072314977645874,
      0.4218880534172058
    ],
    [
      0.41072314977645874,
      0.4054549038410187,
      0.4000000059604645,
      0.4000000059604645,
      0.4054549038410187,
      0.41604378819465637,
      0.4000000059604645,
      0.4218880534172058,
      0.4393957257270813,
      0.4000000059604645,
      0.4000000059604645,
      0.43099984526634216,
      0.41072314977645874,
      0.4393880367279053,
      0.41072314977645874,
      0.4297090470790863,
      0.4000000059604645,
      0.4245108366012573,
      0.43489566445350647,
      0.4000000059604645,
      0.4000000059604645,
      0.4393936097621918,
      0.4000000059604645,
      0.4297090470790863,
      0.43718746304512024,
      0.4000000059604645,
      0.4218880534172058,
      0.4185779392719269,
      0.4000000059604645,
      0.43689224123954773,
      0.4393886625766754,
      0.4410432279109955,
      0.41072314977645874,
      0.41604378819465637,
      0.41604378819465637,
      0.4297090470790863,
      0.4000000059604645,
      0.4433378279209137,
      0.42078056931495667,
      0.4000000059604645
    ],
    [
      0.41604378819465637,
      0.43279027938842773,
      0.41604378819465637,
      0.41858604550361633,
      0.4218880236148834,
      0.4372105300426483,
      0.4349185824394226,
      0.4310009777545929,
      0.4054549038410187,
      0.4000000059604645,
      0.4297090470790863,
      0.41313436627388,
      0.4000000059604645,
      0.4297090172767639,
      0.4054549038410187,
      0.4000000059604645,
      0.4000000059604645,
      0.4000000059604645,
      0.4289831519126892,
      0.41072314977645874,
      0.4000000059604645,
      0.4000000059604645,
      0.4000000059604645,
      0.4054549038410187,
      0.4000000059604645,
      0.4207834303379059,
      0.4000000059604645,
      0.41313278675079346,
      0.41072314977645874,
      0.42898163199424744,
      0.4392092227935791,
      0.4000000059604645,
      0.41072314977645874,
      0.4000000059604645,
      0.41857627034187317,
      0.4297090470790863,
      0.4000000059604645,
      0.4218880534172058,
      0.41072314977645874,
      0.4297090470790863
    ],
    [
      0.4000000059604645,
      0.43930256366729736,
      0.4245448708534241,
      0.4000000059604645,
      0.41604378819465637,
      0.4054549038410187,
      0.4054549038410187,
      0.4000000059604645,
      0.41604378819465637,
      0.4297090172767639,
      0.41604378819465637,
      0.4000000059604645,
      0.42451760172843933,
      0.4297090470790863,
      0.4000000059604645,
      0.42452338337898254,
      0.418577641248703,
      0.4218880534172058,
      0.4000000059604645,
      0.4218880534172058,
      0.43243205547332764,
      0.4207833707332611,
      0.4218880534172058,
      0.41604378819465637,
      0.4289841949939728,
      0.4000000059604645,
      0.41072314977645874,
      0.4000000059604645,
      0.4054549038410187,
      0.4000000059604645,
      0.41072314977645874,
      0.4218880534172058,
      0.4000000059604645,
      0.4131350517272949,
      0.4000000059604645,
      0.4054549038410187,
      0.4297090470790863,
      0.4000000059604645,
      0.4000000059604645,
      0.4054549038410187
    ],
    [
      0.4289924204349518,
      0.41072314977645874,
      0.4297090172767639,
      0.44340279698371887,
      0.428989052772522,
      0.4207857847213745,
      0.41604378819465637,
      0.41604378819465637,
      0.42686760425567627,
      0.4324173629283905,
      0.4000000059604645,
      0.4000000059604645,
      0.4297090470790863,
      0.4000000059604645,
      0.4268723726272583,
      0.41072314977645874,
      0.4054549038410187,
      0.4000000059604645,
      0.4000000059604645,
      0.4054549038410187,
      0.4218880534172058,
      0.4000000059604645,
      0.4218880534172058,
      0.41856619715690613,
      0.4218880534172058,
      0.4000000059604645,
      0.44508689641952515,
      0.4297090172767639,
      0.4000000059604645,
      0.4000000059604645,
      0.43718421459198,
      0.4000000059604645,
      0.4054549038410187,
      0.4054549038410187,
      0.4297090470790863,
      0.4000000059604645,
      0.4297090470790863,
      0.4000000059604645,
      0.4000000059604645,
      0.44504210352897644
    ],
    [
      0.41072314977645874,
