{
  "run_id": "20260305_132032",
  "condition": "E",
  "problem": "mbb_beam",
  "timestamp": "2026-03-05T13:20:32.936759",
  "metrics": {
    "final_compliance": 1482.0975392095409,
    "topology_sparsity": 0.0,
    "grey_ratio": 1.0,
    "convergence_step": 1,
    "wall_time_s": 0.787182092666626,
    "n_params": 8577,
    "n_steps": 5
  },
  "loss_history": [
    1547.6594297347262,
    1535.9556945535169,
    1518.6722510974728,
    1501.0450806895542,
    1482.0975392095409
  ],
  "final_density": [
    [
      0.48345381021499634,
      0.4830314815044403,
      0.4826681315898895,
      0.48232516646385193,
      0.48198002576828003,
      0.48163488507270813,
      0.4813281297683716,
      0.4810083210468292,
      0.4806845188140869,
      0.4803606867790222,
      0.4800368845462799,
      0.4797343611717224,
      0.47941893339157104,
      0.47918710112571716,
      0.4789668321609497,
      0.478746622800827,
      0.47858089208602905,
      0.4784540832042694,
      0.47836530208587646,
      0.47830501198768616,
      0.478285551071167,
      0.47826603055000305,
      0.47822844982147217,
      0.47818443179130554,
      0.4781706929206848,
      0.478158175945282,
      0.47814562916755676,
      0.47813308238983154,
      0.47812414169311523,
      0.4780924320220947,
      0.47805941104888916,
      0.4780263900756836,
      0.4779994785785675,
      0.47800156474113464,
      0.47809550166130066,
      0.47823384404182434,
      0.4783443510532379,
      0.47846880555152893,
      0.4786299467086792,
      0.4788987636566162
    ],
    [
      0.48336899280548096,
      0.48293232917785645,
      0.48247069120407104,
      0.4820166528224945,
      0.4815637767314911,
      0.4812339246273041,
      0.4809161424636841,
      0.4805983603000641,
      0.4802806079387665,
      0.47996288537979126,
      0.4796839952468872,
      0.47941872477531433,
      0.47908347845077515,
      0.4787154197692871,
      0.4783443510532379,
      0.47798874974250793,
      0.4777684509754181,
      0.4775896966457367,
      0.4774813950061798,
      0.47738391160964966,
      0.47727715969085693,
      0.4772326648235321,
      0.4771980941295624,
      0.47716355323791504,
      0.47713372111320496,
      0.47710126638412476,
      0.47705888748168945,
      0.4770262539386749,
      0.4769968092441559,
      0.4769708812236786,
      0.4769855737686157,
      0.47698915004730225,
      0.47699272632598877,
      0.47699838876724243,
      0.4771151542663574,
      0.47728845477104187,
      0.47756218910217285,
      0.47780731320381165,
      0.47805362939834595,
      0.4782869517803192
    ],
    [
      0.4832598567008972,
      0.4827544093132019,
      0.48228225111961365,
      0.4818101227283478,
      0.4814125597476959,
      0.4810158610343933,
      0.48062193393707275,
      0.48025816679000854,
      0.480017751455307,
      0.4797791838645935,
      0.4795185923576355,
      0.47916531562805176,
      0.4787818193435669,
      0.47838395833969116,
      0.4780046045780182,
      0.47763320803642273,
      0.4773009419441223,
      0.4770161807537079,
      0.4767921268939972,
      0.47656551003456116,
      0.4763388931751251,
      0.47615957260131836,
      0.47602275013923645,
      0.4759006202220917,
      0.475801020860672,
      0.47573599219322205,
      0.47569558024406433,
      0.47571855783462524,
      0.47575289011001587,
      0.47578731179237366,
      0.4758205711841583,
      0.4758516550064087,
      0.47588393092155457,
      0.4760860800743103,
      0.47636929154396057,
      0.4766483008861542,
      0.47688427567481995,
      0.47707483172416687,
      0.47726568579673767,
      0.4773860275745392
    ],
    [
      0.48316559195518494,
      0.48261559009552,
      0.4821511209011078,
      0.4817538261413574,
      0.48140284419059753,
      0.481048583984375,
      0.4807218611240387,
      0.48038843274116516,
      0.4800465404987335,
      0.4797118604183197,
      0.47930169105529785,
      0.47891074419021606,
      0.4785079061985016,
      0.4781050682067871,
      0.47769755125045776,
      0.47733935713768005,
      0.4770165979862213,
      0.4766562879085541,
      0.4763358533382416,
      0.4760838449001312,
      0.4758318364620209,
      0.47558948397636414,
      0.47535744309425354,
      0.47512751817703247,
      0.4749343693256378,
      0.47486791014671326,
      0.4747879207134247,
      0.47470590472221375,
      0.47470033168792725,
      0.47474950551986694,
      0.4748876988887787,
      0.4750724136829376,
      0.4752573072910309,
      0.4754854738712311,
      0.4757237434387207,
      0.47596031427383423,
      0.4761447608470917,
      0.4763367176055908,
      0.4764792025089264,
      0.4766049385070801
    ],
    [
      0.48341870307922363,
      0.4828813970088959,
      0.48242396116256714,
      0.48201021552085876,
      0.4816046953201294,
      0.4811984896659851,
      0.4808078408241272,
      0.4804174304008484,
      0.4800640344619751,
      0.479680597782135,
      0.47922733426094055,
      0.478744775056839,
      0.4782482385635376,
      0.4777708053588867,
      0.4774010181427002,
      0.4770919680595398,
      0.4767461121082306,
      0.47641584277153015,
      0.47609585523605347,
      0.4757758677005768,
      0.47553399205207825,
      0.4753197729587555,
      0.47513169050216675,
      0.474943608045578,
      0.47480064630508423,
      0.47469592094421387,
      0.4745739996433258,
      0.47459617257118225,
      0.47464919090270996,
      0.47469210624694824,
      0.4747132360935211,
      0.4748077094554901,
      0.4749923050403595,
      0.4752384126186371,
      0.47547125816345215,
      0.47561153769493103,
      0.4757673442363739,
      0.4759349226951599,
      0.4760676920413971,
      0.47618502378463745
    ],
    [
      0.48367926478385925,
      0.48315608501434326,
      0.48263442516326904,
      0.4822167456150055,
      0.48181137442588806,
      0.4814060926437378,
      0.48100295662879944,
      0.4806048572063446,
      0.4801744222640991,
      0.47963792085647583,
      0.47908321022987366,
      0.4785226881504059,
      0.47801473736763,
      0.47761666774749756,
      0.47729960083961487,
      0.4769224524497986,
      0.4765642583370209,
      0.4762571156024933,
      0.47594577074050903,
      0.4756614863872528,
      0.47538185119628906,
      0.47516217827796936,
      0.4750027656555176,
      0.47494739294052124,
      0.4749118983745575,
      0.47485727071762085,
      0.47477272152900696,
      0.47471511363983154,
      0.4747370779514313,
      0.4748663008213043,
      0.4749819040298462,
      0.475077360868454,
      0.4751727879047394,
      0.475288987159729,
      0.4754163920879364,
      0.4755345284938812,
      0.47562092542648315,
      0.4756697416305542,
      0.4757011830806732,
      0.47577014565467834
    ],
    [
      0.48388224840164185,
      0.48336243629455566,
      0.4828398823738098,
      0.4823455214500427,
      0.48194536566734314,
      0.48154914379119873,
      0.48114991188049316,
      0.4807550311088562,
      0.4802530109882355,
      0.47975343465805054,
      0.47924432158470154,
      0.4787352681159973,
      0.4782262146472931,
      0.47782567143440247,
      0.47743096947669983,
      0.47703614830970764,
      0.47668570280075073,
      0.47637584805488586,
      0.47609943151474,
      0.47585782408714294,
      0.4756302535533905,
      0.47545039653778076,
      0.47527867555618286,
      0.47516724467277527,
      0.4750622808933258,
      0.475053995847702,
      0.47504377365112305,
      0.4750155806541443,
      0.4749873876571655,
      0.47495922446250916,
      0.47495436668395996,
      0.47508251667022705,
      0.4752165973186493,
      0.4753265082836151,
      0.47541525959968567,
      0.47546154260635376,
      0.4754592776298523,
      0.4754570722579956,
      0.475459486246109,
      0.4754807949066162
    ],
    [
