{
  "run_id": "20260305_132343",
  "condition": "E",
  "problem": "mbb_beam",
  "timestamp": "2026-03-05T13:23:43.461668",
  "metrics": {
    "final_compliance": 1278.3421593379844,
    "topology_sparsity": 1.0,
    "grey_ratio": 1.0,
    "convergence_step": 1,
    "wall_time_s": 0.6964406967163086,
    "n_params": 8577,
    "n_steps": 5
  },
  "loss_history": [
    1307.5503059487232,
    1301.6240827605616,
    1295.1297789687583,
    1288.3508369808305,
    1278.3421593379844
  ],
  "final_density": [
    [
      0.5022797584533691,
      0.502275288105011,
      0.502280056476593,
      0.5022974610328674,
      0.5023549199104309,
      0.5024218559265137,
      0.5024403929710388,
      0.5024833083152771,
      0.5025383830070496,
      0.502582311630249,
      0.5025894641876221,
      0.5026227235794067,
      0.5026531219482422,
      0.502677857875824,
      0.502690851688385,
      0.5027106404304504,
      0.5027080178260803,
      0.5027229189872742,
      0.5027504563331604,
      0.5027781128883362,
      0.5028056502342224,
      0.5028332471847534,
      0.502877950668335,
      0.5029857158660889,
      0.5030960440635681,
      0.5032063722610474,
      0.5033167004585266,
      0.5034223198890686,
      0.5035268068313599,
      0.503654420375824,
      0.5038436651229858,
      0.5040440559387207,
      0.5042291283607483,
      0.504379153251648,
      0.5045745968818665,
      0.504770040512085,
      0.504935085773468,
      0.5050485730171204,
      0.5051507949829102,
      0.5052888989448547
    ],
    [
      0.5021418929100037,
      0.5022045373916626,
      0.502260148525238,
      0.5023267865180969,
      0.5024047493934631,
      0.502484917640686,
      0.5025099515914917,
      0.5025064945220947,
      0.5025080442428589,
      0.5025378465652466,
      0.5025321245193481,
      0.5025423169136047,
      0.5025562047958374,
      0.5025668144226074,
      0.5025892853736877,
      0.5026167035102844,
      0.5026332139968872,
      0.5026471018791199,
      0.5026807188987732,
      0.5027104020118713,
      0.5027559399604797,
      0.5028020143508911,
      0.502862274646759,
      0.5029253363609314,
      0.5029883980751038,
      0.503063440322876,
      0.5031765103340149,
      0.5032896399497986,
      0.5034123659133911,
      0.5035259127616882,
      0.5036332011222839,
      0.503745973110199,
      0.5038329362869263,
      0.5039480328559875,
      0.5040296912193298,
      0.5041235089302063,
      0.5042321085929871,
      0.5043997168540955,
      0.5046080946922302,
      0.5047927498817444
    ],
    [
      0.5021806359291077,
      0.5022454261779785,
      0.5023100972175598,
      0.5023356676101685,
      0.5023568868637085,
      0.5023799538612366,
      0.5024030208587646,
      0.5024255514144897,
      0.5024571418762207,
      0.5025119185447693,
      0.5025796294212341,
      0.5026140213012695,
      0.5026372671127319,
      0.5026485323905945,
      0.5026560425758362,
      0.5026700496673584,
      0.5026747584342957,
      0.5026665329933167,
      0.5027130246162415,
      0.5027780532836914,
      0.502844512462616,
      0.5029109716415405,
      0.5029774308204651,
      0.5030438303947449,
      0.5031102895736694,
      0.5031766295433044,
      0.5032169818878174,
      0.5032529234886169,
      0.5032666921615601,
      0.5033355951309204,
      0.503423273563385,
      0.5035109519958496,
      0.5035985708236694,
      0.5036863088607788,
      0.5037617087364197,
      0.5038790702819824,
      0.5040069222450256,
      0.5041425824165344,
      0.5042913556098938,
      0.5044400691986084
    ],
    [
      0.5021597743034363,
      0.5021343231201172,
      0.5021994709968567,
      0.502260148525238,
      0.5023187398910522,
      0.5023581981658936,
      0.5024063587188721,
      0.5024735927581787,
      0.502545952796936,
      0.5026093125343323,
      0.5026705861091614,
      0.5027185678482056,
      0.5027604699134827,
      0.502795934677124,
      0.5028316974639893,
      0.5028674602508545,
      0.5029062628746033,
      0.5029470324516296,
      0.5029870271682739,
      0.5029830932617188,
      0.502992570400238,
      0.5030020475387573,
      0.5030503273010254,
      0.503074049949646,
      0.5030567646026611,
      0.5030504465103149,
      0.5030809640884399,
      0.5031187534332275,
      0.5031597018241882,
      0.5032025575637817,
      0.5032674074172974,
      0.5033422708511353,
      0.5034552216529846,
      0.5036227703094482,
      0.5037924647331238,
      0.5039512515068054,
      0.5040930509567261,
      0.5042004585266113,
      0.5043079257011414,
      0.5044441223144531
    ],
    [
      0.5023764967918396,
      0.5023549199104309,
      0.5022997260093689,
      0.502247154712677,
      0.5022734999656677,
      0.5023595690727234,
      0.5024926662445068,
      0.502595841884613,
      0.5026922225952148,
      0.5027924180030823,
      0.5028931498527527,
      0.502997100353241,
      0.5030869245529175,
      0.5031469464302063,
      0.5031977295875549,
      0.5032493472099304,
      0.5033015608787537,
      0.5033573508262634,
      0.5034137964248657,
      0.5034360885620117,
      0.5034599304199219,
      0.503501296043396,
      0.5034918785095215,
      0.503482460975647,
      0.5034756064414978,
      0.5034711956977844,
      0.5034805536270142,
      0.5034899115562439,
      0.5034992694854736,
      0.5035086274147034,
      0.503555417060852,
      0.5036357641220093,
      0.5037217736244202,
      0.503821074962616,
      0.5039203763008118,
      0.5040341019630432,
      0.5041972994804382,
      0.5043579936027527,
      0.5044962763786316,
      0.5046636462211609
    ],
    [
      0.5030228495597839,
      0.5030031204223633,
      0.5029883980751038,
      0.5030458569526672,
      0.5031139850616455,
      0.5031647086143494,
      0.5032942891120911,
      0.5034238696098328,
      0.5035214424133301,
      0.5035992860794067,
      0.5036779642105103,
      0.5037729144096375,
      0.5038654804229736,
      0.5039164423942566,
      0.5039420127868652,
      0.503943145275116,
      0.5039442181587219,
      0.5039620995521545,
      0.50399249792099,
      0.5040096640586853,
      0.5040106773376465,
      0.5040217041969299,
      0.5040556788444519,
      0.5040853023529053,
      0.5040702223777771,
      0.5040578246116638,
      0.5040690898895264,
      0.504080593585968,
      0.5041226744651794,
      0.5042011737823486,
      0.5042797327041626,
      0.5043582320213318,
      0.5044367909431458,
      0.5045152902603149,
      0.5046153664588928,
      0.5047274231910706,
      0.5048521161079407,
      0.5049768686294556,
      0.5050843358039856,
      0.5051640272140503
    ],
    [
      0.5037369728088379,
      0.5037814974784851,
      0.503807008266449,
      0.5038660764694214,
      0.5039251446723938,
      0.5040110349655151,
      0.5041011571884155,
      0.5041924715042114,
      0.5043220520019531,
      0.504429280757904,
      0.5044647455215454,
      0.5044841766357422,
      0.5045225620269775,
      0.5045458078384399,
      0.5045522451400757,
      0.5045439004898071,
      0.5045354962348938,
      0.5045257806777954,
      0.5045356154441833,
      0.5045542120933533,
      0.5045768618583679,
      0.5046156644821167,
      0.5046494007110596,
      0.5047023892402649,
      0.5047553777694702,
      0.50482177734375,
      0.5048873424530029,
      0.5049582719802856,
      0.5050291419029236,
      0.5051000714302063,
      0.505176305770874,
      0.5052548050880432,
      0.5053449273109436,
      0.5054479241371155,
      0.5055520534515381,
      0.505676805973053,
      0.5058014988899231,
      0.505926251411438,
      0.5060510039329529,
      0.5061540007591248
    ],
    [
      0.5044451355934143,
      0.5044769048690796,
      0.5045163035392761,
      0.5045557618141174,
      0.5045952200889587,
      0.5046732425689697,
