{
  "run_id": "20260305_132034",
  "condition": "E",
  "problem": "causeway_bridge",
  "timestamp": "2026-03-05T13:20:34.192091",
  "metrics": {
    "final_compliance": 1309.3915499538036,
    "topology_sparsity": 0.7895833333333333,
    "grey_ratio": 1.0,
    "convergence_step": 1,
    "wall_time_s": 0.589327335357666,
    "n_params": 8577,
    "n_steps": 5
  },
  "loss_history": [
    1353.1276671193314,
    1344.5713310493352,
    1333.5181297443164,
    1321.6773754182755,
    1309.3915499538036
  ],
  "final_density": [
    [
      0.49782487750053406,
      0.49788928031921387,
      0.49795958399772644,
      0.4980388581752777,
      0.498118132352829,
      0.49819740653038025,
      0.49829795956611633,
      0.49840015172958374,
      0.4984929859638214,
      0.4985591173171997,
      0.49862512946128845,
      0.49869781732559204,
      0.49878767132759094,
      0.4989212155342102,
      0.4990726113319397,
      0.4992230236530304,
      0.49931904673576355,
      0.4994325637817383,
      0.49955281615257263,
      0.4997258484363556,
      0.4999265670776367,
      0.5001095533370972,
      0.5002908110618591,
      0.5004600286483765,
      0.5005483627319336,
      0.5005826950073242,
      0.5006170868873596,
      0.5007069706916809,
      0.5008693337440491,
      0.5010316967964172,
      0.5011884570121765,
      0.501326858997345,
      0.5014963150024414,
      0.5016939640045166,
      0.5018918514251709,
      0.5020630359649658,
      0.5022296905517578,
      0.5023830533027649,
      0.5025119781494141,
      0.5026646256446838
    ],
    [
      0.4981320798397064,
      0.4981949031352997,
      0.49825918674468994,
      0.4983234703540802,
      0.4984164535999298,
      0.4985170364379883,
      0.4985775351524353,
      0.4986182451248169,
      0.4986577332019806,
      0.4986972212791443,
      0.498736709356308,
      0.49877622723579407,
      0.49884822964668274,
      0.49900931119918823,
      0.499194860458374,
      0.4993937313556671,
      0.4995465874671936,
      0.4996401369571686,
      0.49974727630615234,
      0.49987098574638367,
      0.5000062584877014,
      0.5001140832901001,
      0.5002549886703491,
      0.5003588795661926,
      0.5004004240036011,
      0.5005477666854858,
      0.50069260597229,
      0.5008124113082886,
      0.5009748339653015,
      0.501131534576416,
      0.5012847781181335,
      0.5014586448669434,
      0.5015985369682312,
      0.5017191171646118,
      0.5018396973609924,
      0.5019645690917969,
      0.5020909905433655,
      0.5022289752960205,
      0.5023753046989441,
      0.5025236010551453
    ],
    [
      0.4984099864959717,
      0.4984690546989441,
      0.4985509216785431,
      0.4986066520214081,
      0.49862757325172424,
      0.49865731596946716,
      0.49868300557136536,
      0.49870800971984863,
      0.4987449049949646,
      0.4988281726837158,
      0.4989158809185028,
      0.4990027844905853,
      0.4991263449192047,
      0.4992780387401581,
      0.49943023920059204,
      0.49959811568260193,
      0.4997858703136444,
      0.49988165497779846,
      0.4999381899833679,
      0.5000030994415283,
      0.5000867247581482,
      0.5001890063285828,
      0.50031977891922,
      0.5004315376281738,
      0.5005404949188232,
      0.5006935000419617,
      0.5008037686347961,
      0.5008563995361328,
      0.5009353160858154,
      0.5010491609573364,
      0.501169741153717,
      0.5012903213500977,
      0.5014126300811768,
      0.5015389919281006,
      0.5016654133796692,
      0.5018002390861511,
      0.5019561648368835,
      0.5021303296089172,
      0.5023058652877808,
      0.5024768710136414
    ],
    [
      0.4987044632434845,
      0.4987339973449707,
      0.4987434148788452,
      0.4987625777721405,
      0.498781681060791,
      0.49880415201187134,
      0.4988735020160675,
      0.4989428222179413,
      0.4990120530128479,
      0.499083936214447,
      0.4991558790206909,
      0.4992492198944092,
      0.4994007349014282,
      0.4995522201061249,
      0.49970370531082153,
      0.4998585283756256,
      0.4999909996986389,
      0.5000820159912109,
      0.5001367330551147,
      0.5001913905143738,
      0.5002924203872681,
      0.5003666877746582,
      0.5004671812057495,
      0.5005195736885071,
      0.500557005405426,
      0.5005829930305481,
      0.500606119632721,
      0.5007178783416748,
      0.5008203983306885,
      0.5009284019470215,
      0.5010426044464111,
      0.5011576414108276,
      0.5012710690498352,
      0.5014063715934753,
      0.5015685558319092,
      0.5017420649528503,
      0.5018923878669739,
      0.5020268559455872,
      0.5021625757217407,
      0.502295732498169
    ],
    [
      0.4993458092212677,
      0.49930205941200256,
      0.4992583692073822,
      0.4992333650588989,
      0.49923577904701233,
      0.49924150109291077,
      0.49926960468292236,
      0.4992986023426056,
      0.49933475255966187,
      0.49938273429870605,
      0.4994581937789917,
      0.49956977367401123,
      0.4996963143348694,
      0.49982184171676636,
      0.4999580383300781,
      0.5000801682472229,
      0.5001606941223145,
      0.5002213716506958,
      0.5002883076667786,
      0.5003231167793274,
      0.5003617405891418,
      0.5004003643989563,
      0.5003880262374878,
      0.5003982186317444,
      0.5004406571388245,
      0.5005182027816772,
      0.5006546378135681,
      0.5007649064064026,
      0.5008751749992371,
      0.5009859204292297,
      0.5011061429977417,
      0.50119948387146,
      0.5013176202774048,
      0.5014357566833496,
      0.5015509128570557,
      0.5016648769378662,
      0.5017749071121216,
      0.5018937587738037,
      0.5020249485969543,
      0.5021442770957947
    ],
    [
      0.5000398755073547,
      0.49997901916503906,
      0.49997448921203613,
      0.4999699592590332,
      0.4999654293060303,
      0.49996089935302734,
      0.4999558925628662,
      0.49993622303009033,
      0.49991655349731445,
      0.4999645948410034,
      0.5000198483467102,
      0.5000701546669006,
      0.5001580715179443,
      0.5001881718635559,
      0.5002003908157349,
      0.5002601742744446,
      0.5003441572189331,
      0.5004196763038635,
      0.50047367811203,
      0.5004953742027283,
      0.5005226135253906,
      0.5005466341972351,
      0.5005444884300232,
      0.5005422830581665,
      0.5006119012832642,
      0.5007181167602539,
      0.5007869601249695,
      0.5008699297904968,
      0.5009582042694092,
      0.5010488033294678,
      0.5011563897132874,
      0.5012685656547546,
      0.5013701319694519,
      0.5014709234237671,
      0.501571774482727,
      0.5016725659370422,
      0.5017808675765991,
      0.5019055008888245,
      0.5020302534103394,
      0.5021533966064453
    ],
    [
      0.5010392069816589,
      0.5009732842445374,
      0.5009073615074158,
      0.5008413791656494,
      0.5007754564285278,
      0.5007395148277283,
      0.5007153749465942,
      0.5006841421127319,
      0.5006681680679321,
      0.5006549954414368,
      0.5006506443023682,
      0.5006436109542847,
      0.5006541609764099,
      0.5006901621818542,
      0.5007172226905823,
      0.5007584095001221,
      0.5008004903793335,
      0.5008492469787598,
      0.5008791089057922,
      0.5008924007415771,
      0.5008777379989624,
      0.5008501410484314,
      0.5008226037025452,
      0.5008236765861511,
      0.5008484125137329,
      0.5008812546730042,
      0.5009140968322754,
      0.5009486675262451,
      0.5009925365447998,
      0.5010747909545898,
      0.5011677742004395,
      0.5012603402137756,
      0.5013529658317566,
      0.5014455914497375,
      0.5015385150909424,
      0.5016370415687561,
      0.5017526745796204,
      0.5018690228462219,
      0.5019866824150085,
      0.5021044015884399
    ],
    [
      0.5020139217376709,
      0.5019253492355347,
      0.501848578453064,
