{
  "run_id": "20260305_132743",
  "condition": "K",
  "problem": "causeway_bridge",
  "timestamp": "2026-03-05T13:27:43.420991",
  "metrics": {
    "final_compliance": 359.14310329413627,
    "topology_sparsity": 0.66875,
    "grey_ratio": 0.6958333333333333,
    "convergence_step": 5,
    "wall_time_s": 0.25574612617492676,
    "n_params": 755297,
    "n_steps": 5
  },
  "loss_history": [
    948.602090004013,
    533.7624522367795,
    442.99718745502145,
    395.15759521367374,
    359.14310329413627
  ],
  "final_density": [
    [
      0.968336284160614,
      0.9595930576324463,
      0.9593515992164612,
      0.9518100023269653,
      0.9555273652076721,
      0.9505134224891663,
      0.9562623500823975,
      0.9497396945953369,
      0.9533405900001526,
      0.9480710029602051,
      0.9567776322364807,
      0.9523802399635315,
      0.954730749130249,
      0.9487712979316711,
      0.9548425674438477,
      0.9462264776229858,
      0.9493401646614075,
      0.9372876286506653,
      0.9490893483161926,
      0.9398722648620605,
      0.9414571523666382,
      0.9245849847793579,
      0.9402692914009094,
      0.9261246919631958,
      0.9337921738624573,
      0.9097415804862976,
      0.9341318607330322,
      0.9229857921600342,
      0.9309422373771667,
      0.9044469594955444,
      0.930357038974762,
      0.8906051516532898,
      0.887505292892456,
      0.7443567514419556,
      0.8550076484680176,
      0.7665250301361084,
      0.8232550024986267,
      0.7391176223754883,
      0.8735336065292358,
      0.9111086130142212
    ],
    [
      0.9428595304489136,
      0.9139131903648376,
      0.9142106771469116,
      0.8976698517799377,
      0.8801385760307312,
      0.8805105090141296,
      0.8987370133399963,
      0.8861802816390991,
      0.8707122206687927,
      0.8565308451652527,
      0.8854650259017944,
      0.8824374079704285,
      0.8581131100654602,
      0.8579851388931274,
      0.8794728517532349,
      0.8538207411766052,
      0.825797975063324,
      0.7950950860977173,
      0.8374558687210083,
      0.8141700625419617,
      0.7611805200576782,
      0.7645314335823059,
      0.8055680990219116,
      0.7728793025016785,
      0.7357990741729736,
      0.7059221267700195,
      0.7706106901168823,
      0.7649266123771667,
      0.7257348299026489,
      0.735636293888092,
      0.7696857452392578,
      0.6784843802452087,
      0.5799504518508911,
      0.5845840573310852,
      0.595704197883606,
      0.5661646723747253,
      0.5366382598876953,
      0.600372850894928,
      0.653374433517456,
      0.8593621850013733
    ],
    [
      0.91095370054245,
      0.815796434879303,
      0.8617038130760193,
      0.8291193842887878,
      0.7931231260299683,
      0.7156761884689331,
      0.815263569355011,
      0.79371577501297,
      0.7512956857681274,
      0.6614282131195068,
      0.7982911467552185,
      0.7602134943008423,
      0.7220963835716248,
      0.6299720406532288,
      0.7670998573303223,
      0.7253538966178894,
      0.6588225960731506,
      0.5265612602233887,
      0.7333731651306152,
      0.6477178335189819,
      0.6262642741203308,
      0.4473226070404053,
      0.6772189736366272,
      0.6055790185928345,
      0.5802841782569885,
      0.4225292205810547,
      0.6873155832290649,
      0.5975036025047302,
      0.5986452698707581,
      0.43299242854118347,
      0.6586928963661194,
      0.5123045444488525,
      0.5440213084220886,
      0.35046839714050293,
      0.6421310901641846,
      0.45617181062698364,
      0.5423182249069214,
      0.38779816031455994,
      0.6357590556144714,
      0.8221579194068909
    ],
    [
      0.849991500377655,
      0.6739069819450378,
      0.6237009167671204,
      0.49968186020851135,
      0.5231592059135437,
      0.4722249507904053,
      0.5093548893928528,
      0.4861643314361572,
      0.49079757928848267,
      0.46821701526641846,
      0.49584174156188965,
      0.47118911147117615,
      0.4848898649215698,
      0.42728012800216675,
      0.4616445004940033,
      0.442971795797348,
      0.44921621680259705,
      0.41417548060417175,
      0.43672406673431396,
      0.429837703704834,
      0.4376813769340515,
      0.3816274404525757,
      0.4178829491138458,
      0.4092463552951813,
      0.4197767972946167,
      0.39557120203971863,
      0.41873541474342346,
      0.42639029026031494,
      0.4391000270843506,
      0.38181474804878235,
      0.4168669879436493,
      0.39079537987709045,
      0.4070070683956146,
      0.34572774171829224,
      0.38507741689682007,
      0.3899785578250885,
      0.40847471356391907,
      0.3758656680583954,
      0.4096011221408844,
      0.5996181964874268
    ],
    [
      0.8390824794769287,
      0.4442186951637268,
      0.612542450428009,
      0.3940969705581665,
      0.49589642882347107,
      0.3013947606086731,
      0.5470394492149353,
      0.3722463846206665,
      0.4823521673679352,
      0.27725908160209656,
      0.5202644467353821,
      0.33502084016799927,
      0.4703111946582794,
      0.25473204255104065,
      0.5238742232322693,
      0.296202689409256,
      0.4628160893917084,
      0.20579856634140015,
      0.49986007809638977,
      0.24687014520168304,
      0.43189769983291626,
      0.16866160929203033,
      0.5180951952934265,
      0.2270452231168747,
      0.43956857919692993,
      0.16355429589748383,
      0.4995975196361542,
      0.23618608713150024,
      0.43384069204330444,
      0.1653883457183838,
      0.5119790434837341,
      0.19300854206085205,
      0.41813039779663086,
      0.10056564211845398,
      0.49371570348739624,
      0.15290124714374542,
      0.40244007110595703,
      0.14005334675312042,
      0.49803999066352844,
      0.458049476146698
    ],
    [
      0.895904004573822,
      0.7341448664665222,
      0.6926709413528442,
      0.5611688494682312,
      0.595848023891449,
      0.5952939391136169,
      0.6227595806121826,
      0.5647091269493103,
      0.6007996797561646,
      0.5859401822090149,
      0.5824021100997925,
      0.5418524742126465,
      0.563340961933136,
      0.5711690783500671,
      0.5179377198219299,
      0.539575457572937,
      0.5352542400360107,
      0.5646150708198547,
      0.5035432577133179,
      0.531676709651947,
      0.5281553268432617,
      0.5698954463005066,
      0.47786155343055725,
      0.5316247940063477,
      0.5186393857002258,
      0.5640846490859985,
      0.49634796380996704,
      0.5305593609809875,
      0.5250043272972107,
      0.5697448253631592,
      0.47933468222618103,
      0.5367751121520996,
      0.5265470743179321,
      0.5796101093292236,
      0.4905049502849579,
      0.5259962677955627,
      0.5220798850059509,
      0.5874144434928894,
      0.5188034176826477,
      0.6505849361419678
    ],
    [
      0.903157114982605,
      0.6814476251602173,
      0.756367564201355,
      0.6041003465652466,
      0.59792160987854,
      0.4893496632575989,
      0.6724095344543457,
      0.6171428561210632,
      0.6314656138420105,
      0.47468528151512146,
      0.659637451171875,
      0.5118041038513184,
      0.5462120175361633,
      0.41342368721961975,
      0.6274423599243164,
      0.46605730056762695,
      0.5546687841415405,
      0.38514187932014465,
      0.6024551391601562,
      0.4017290771007538,
      0.485605388879776,
      0.3344719707965851,
      0.6013604402542114,
      0.3981110751628876,
      0.5123587250709534,
      0.3540426790714264,
      0.5981640815734863,
      0.40071573853492737,
      0.4943881332874298,
      0.35860878229141235,
      0.6011002063751221,
      0.3938390016555786,
      0.5035870671272278,
      0.3344612121582031,
      0.5937410593032837,
      0.37327176332473755,
      0.48951220512390137,
      0.37026315927505493,
      0.586569607257843,
      0.7862210869789124
    ],
    [
      0.8934409022331238,
      0.7317608594894409,
