{
  "run_id": "20260305_132349",
  "condition": "G",
  "problem": "mbb_beam",
  "timestamp": "2026-03-05T13:23:49.520860",
  "metrics": {
    "final_compliance": 1090.1764672899667,
    "topology_sparsity": 1.0,
    "grey_ratio": 1.0,
    "convergence_step": 1,
    "wall_time_s": 0.9260523319244385,
    "n_params": 16705,
    "n_steps": 5
  },
  "loss_history": [
    1104.547294621987,
    1101.2574746166638,
    1097.801101646924,
    1094.4679079734128,
    1090.1764672899667
  ],
  "final_density": [
    [
      0.5286755561828613,
      0.5291354656219482,
      0.5296012163162231,
      0.5302613377571106,
      0.5308730006217957,
      0.5311123132705688,
      0.5314022898674011,
      0.5320700407028198,
      0.5325130820274353,
      0.5326488018035889,
      0.5328317284584045,
      0.5330823659896851,
      0.5334171056747437,
      0.5338037014007568,
      0.5337738394737244,
      0.5336863994598389,
      0.5335309505462646,
      0.5332920551300049,
      0.532780647277832,
      0.5322185754776001,
      0.5315538644790649,
      0.5311628580093384,
      0.5310726761817932,
      0.5309018492698669,
      0.530701220035553,
      0.5306566953659058,
      0.530632495880127,
      0.5308161377906799,
      0.5307114720344543,
      0.5309458374977112,
      0.5316017270088196,
      0.5322275161743164,
      0.5328342318534851,
      0.5333849787712097,
      0.5338951349258423,
      0.5345522165298462,
      0.5348529815673828,
      0.5349708199501038,
      0.5347463488578796,
      0.5343846082687378
    ],
    [
      0.5324296951293945,
      0.5323152542114258,
      0.5323612689971924,
      0.532666027545929,
      0.532710611820221,
      0.5321439504623413,
      0.5316571593284607,
      0.5313892364501953,
      0.531079888343811,
      0.5312862396240234,
      0.5316048264503479,
      0.531886875629425,
      0.5323934555053711,
      0.5326762795448303,
      0.5328460931777954,
      0.5329912900924683,
      0.5328133702278137,
      0.5323551297187805,
      0.5313675403594971,
      0.5306260585784912,
      0.5302549600601196,
      0.5302770137786865,
      0.5304326415061951,
      0.5305803418159485,
      0.5306707620620728,
      0.5310391187667847,
      0.5316933393478394,
      0.532343864440918,
      0.5328133702278137,
      0.5332701206207275,
      0.5334216952323914,
      0.5341129899024963,
      0.534766674041748,
      0.5351181030273438,
      0.5349607467651367,
      0.5349703431129456,
      0.5349821448326111,
      0.534684419631958,
      0.5343336462974548,
      0.5339465737342834
    ],
    [
      0.5333513021469116,
      0.5331310629844666,
      0.5325005054473877,
      0.5319613814353943,
      0.5316615700721741,
      0.5316309332847595,
      0.5316808819770813,
      0.531705379486084,
      0.5317339301109314,
      0.5316685438156128,
      0.5316666960716248,
      0.5316800475120544,
      0.531671941280365,
      0.5316796898841858,
      0.5319851040840149,
      0.5322285890579224,
      0.53212970495224,
      0.531810462474823,
      0.5317395925521851,
      0.5316596627235413,
      0.5321361422538757,
      0.5326492190361023,
      0.5328224897384644,
      0.5328947901725769,
      0.532970130443573,
      0.5330564379692078,
      0.5330955982208252,
      0.5329521298408508,
      0.5330098271369934,
      0.5329979062080383,
      0.5329128503799438,
      0.5333482623100281,
      0.5336290597915649,
      0.5340913534164429,
      0.5343912243843079,
      0.5343012809753418,
      0.5340830087661743,
      0.5343242287635803,
      0.5346749424934387,
      0.53449547290802
    ],
    [
      0.5319257378578186,
      0.5315656661987305,
      0.5312258005142212,
      0.531172513961792,
      0.5315434336662292,
      0.5317633152008057,
      0.531674861907959,
      0.5313364267349243,
      0.5314730405807495,
      0.5317592024803162,
      0.5322133302688599,
      0.5327896475791931,
      0.5331108570098877,
      0.5333366990089417,
      0.5336319804191589,
      0.5339208245277405,
      0.5339269638061523,
      0.5336854457855225,
      0.5334209203720093,
      0.533213198184967,
      0.5330106616020203,
      0.5327214598655701,
      0.5323101282119751,
      0.5320576429367065,
      0.5318517684936523,
      0.5318542718887329,
      0.5320162773132324,
      0.5323629379272461,
      0.5326568484306335,
      0.5330663919448853,
      0.5333826541900635,
      0.5336771011352539,
      0.5339147448539734,
      0.5339049100875854,
      0.533775806427002,
      0.5337685346603394,
      0.53403639793396,
      0.5343589186668396,
      0.5346382260322571,
      0.5349242091178894
    ],
    [
      0.5322548747062683,
      0.5322946906089783,
      0.5318123698234558,
      0.5309765934944153,
      0.5304083824157715,
      0.5300365090370178,
      0.5300636291503906,
      0.5304168462753296,
      0.5311225652694702,
      0.5318974852561951,
      0.5326094627380371,
      0.5332363247871399,
      0.5339565277099609,
      0.5348098278045654,
      0.5354709625244141,
      0.5352989435195923,
      0.5347105860710144,
      0.5339562892913818,
      0.5332698225975037,
      0.5326055884361267,
      0.5319252610206604,
      0.5315930843353271,
      0.5312485098838806,
      0.5310805439949036,
      0.5312907695770264,
      0.5317630171775818,
      0.5323938131332397,
      0.5330638885498047,
      0.5333115458488464,
      0.5333033204078674,
      0.533172607421875,
      0.5329270958900452,
      0.5328645706176758,
      0.5328770279884338,
      0.5330283045768738,
      0.5331732034683228,
      0.5335389375686646,
      0.5339078307151794,
      0.5342729091644287,
      0.5340797901153564
    ],
    [
      0.5332533717155457,
      0.5327326655387878,
      0.531954288482666,
      0.5314863920211792,
      0.531264066696167,
      0.531360924243927,
      0.5322493314743042,
      0.5328003764152527,
      0.5333415865898132,
      0.5336830615997314,
      0.5340503454208374,
      0.5343104004859924,
      0.5341799259185791,
      0.5335986018180847,
      0.5328444838523865,
      0.5321580171585083,
      0.5318650603294373,
      0.5315375924110413,
      0.5312733054161072,
      0.531181812286377,
      0.5310409069061279,
      0.5309324264526367,
      0.5309657454490662,
      0.5308112502098083,
      0.5310449004173279,
      0.5314210057258606,
      0.5321080088615417,
      0.5324748158454895,
      0.5321212410926819,
      0.5318098068237305,
      0.531678318977356,
      0.5319650769233704,
      0.5322843194007874,
      0.5322660803794861,
      0.5321908593177795,
      0.5323204398155212,
      0.532513439655304,
      0.532437264919281,
      0.532174289226532,
      0.5318199396133423
    ],
    [
      0.5306723117828369,
      0.5307940244674683,
      0.5313100218772888,
      0.5319070219993591,
      0.5325286984443665,
      0.5328189134597778,
      0.5328413248062134,
      0.5324239730834961,
      0.5320321917533875,
      0.5316616892814636,
      0.5314027667045593,
      0.5309360027313232,
      0.530892014503479,
      0.5307835340499878,
      0.5311902165412903,
      0.5314186215400696,
      0.5318726301193237,
      0.5325760245323181,
      0.5330485105514526,
      0.5334358811378479,
      0.5335975885391235,
      0.533621072769165,
      0.5334663987159729,
      0.532892644405365,
      0.5327976942062378,
      0.5325621366500854,
      0.5323864817619324,
      0.5322563648223877,
      0.5319041609764099,
      0.5315284132957458,
      0.5314352512359619,
      0.5311581492424011,
      0.5308459401130676,
      0.5306581258773804,
      0.530620813369751,
      0.5305958986282349,
      0.5305892825126648,
      0.5308585166931152,
      0.5313968062400818,
      0.5317584276199341
    ],
    [
      0.532742977142334,
      0.5325729846954346,
      0.5328518748283386,
      0.5331920385360718,
      0.5327059030532837,
      0.5317814946174622,
