{
  "run_id": "20260305_132027",
  "condition": "B",
  "problem": "mbb_beam",
  "timestamp": "2026-03-05T13:20:27.468820",
  "metrics": {
    "final_compliance": 2304.122776636787,
    "topology_sparsity": 0.0,
    "grey_ratio": 1.0,
    "convergence_step": 1,
    "wall_time_s": 4.225522756576538,
    "n_params": 480,
    "n_steps": 5
  },
  "loss_history": [
    2532.0730424810135,
    2477.084793075868,
    2421.3185351148823,
    2363.908240012125,
    2304.122776636787
  ],
  "final_density": [
    [
      0.4218880534172058,
      0.41604378819465637,
      0.4054549038410187,
      0.4000000059604645,
      0.4000000059604645,
      0.4000000059604645,
      0.4348926544189453,
      0.4000000059604645,
      0.4000000059604645,
      0.4393827021121979,
      0.4218880534172058,
      0.4000000059604645,
      0.4054549038410187,
      0.4000000059604645,
      0.42898350954055786,
      0.41604378819465637,
      0.41072314977645874,
      0.4054549038410187,
      0.43939805030822754,
      0.4000000059604645,
      0.4054549038410187,
      0.4054549038410187,
      0.42898687720298767,
      0.4393993616104126,
      0.41072314977645874,
      0.41072314977645874,
      0.4218880534172058,
      0.4297090172767639,
      0.4297090172767639,
      0.41313493251800537,
      0.4000000059604645,
      0.42885875701904297,
      0.41072314977645874,
      0.4289795756340027,
      0.4297090172767639,
      0.41072314977645874,
      0.4297090470790863,
      0.4393625259399414,
      0.41604378819465637,
      0.42611390352249146
    ],
    [
      0.4054549038410187,
      0.4297090470790863,
      0.4000000059604645,
      0.4000000059604645,
      0.41604378819465637,
      0.4054549038410187,
      0.41072314977645874,
      0.4297090470790863,
      0.44502851366996765,
      0.43938323855400085,
      0.4327494204044342,
      0.4000000059604645,
      0.4000000059604645,
      0.4000000059604645,
      0.4289836883544922,
      0.4000000059604645,
      0.4218880534172058,
      0.4000000059604645,
      0.4185836613178253,
      0.4000000059604645,
      0.4218880534172058,
      0.41604378819465637,
      0.41072314977645874,
      0.420783668756485,
      0.4000000059604645,
      0.4054549038410187,
      0.4054549038410187,
      0.4000000059604645,
      0.41604378819465637,
      0.4289867579936981,
      0.4000000059604645,
      0.4131339192390442,
      0.41604378819465637,
      0.4245060086250305,
      0.4207785725593567,
      0.4323827028274536,
      0.4054549038410187,
      0.4131278395652771,
      0.43231114745140076,
      0.4000000059604645
    ],
    [
      0.4000000059604645,
      0.4000000059604645,
      0.4000000059604645,
      0.4297090470790863,
      0.4131358861923218,
      0.4297090470790863,
      0.4218880534172058,
      0.41072314977645874,
      0.4000000059604645,
      0.4000000059604645,
      0.4000000059604645,
      0.4218880534172058,
      0.4054549038410187,
      0.4297090172767639,
      0.4000000059604645,
      0.4000000059604645,
      0.44149860739707947,
      0.4054549038410187,
      0.4000000059604645,
      0.4185827970504761,
      0.43493202328681946,
      0.4000000059604645,
      0.41072314977645874,
      0.4371950626373291,
      0.4185747504234314,
      0.41072314977645874,
      0.4207848906517029,
      0.4245227575302124,
      0.4000000059604645,
      0.4297090470790863,
      0.4000000059604645,
      0.4000000059604645,
      0.4297090470790863,
      0.41072314977645874,
      0.4297090470790863,
      0.432396799325943,
      0.4207788109779358,
      0.4244988262653351,
      0.41072314977645874,
      0.43481364846229553
    ],
    [
      0.4054549038410187,
      0.4054549038410187,
      0.4000000059604645,
      0.4297090470790863,
      0.4000000059604645,
      0.4268796443939209,
      0.41604378819465637,
      0.4297090172767639,
      0.43241190910339355,
      0.4000000059604645,
      0.41072314977645874,
      0.4268769919872284,
      0.4000000059604645,
      0.4218880534172058,
      0.42452672123908997,
      0.4218880534172058,
      0.43719378113746643,
      0.4000000059604645,
      0.4000000059604645,
      0.41604378819465637,
      0.4054549038410187,
      0.4288552403450012,
      0.4000000059604645,
      0.4000000059604645,
      0.41857367753982544,
      0.4450697898864746,
      0.4207839071750641,
      0.4000000059604645,
      0.4000000059604645,
      0.41072314977645874,
      0.4297090470790863,
      0.4054549038410187,
      0.4324268400669098,
      0.41072314977645874,
      0.4297090172767639,
      0.4000000059604645,
      0.41604378819465637,
      0.41604378819465637,
      0.43096938729286194,
      0.4000000059604645
    ],
    [
      0.4000000059604645,
      0.4000000059604645,
      0.41072314977645874,
      0.4218880534172058,
      0.4000000059604645,
      0.4297090470790863,
      0.4207848906517029,
      0.4000000059604645,
      0.41604378819465637,
      0.439232736825943,
      0.4000000059604645,
      0.4185819923877716,
      0.4054549038410187,
      0.41604378819465637,
      0.41072314977645874,
      0.4000000059604645,
      0.4218880534172058,
      0.4000000059604645,
      0.42452841997146606,
      0.4131337106227875,
      0.4000000059604645,
      0.4000000059604645,
      0.4297090470790863,
      0.4000000059604645,
      0.4349069595336914,
      0.4000000059604645,
      0.4000000059604645,
      0.4297090470790863,
      0.4297090470790863,
      0.4000000059604645,
      0.4000000059604645,
      0.4000000059604645,
      0.4054549038410187,
      0.42078083753585815,
      0.43275484442710876,
      0.4000000059604645,
      0.41072314977645874,
      0.4000000059604645,
      0.43239423632621765,
      0.42188799381256104
    ],
    [
      0.43494510650634766,
      0.4218880534172058,
      0.4297090470790863,
      0.4207843840122223,
      0.4131339490413666,
      0.4348953664302826,
      0.41604378819465637,
      0.4054549038410187,
      0.4393913149833679,
      0.4000000059604645,
      0.4218880534172058,
      0.4000000059604645,
      0.41604378819465637,
      0.4000000059604645,
      0.41604378819465637,
      0.4000000059604645,
      0.43691903352737427,
      0.41072314977645874,
      0.4185751676559448,
      0.4000000059604645,
      0.4000000059604645,
      0.44506198167800903,
      0.4000000059604645,
      0.4218880534172058,
      0.44276776909828186,
      0.41604378819465637,
      0.4207834005355835,
      0.4369310736656189,
      0.4218880534172058,
      0.4000000059604645,
      0.4000000059604645,
      0.4000000059604645,
      0.41604378819465637,
      0.41604378819465637,
      0.4297090172767639,
      0.41604378819465637,
      0.4218880534172058,
      0.43716683983802795,
      0.4289761781692505,
      0.41604378819465637
    ],
    [
      0.4000000059604645,
      0.42897674441337585,
      0.4000000059604645,
      0.4054549038410187,
      0.41604378819465637,
      0.4000000059604645,
      0.4000000059604645,
      0.4054549038410187,
      0.4000000059604645,
      0.4000000059604645,
      0.41072314977645874,
      0.44148141145706177,
      0.41857704520225525,
      0.4000000059604645,
      0.4207850694656372,
      0.4297090172767639,
      0.41072314977645874,
      0.4218880534172058,
      0.4393957853317261,
      0.4218880534172058,
      0.42078423500061035,
      0.43491703271865845,
      0.4054549038410187,
      0.4297090470790863,
      0.4000000059604645,
      0.4000000059604645,
      0.41604378819465637,
      0.4000000059604645,
      0.42078500986099243,
      0.4000000059604645,
      0.42453059554100037,
      0.4207845628261566,
      0.4131317138671875,
      0.4245072305202484,
      0.4207790195941925,
      0.4297090470790863,
      0.434403657913208,
      0.4297090172767639,
      0.4288218915462494,
      0.4000000059604645
    ],
    [
      0.4000000059604645,
      0.4054549038410187,
