{
  "run_id": "20260305_132735",
  "condition": "F",
  "problem": "multistory_building",
  "timestamp": "2026-03-05T13:27:35.037272",
  "metrics": {
    "final_compliance": 1337.8776959472734,
    "topology_sparsity": 0.0,
    "grey_ratio": 1.0,
    "convergence_step": 1,
    "wall_time_s": 1.1592833995819092,
    "n_params": 29377,
    "n_steps": 5
  },
  "loss_history": [
    1343.0963042410128,
    1342.0322029111173,
    1341.0306448618585,
    1339.6793382975811,
    1337.8776959472734
  ],
  "final_density": [
    [
      0.49745020270347595,
      0.4974510669708252,
      0.4974517822265625,
      0.4974512457847595,
      0.4974503219127655,
      0.49744948744773865,
      0.49744847416877747,
      0.4974474608898163,
      0.4974464178085327,
      0.4974454641342163,
      0.49744442105293274,
      0.4974433481693268,
      0.49744221568107605,
      0.4974411129951477,
      0.49743956327438354,
      0.4974376857280731,
      0.49743595719337463,
      0.4974343776702881,
      0.4974329173564911,
      0.4974309504032135,
      0.4974289536476135,
      0.49742695689201355,
      0.4974246919155121,
      0.49742233753204346,
      0.49741992354393005,
      0.49741774797439575,
      0.49741607904434204,
      0.4974155128002167,
      0.49741479754447937,
      0.4974142014980316,
      0.4974134862422943,
      0.49741286039352417,
      0.4974120855331421,
      0.49741148948669434,
      0.4974108934402466,
      0.4974101781845093,
      0.4974093735218048,
      0.49740853905677795,
      0.497408002614975,
      0.497407466173172
    ],
    [
      0.49745437502861023,
      0.4974554479122162,
      0.4974551498889923,
      0.49745431542396545,
      0.4974537789821625,
      0.49745315313339233,
      0.4974523186683655,
      0.4974515438079834,
      0.49745064973831177,
      0.4974496066570282,
      0.49744853377342224,
      0.4974474608898163,
      0.4974464774131775,
      0.49744540452957153,
      0.49744436144828796,
      0.49744275212287903,
      0.49744129180908203,
      0.49743980169296265,
      0.4974380433559418,
      0.49743589758872986,
      0.49743348360061646,
      0.49743106961250305,
      0.49742865562438965,
      0.49742624163627625,
      0.49742424488067627,
      0.49742209911346436,
      0.4974201023578644,
      0.4974181056022644,
      0.49741584062576294,
      0.4974134862422943,
      0.49741166830062866,
      0.49741029739379883,
      0.49740925431251526,
      0.49740853905677795,
      0.4974077641963959,
      0.49740689992904663,
      0.4974061846733093,
      0.4974055886268616,
      0.49740511178970337,
      0.4974047541618347
    ],
    [
      0.4974583387374878,
      0.49745798110961914,
      0.4974576234817505,
      0.497456431388855,
      0.49745574593544006,
      0.49745503067970276,
      0.49745431542396545,
      0.49745360016822815,
      0.49745285511016846,
      0.4974520802497864,
      0.4974512457847595,
      0.49745064973831177,
      0.49744996428489685,
      0.49744877219200134,
      0.49744725227355957,
      0.4974450469017029,
      0.49744299054145813,
      0.4974408745765686,
      0.49743902683258057,
      0.49743685126304626,
      0.4974346160888672,
      0.4974323809146881,
      0.49743035435676575,
      0.497428297996521,
      0.49742624163627625,
      0.4974241852760315,
      0.49742209911346436,
      0.4974196255207062,
      0.49741703271865845,
      0.49741461873054504,
      0.49741220474243164,
      0.497409850358963,
      0.497407466173172,
      0.49740511178970337,
      0.4974035918712616,
      0.4974028766155243,
      0.497402161359787,
      0.4974016845226288,
      0.49740156531333923,
      0.4974006414413452
    ],
    [
      0.4974585771560669,
      0.497458279132843,
      0.49745774269104004,
      0.49745726585388184,
      0.4974571466445923,
      0.497456431388855,
      0.49745580554008484,
      0.4974551498889923,
      0.49745455384254456,
      0.49745336174964905,
      0.49745213985443115,
      0.4974510073661804,
      0.4974496066570282,
      0.49744781851768494,
      0.4974457621574402,
      0.49744370579719543,
      0.4974417984485626,
      0.4974398612976074,
      0.4974379241466522,
      0.4974355101585388,
      0.4974333643913269,
      0.4974311292171478,
      0.497428834438324,
      0.4974265396595001,
      0.49742424488067627,
      0.49742209911346436,
      0.49741998314857483,
      0.49741828441619873,
      0.497416615486145,
      0.4974149167537689,
      0.49741312861442566,
      0.49741077423095703,
      0.4974084198474884,
      0.4974061846733093,
      0.497404009103775,
      0.4974011778831482,
      0.4973979890346527,
      0.49739569425582886,
      0.4973943829536438,
      0.4973931908607483
    ],
    [
      0.49745598435401917,
      0.49745604395866394,
      0.4974561929702759,
      0.4974566102027893,
      0.49745678901672363,
      0.4974561929702759,
      0.49745526909828186,
      0.49745437502861023,
      0.49745336174964905,
      0.4974524974822998,
      0.4974513649940491,
      0.4974500834941864,
      0.4974481761455536,
      0.49744606018066406,
      0.4974440634250641,
      0.4974420368671417,
      0.49744004011154175,
      0.4974380433559418,
      0.49743613600730896,
      0.497434139251709,
      0.4974319040775299,
      0.4974295496940613,
      0.49742695689201355,
      0.4974243640899658,
      0.4974216818809509,
      0.4974192678928375,
      0.49741703271865845,
      0.4974149167537689,
      0.4974130094051361,
      0.49741101264953613,
      0.4974086582660675,
      0.4974063038825989,
      0.49740418791770935,
      0.49740204215049744,
      0.49739909172058105,
      0.4973958134651184,
      0.4973926246166229,
      0.4973900318145752,
      0.4973883628845215,
      0.49738696217536926
    ],
    [
      0.4974549114704132,
      0.4974534809589386,
      0.4974522590637207,
      0.49745243787765503,
      0.49745267629623413,
      0.49745267629623413,
      0.49745285511016846,
      0.49745315313339233,
      0.4974525570869446,
      0.4974518418312073,
      0.4974507689476013,
      0.49744829535484314,
      0.49744582176208496,
      0.4974433481693268,
      0.4974408745765686,
      0.4974381625652313,
      0.49743589758872986,
      0.4974339008331299,
      0.4974319040775299,
      0.4974300265312195,
      0.49742794036865234,
      0.4974256455898285,
      0.49742311239242554,
      0.49742069840431213,
      0.49741822481155396,
      0.4974157512187958,
      0.49741312861442566,
      0.49741053581237793,
      0.4974077045917511,
      0.4974045157432556,
      0.49740198254585266,
      0.49739986658096313,
      0.49739769101142883,
      0.49739569425582886,
      0.4973934292793274,
      0.49739059805870056,
      0.4973876476287842,
      0.497385174036026,
      0.49738258123397827,
      0.497379869222641
    ],
    [
      0.4974556267261505,
      0.4974541962146759,
      0.49745285511016846,
      0.4974517226219177,
      0.4974513053894043,
      0.49745118618011475,
      0.4974510073661804,
      0.49745088815689087,
      0.4974507689476013,
      0.4974508285522461,
      0.4974499046802521,
      0.49744781851768494,
      0.4974449872970581,
      0.4974415898323059,
      0.4974381625652313,
      0.4974350929260254,
      0.4974323809146881,
      0.4974299669265747,
      0.49742770195007324,
      0.4974251091480255,
      0.497422456741333,
      0.4974196255207062,
      0.49741679430007935,
      0.49741384387016296,
      0.4974110722541809,
      0.4974084198474884,
      0.4974058270454407,
      0.4974033534526825,
      0.49740099906921387,
      0.4973989725112915,
      0.49739721417427063,
      0.49739569425582886,
      0.49739378690719604,
      0.49739202857017517,
      0.49738967418670654,
      0.4973861277103424,
      0.4973828196525574,
      0.4973800480365753,
      0.4973773956298828,
      0.49737468361854553
    ],
