{
  "run_id": "20260305_132342",
  "condition": "D",
  "problem": "causeway_bridge",
  "timestamp": "2026-03-05T13:23:42.755658",
  "metrics": {
    "final_compliance": 2468.074380923148,
    "topology_sparsity": 0.0,
    "grey_ratio": 1.0,
    "convergence_step": 1,
    "wall_time_s": 0.14571809768676758,
    "n_params": 480,
    "n_steps": 6,
    "compliance_at_step_20": 2468.074380923148,
    "compliance_at_step_40": 2468.074380923148,
    "compliance_at_step_80": 2468.074380923148
  },
  "loss_history": [
    2573.1106592852952,
    2567.260760315531,
    2556.4591334484066,
    2543.8960604326503,
    2530.5741084486344,
    2468.074380923148
  ],
  "final_density": [
    [
      0.43352126321967016,
      0.426408099309784,
      0.4200394991449873,
      0.41700848633550847,
      0.41545468680655046,
      0.41430160492906815,
      0.4132718765728492,
      0.41228326575349866,
      0.4113051801845957,
      0.4103275918101845,
      0.4093497607399746,
      0.40837505022073406,
      0.40740834296345857,
      0.40645474399801773,
      0.4055189584975438,
      0.40460503538117065,
      0.40371630768572264,
      0.4028554319969497,
      0.4020244690543314,
      0.4012249718457722,
      0.40045806310494647,
      0.3997244946770676,
      0.399024688889896,
      0.39835876839512196,
      0.3977265870732938,
      0.3971277811787671,
      0.39656186667002313,
      0.3960284135037069,
      0.395527325113675,
      0.395059231057564,
      0.3946259484320707,
      0.3942308723371626,
      0.3938790317900958,
      0.3935764684945709,
      0.3933287106363522,
      0.3931385708097195,
      0.39300419751053145,
      0.3929186218305123,
      0.3928712968398683,
      0.3928512428338713
    ],
    [
      0.42038666459205204,
      0.4174384457097649,
      0.414408619970838,
      0.41247822053987,
      0.41118394113491685,
      0.4101491763368345,
      0.40923547195581095,
      0.40838256282753044,
      0.40756037522754546,
      0.406754810266902,
      0.4059604785156011,
      0.4051765515765089,
      0.40440441464772314,
      0.40364636441879453,
      0.40290490817499475,
      0.40218240987280396,
      0.4014809349483142,
      0.40080220512212456,
      0.40014760940165367,
      0.39951823909156664,
      0.39891492851651666,
      0.3983382923520886,
      0.39778875675268016,
      0.39726658603801035,
      0.3967719102992546,
      0.3963047621842365,
      0.3958651328620004,
      0.39545305610439774,
      0.3950687222568042,
      0.39471260599833646,
      0.3943855604560233,
      0.3940887933450583,
      0.3938236312974715,
      0.3935910601409338,
      0.3933912521156148,
      0.39322355062686853,
      0.39308724873285567,
      0.3929825382420336,
      0.39291051140415423,
      0.3928732108781749
    ],
    [
      0.40714208436771304,
      0.40714695079961616,
      0.4068042510646691,
      0.40612524737570377,
      0.4053515304471725,
      0.40461353791233945,
      0.40393642615314407,
      0.40331016377912293,
      0.40272028543305827,
      0.40215596119714764,
      0.4016105813063695,
      0.40108064922926573,
      0.40056465480600456,
      0.4000622504611472,
      0.39957371186774043,
      0.3990996069288499,
      0.3986406048171174,
      0.3981973747145631,
      0.39777053965175063,
      0.3973606626988553,
      0.39696825116352785,
      0.39659377015719016,
      0.39623766054559456,
      0.39590035834515575,
      0.3955823132585461,
      0.39528400311997364,
      0.39500593792772004,
      0.3947486407057585,
      0.39451258131003886,
      0.3942980239160696,
      0.39410473706763777,
      0.3939315325751303,
      0.39377569980150046,
      0.3936326465651963,
      0.39349640608464365,
      0.3933617529431765,
      0.39322774233395,
      0.3931005382117668,
      0.39299393876194666,
      0.3929298131088719
    ],
    [
      0.3996059824768294,
      0.4000890325014264,
      0.4004767466550336,
      0.4004728001524358,
      0.4001939219572799,
      0.3998120617275773,
      0.3994157961541426,
      0.39903508092769113,
      0.39867588705142304,
      0.3983366149615462,
      0.39801414020287973,
      0.3977056985332063,
      0.39740929328321134,
      0.3971236351749171,
      0.3968479716735458,
      0.39658192305824824,
      0.3963253562778391,
      0.39607829826116414,
      0.39584088182021393,
      0.3956133161674968,
      0.39539587522006087,
      0.3951888982938456,
      0.39499279873803056,
      0.3948080761981871,
      0.3946353272899107,
      0.39447524712079346,
      0.3943286095620547,
      0.39419620618260864,
      0.39407871091858954,
      0.39397642040564923,
      0.3938888071463368,
      0.39381384386625157,
      0.39374717713031393,
      0.3936815292226374,
      0.39360716124194806,
      0.39351441836719586,
      0.3933984639225969,
      0.3932645085473833,
      0.393133055775259,
      0.3930453828262671
    ],
    [
      0.39584277078059393,
      0.39612846089332104,
      0.3964474923619853,
      0.3966007696354853,
      0.3965741832775586,
      0.39644074690956105,
      0.3962648224893328,
      0.39608065847910945,
      0.3959022424523858,
      0.3957337894252656,
      0.3955755382538321,
      0.39542641562020947,
      0.39528513522753267,
      0.39515059096069693,
      0.3950219534591737,
      0.39489865461937557,
      0.3947803395697998,
      0.3946668181241866,
      0.3945580268164786,
      0.3944540038754532,
      0.3943548761491379,
      0.3942608558837111,
      0.39417224493600556,
      0.39408944377788474,
      0.3940129621642773,
      0.39394342717040653,
      0.39388158161892056,
      0.3938282599874948,
      0.39378431680152093,
      0.3937504610589265,
      0.3937269203896398,
      0.39371283762392423,
      0.3937053441918011,
      0.3936984614988993,
      0.39368244175679834,
      0.3936447306662905,
      0.39357389513481766,
      0.39346749391587205,
      0.3933446489120813,
      0.3932557895687528
    ],
    [
      0.3943327297928653,
      0.3944517216075856,
      0.3946044813607405,
      0.39470642399937295,
      0.3947308387076749,
      0.3946960109763752,
      0.3946304125282601,
      0.39455434436706527,
      0.39447819767943915,
      0.39440604716377897,
      0.39433884513992706,
      0.39427627789690406,
      0.3942176684665197,
      0.3941623547874532,
      0.39410981397686146,
      0.3940596775357971,
      0.394011707974233,
      0.3939657680640904,
      0.39392179466600313,
      0.39387978039265237,
      0.39383976297133727,
      0.39380182126813545,
      0.39376607719094076,
      0.39373270354112894,
      0.39370193914259227,
      0.3936741140563553,
      0.393649688747585,
      0.39362930991814615,
      0.39361387849359414,
      0.3936046053878604,
      0.393602990110112,
      0.39361059301900225,
      0.3936284024044608,
      0.3936555893869805,
      0.39368764898763187,
      0.39371463697053183,
      0.3937218659810855,
      0.3936978028333142,
      0.39365034702060986,
      0.39361148609376456
    ],
    [
      0.3946685862202661,
      0.3946916580993441,
      0.3947157533343063,
      0.3947175920322968,
      0.3946893237446763,
      0.394637654099764,
      0.3945739964084196,
      0.39450722687183504,
      0.3944419725156703,
      0.3943798081000503,
      0.3943207998250239,
      0.39426450680139913,
      0.3942104585752727,
      0.3941583185639993,
      0.39410789950451636,
      0.3940591260128132,
      0.39401198905289303,
      0.39396650886944834,
      0.3939227094615034,
      0.39388060252479984,
      0.3938401778083736,
      0.3938013977359319,
      0.39376419590938677,
      0.39372848146304323,
      0.39369415427976084,
      0.39366113999399566,
      0.3936294583586573,
      0.3935993429009426,
      0.3935714309643909,
      0.39354703536179014,
      0.393528482208113,
      0.3935194412351998,
      0.39352507361293126,
      0.393551677663268,
