{
  "run_id": "20260305_132736",
  "condition": "F",
  "problem": "causeway_bridge",
  "timestamp": "2026-03-05T13:27:36.278078",
  "metrics": {
    "final_compliance": 1244.3716514748246,
    "topology_sparsity": 1.0,
    "grey_ratio": 1.0,
    "convergence_step": 1,
    "wall_time_s": 1.2349777221679688,
    "n_params": 29377,
    "n_steps": 5
  },
  "loss_history": [
    1256.1406968496594,
    1252.9178909578466,
    1249.8609022414594,
    1247.051456116595,
    1244.3716514748246
  ],
  "final_density": [
    [
      0.5095965266227722,
      0.5095967650413513,
      0.5095967650413513,
      0.5095967650413513,
      0.5095961093902588,
      0.5095954537391663,
      0.5095948576927185,
      0.5095943212509155,
      0.5095937848091125,
      0.5095931887626648,
      0.5095924139022827,
      0.509591281414032,
      0.5095894932746887,
      0.5095877051353455,
      0.509585976600647,
      0.5095841884613037,
      0.5095824003219604,
      0.5095803141593933,
      0.509578287601471,
      0.509576141834259,
      0.5095745325088501,
      0.5095728635787964,
      0.5095711946487427,
      0.5095696449279785,
      0.5095680952072144,
      0.5095670223236084,
      0.5095662474632263,
      0.5095651149749756,
      0.5095639824867249,
      0.5095629096031189,
      0.509562075138092,
      0.5095612406730652,
      0.5095605254173279,
      0.5095598697662354,
      0.5095595121383667,
      0.5095590353012085,
      0.5095584392547607,
      0.5095579028129578,
      0.5095574855804443,
      0.5095569491386414
    ],
    [
      0.5095968246459961,
      0.5095971822738647,
      0.5095973610877991,
      0.5095970630645752,
      0.5095966458320618,
      0.5095959901809692,
      0.5095952749252319,
      0.5095946788787842,
      0.5095941424369812,
      0.5095935463905334,
      0.5095929503440857,
      0.5095914602279663,
      0.5095898509025574,
      0.5095883011817932,
      0.5095862746238708,
      0.5095842480659485,
      0.5095821619033813,
      0.5095802545547485,
      0.5095787644386292,
      0.5095770955085754,
      0.5095755457878113,
      0.5095740556716919,
      0.509572446346283,
      0.5095712542533875,
      0.5095701217651367,
      0.5095693469047546,
      0.5095685720443726,
      0.5095676183700562,
      0.5095667839050293,
      0.5095659494400024,
      0.5095651745796204,
      0.5095643401145935,
      0.5095635652542114,
      0.5095628499984741,
      0.5095621943473816,
      0.5095617175102234,
      0.5095613598823547,
      0.5095609426498413,
      0.5095605254173279,
      0.5095601677894592
    ],
    [
      0.50959712266922,
      0.5095971822738647,
      0.5095971822738647,
      0.5095968842506409,
      0.509596586227417,
      0.5095962285995483,
      0.5095959901809692,
      0.5095956921577454,
      0.5095951557159424,
      0.5095942616462708,
      0.5095927119255066,
      0.5095908641815186,
      0.509588897228241,
      0.5095871090888977,
      0.5095853209495544,
      0.5095837712287903,
      0.5095831155776978,
      0.5095824003219604,
      0.5095815658569336,
      0.5095803141593933,
      0.5095791220664978,
      0.5095776915550232,
      0.509576141834259,
      0.509574830532074,
      0.5095736980438232,
      0.5095729827880859,
      0.5095720887184143,
      0.509570837020874,
      0.5095695853233337,
      0.5095683932304382,
      0.509567379951477,
      0.5095664262771606,
      0.5095656514167786,
      0.5095648169517517,
      0.5095640420913696,
      0.5095633864402771,
      0.5095627903938293,
      0.5095623731613159,
      0.5095619559288025,
      0.5095615983009338
    ],
    [
      0.5095987915992737,
      0.509598433971405,
      0.5095978379249573,
      0.50959712266922,
      0.5095964074134827,
      0.5095956325531006,
      0.5095952749252319,
      0.5095949172973633,
      0.5095945596694946,
      0.5095940232276917,
      0.5095929503440857,
      0.5095921754837036,
      0.5095913410186768,
      0.5095898509025574,
      0.5095890164375305,
      0.5095881819725037,
      0.5095874071121216,
      0.5095865726470947,
      0.5095856785774231,
      0.5095844268798828,
      0.5095829367637634,
      0.5095815062522888,
      0.5095800757408142,
      0.5095787048339844,
      0.5095775723457336,
      0.5095768570899963,
      0.5095756649971008,
      0.5095744132995605,
      0.5095731019973755,
      0.5095718502998352,
      0.5095705389976501,
      0.5095692276954651,
      0.5095679759979248,
      0.5095669627189636,
      0.5095660090446472,
      0.509564995765686,
      0.5095641016960144,
      0.5095633864402771,
      0.5095626711845398,
      0.5095619559288025
    ],
    [
      0.5096012353897095,
      0.5096006393432617,
      0.509600043296814,
      0.509599506855011,
      0.5095990896224976,
      0.5095984935760498,
      0.5095978379249573,
      0.50959712266922,
      0.5095964074134827,
      0.5095955729484558,
      0.5095948576927185,
      0.5095942616462708,
      0.509593665599823,
      0.50959312915802,
      0.5095924735069275,
      0.509591817855835,
      0.5095914006233215,
      0.5095906257629395,
      0.5095896124839783,
      0.5095881223678589,
      0.5095866918563843,
      0.5095852017402649,
      0.5095836520195007,
      0.5095823407173157,
      0.5095813274383545,
      0.5095803737640381,
      0.5095793604850769,
      0.5095780491828918,
      0.5095767378807068,
      0.509575366973877,
      0.5095740556716919,
      0.5095726847648621,
      0.509571373462677,
      0.5095700025558472,
      0.5095686912536621,
      0.509567379951477,
      0.5095661878585815,
      0.5095650553703308,
      0.5095639228820801,
      0.5095630288124084
    ],
    [
      0.509604811668396,
      0.5096044540405273,
      0.509604275226593,
      0.5096037983894348,
      0.5096033811569214,
      0.509602963924408,
      0.5096025466918945,
      0.5096020102500916,
      0.5096014738082886,
      0.5096006989479065,
      0.5095997452735901,
      0.5095989108085632,
      0.5095982551574707,
      0.5095975995063782,
      0.5095970034599304,
      0.5095963478088379,
      0.5095956921577454,
      0.5095947980880737,
      0.5095941424369812,
      0.5095933079719543,
      0.5095919966697693,
      0.5095904469490051,
      0.5095887780189514,
      0.509587287902832,
      0.509585976600647,
      0.509584903717041,
      0.5095836520195007,
      0.5095822215080261,
      0.5095809698104858,
      0.5095796585083008,
      0.5095783472061157,
      0.5095769762992859,
      0.5095756649971008,
      0.5095743536949158,
      0.5095730423927307,
      0.5095717310905457,
      0.5095704793930054,
      0.5095692873001099,
      0.5095681548118591,
      0.5095673203468323
    ],
    [
      0.5096060633659363,
      0.5096063613891602,
      0.509606659412384,
      0.5096068978309631,
      0.5096073150634766,
      0.5096077919006348,
      0.50960773229599,
      0.5096075534820557,
      0.5096068978309631,
      0.509606122970581,
      0.5096052289009094,
      0.5096043348312378,
      0.5096034407615662,
      0.5096025466918945,
      0.5096017122268677,
      0.5096008777618408,
      0.5095999240875244,
      0.509598970413208,
      0.509597897529602,
      0.5095967650413513,
      0.5095958709716797,
      0.5095949172973633,
      0.509593665599823,
      0.5095922946929932,
      0.5095909833908081,
      0.5095897316932678,
      0.5095886588096619,
      0.5095869302749634,
      0.5095851421356201,
      0.5095833539962769,
      0.5095818042755127,
      0.5095804333686829,
      0.509579062461853,
      0.5095776915550232,
      0.5095763206481934,
      0.5095751881599426,
      0.5095740556716919,
      0.5095728635787964,
      0.5095717906951904,
      0.5095709562301636
    ],
    [
      0.50960773229599,
      0.5096080899238586,
      0.5096083879470825,
      0.5096087455749512,
      0.509609043598175,
      0.5096096396446228,
