{
  "run_id": "20260305_132038",
  "condition": "G",
  "problem": "mbb_beam",
  "timestamp": "2026-03-05T13:20:38.582385",
  "metrics": {
    "final_compliance": 1491.15293579714,
    "topology_sparsity": 0.0,
    "grey_ratio": 1.0,
    "convergence_step": 1,
    "wall_time_s": 0.8476934432983398,
    "n_params": 16705,
    "n_steps": 5
  },
  "loss_history": [
    1511.492666026878,
    1507.7893580260727,
    1502.1043390617458,
    1496.6307513263125,
    1491.15293579714
  ],
  "final_density": [
    [
      0.47671961784362793,
      0.4769315719604492,
      0.47758257389068604,
      0.4781377911567688,
      0.47878265380859375,
      0.47934457659721375,
      0.47990748286247253,
      0.4805396795272827,
      0.4810391962528229,
      0.4815155267715454,
      0.48202335834503174,
      0.48190614581108093,
      0.48136046528816223,
      0.48059913516044617,
      0.48010891675949097,
      0.4797496497631073,
      0.4792484641075134,
      0.4789711534976959,
      0.4788181185722351,
      0.47873711585998535,
      0.4786876142024994,
      0.47849276661872864,
      0.47854724526405334,
      0.4789188802242279,
      0.4796689450740814,
      0.48033446073532104,
      0.4810698926448822,
      0.4816303551197052,
      0.4827435612678528,
      0.4835245907306671,
      0.4834487736225128,
      0.4831777811050415,
      0.4828067421913147,
      0.4822726547718048,
      0.48200246691703796,
      0.4819602072238922,
      0.48202112317085266,
      0.48208606243133545,
      0.48262447118759155,
      0.48292121291160583
    ],
    [
      0.4766731858253479,
      0.4770243763923645,
      0.477493017911911,
      0.47790753841400146,
      0.47792550921440125,
      0.4781031310558319,
      0.4786207675933838,
      0.47916513681411743,
      0.4795758128166199,
      0.47994840145111084,
      0.4803312122821808,
      0.48036399483680725,
      0.4797239303588867,
      0.4789797365665436,
      0.47872674465179443,
      0.47864019870758057,
      0.47833359241485596,
      0.477872371673584,
      0.47746792435646057,
      0.4771355092525482,
      0.4768840968608856,
      0.4767530858516693,
      0.47690802812576294,
      0.4772576093673706,
      0.477897584438324,
      0.4784054458141327,
      0.4787358045578003,
      0.47937554121017456,
      0.4796263873577118,
      0.4797770380973816,
      0.47994911670684814,
      0.4801097512245178,
      0.4800288677215576,
      0.4800775945186615,
      0.48071810603141785,
      0.48134493827819824,
      0.4818846881389618,
      0.48267123103141785,
      0.48308295011520386,
      0.48367244005203247
    ],
    [
      0.47653794288635254,
      0.47642043232917786,
      0.4766252338886261,
      0.4771116077899933,
      0.47759541869163513,
      0.47772324085235596,
      0.47795242071151733,
      0.4780958592891693,
      0.47817131876945496,
      0.4780215919017792,
      0.4783521294593811,
      0.4789718687534332,
      0.4791313111782074,
      0.47924453020095825,
      0.4791101813316345,
      0.478827565908432,
      0.47851336002349854,
      0.47843730449676514,
      0.4784873127937317,
      0.4785841107368469,
      0.47858312726020813,
      0.4784916937351227,
      0.4784279465675354,
      0.47862955927848816,
      0.47852814197540283,
      0.47911784052848816,
      0.4795520305633545,
      0.4798680543899536,
      0.480063259601593,
      0.4800369441509247,
      0.47997820377349854,
      0.4799922704696655,
      0.48013821244239807,
      0.4801928400993347,
      0.48018965125083923,
      0.4802197813987732,
      0.480506956577301,
      0.4816734492778778,
      0.482886403799057,
      0.4841419756412506
    ],
    [
      0.4773971140384674,
      0.477105975151062,
      0.4769657254219055,
      0.47735321521759033,
      0.4776219427585602,
      0.4776575267314911,
      0.4774115979671478,
      0.4771578013896942,
      0.4770033061504364,
      0.4773904085159302,
      0.4780096709728241,
      0.478672057390213,
      0.47924113273620605,
      0.47981753945350647,
      0.48031625151634216,
      0.4804825186729431,
      0.48037323355674744,
      0.48026302456855774,
      0.4800083041191101,
      0.47989484667778015,
      0.47995617985725403,
      0.48001787066459656,
      0.47981974482536316,
      0.4797077476978302,
      0.4797780215740204,
      0.4799816310405731,
      0.4801699221134186,
      0.48013371229171753,
      0.47993943095207214,
      0.47985363006591797,
      0.47976410388946533,
      0.479577898979187,
      0.4793888032436371,
      0.4792887270450592,
      0.4792236089706421,
      0.4795001745223999,
      0.480001837015152,
      0.48068153858184814,
      0.4817189872264862,
      0.4829445779323578
    ],
    [
      0.47633981704711914,
      0.47627609968185425,
      0.4762706458568573,
      0.4762779474258423,
      0.47675082087516785,
      0.4771103858947754,
      0.4779609143733978,
      0.47808152437210083,
      0.47780442237854004,
      0.4778427481651306,
      0.4782852232456207,
      0.47891509532928467,
      0.4795253872871399,
      0.4800153374671936,
      0.4802877604961395,
      0.48046931624412537,
      0.4806555211544037,
      0.48070940375328064,
      0.48057568073272705,
      0.4800136983394623,
      0.4792468249797821,
      0.47832775115966797,
      0.47804057598114014,
      0.47828662395477295,
      0.4784835875034332,
      0.4785103499889374,
      0.47832322120666504,
      0.47815147042274475,
      0.4779510498046875,
      0.4781038761138916,
      0.4785269498825073,
      0.4790520668029785,
      0.478946715593338,
      0.4789457321166992,
      0.4793187379837036,
      0.48000386357307434,
      0.480721652507782,
      0.48157772421836853,
      0.4827222228050232,
      0.4841977655887604
    ],
    [
      0.4779914319515228,
      0.47787144780158997,
      0.4776594638824463,
      0.47792714834213257,
      0.47836431860923767,
      0.4784095883369446,
      0.4783526360988617,
      0.4783168435096741,
      0.47815337777137756,
      0.4783979058265686,
      0.47889137268066406,
      0.47955751419067383,
      0.4801533818244934,
      0.4806768000125885,
      0.48095905780792236,
      0.4810514450073242,
      0.4810730814933777,
      0.4808235764503479,
      0.4803290069103241,
      0.4798233211040497,
      0.4792923331260681,
      0.47902795672416687,
      0.4787454307079315,
      0.4785010814666748,
      0.4779668152332306,
      0.47748884558677673,
      0.4771016836166382,
      0.47694575786590576,
      0.4772689938545227,
      0.4777325987815857,
      0.47836196422576904,
      0.47885310649871826,
      0.4793506860733032,
      0.47964197397232056,
      0.48004478216171265,
      0.4805695116519928,
      0.4811743497848511,
      0.48231369256973267,
      0.4835321009159088,
      0.48468801379203796
    ],
    [
      0.4810901880264282,
      0.4808513820171356,
      0.48040932416915894,
      0.4801451861858368,
      0.48025354743003845,
      0.4803488254547119,
      0.480422705411911,
      0.4804411828517914,
      0.4807077646255493,
      0.48093417286872864,
      0.481061726808548,
      0.48111578822135925,
      0.48146316409111023,
      0.48171642422676086,
      0.48160338401794434,
      0.48148781061172485,
      0.48135459423065186,
      0.48094356060028076,
      0.48037028312683105,
      0.479641854763031,
      0.478644460439682,
      0.4780298173427582,
      0.477600634098053,
      0.47731396555900574,
      0.4767853915691376,
      0.47638216614723206,
      0.47619491815567017,
      0.4759632647037506,
      0.4759673774242401,
      0.47620540857315063,
      0.4764670729637146,
      0.4766920804977417,
      0.47702473402023315,
      0.4775695204734802,
      0.4781988263130188,
      0.47891536355018616,
      0.4799100458621979,
      0.4809303283691406,
      0.481613427400589,
      0.4822307825088501
    ],
    [
      0.48231691122055054,
