{
  "run_id": "20260305_132044",
  "condition": "K",
  "problem": "multistory_building",
  "timestamp": "2026-03-05T13:20:44.924152",
  "metrics": {
    "final_compliance": 351.0651261992192,
    "topology_sparsity": 0.6958333333333333,
    "grey_ratio": 0.7083333333333334,
    "convergence_step": 4,
    "wall_time_s": 0.2525448799133301,
    "n_params": 755297,
    "n_steps": 5
  },
  "loss_history": [
    659.0107289986161,
    606.6439185331067,
    435.6243239997079,
    383.43665581371636,
    351.0651261992192
  ],
  "final_density": [
    [
      0.9104121923446655,
      0.9193181395530701,
      0.9204428791999817,
      0.9325878620147705,
      0.897831380367279,
      0.9174874424934387,
      0.9207645654678345,
      0.9363553524017334,
      0.9047886729240417,
      0.9266814589500427,
      0.9293767213821411,
      0.9439168572425842,
      0.9103049039840698,
      0.9318333268165588,
      0.9323004484176636,
      0.9484542012214661,
      0.9135530591011047,
      0.9438531398773193,
      0.9450878500938416,
      0.9601027965545654,
      0.9139676690101624,
      0.9415438771247864,
      0.9400357007980347,
      0.9577683210372925,
      0.9089234471321106,
      0.9426867365837097,
      0.9447277188301086,
      0.9602067470550537,
      0.9106694459915161,
      0.936125636100769,
      0.9356231093406677,
      0.9537655115127563,
      0.900014340877533,
      0.9300563335418701,
      0.9302991628646851,
      0.9442062973976135,
      0.8665387630462646,
      0.8708441853523254,
      0.8722550868988037,
      0.9176806807518005
    ],
    [
      0.8888278603553772,
      0.8756091594696045,
      0.8888508081436157,
      0.8990297913551331,
      0.8720362782478333,
      0.8780571818351746,
      0.8884528875350952,
      0.8998139500617981,
      0.8679478168487549,
      0.8747406601905823,
      0.8908596634864807,
      0.9092299342155457,
      0.8857521414756775,
      0.8910385966300964,
      0.8830624222755432,
      0.8968799710273743,
      0.848358690738678,
      0.8683381676673889,
      0.859006404876709,
      0.882679283618927,
      0.8136724233627319,
      0.8365222811698914,
      0.830406904220581,
      0.8805133700370789,
      0.788534939289093,
      0.8321822881698608,
      0.8279939293861389,
      0.8677213788032532,
      0.7616487145423889,
      0.7909641265869141,
      0.7979860305786133,
      0.8726919293403625,
      0.7815471887588501,
      0.8134762644767761,
      0.8052739500999451,
      0.8220158219337463,
      0.6578785181045532,
      0.6378464102745056,
      0.6967796087265015,
      0.8557152152061462
    ],
    [
      0.8565717339515686,
      0.7826622128486633,
      0.7785367369651794,
      0.7914901971817017,
      0.7749950289726257,
      0.7651999592781067,
      0.7722191214561462,
      0.7869347333908081,
      0.7437819242477417,
      0.7038072347640991,
      0.6976914405822754,
      0.7244797348976135,
      0.6898592710494995,
      0.6255122423171997,
      0.6143617630004883,
      0.5882949829101562,
      0.5239744186401367,
      0.47908735275268555,
      0.5023869872093201,
      0.5616556406021118,
      0.44919413328170776,
      0.48034462332725525,
      0.5038933157920837,
      0.5803656578063965,
      0.46008729934692383,
      0.48175427317619324,
      0.4674866199493408,
      0.5706354975700378,
      0.44295185804367065,
      0.47966840863227844,
      0.485919713973999,
      0.5746064782142639,
      0.46122434735298157,
      0.4820432960987091,
      0.47793999314308167,
      0.571018397808075,
      0.4447806775569916,
      0.4696670174598694,
      0.4453628957271576,
      0.7238902449607849
    ],
    [
      0.7952163219451904,
      0.5687474608421326,
      0.6708299517631531,
      0.6124299168586731,
      0.5975591540336609,
      0.4825271964073181,
      0.6190522909164429,
      0.5718006491661072,
      0.547111451625824,
      0.41416361927986145,
      0.546940803527832,
      0.4855877459049225,
      0.4805971086025238,
      0.3504966199398041,
      0.5145102739334106,
      0.37378400564193726,
      0.48048460483551025,
      0.2821176052093506,
      0.5684698224067688,
      0.3563014268875122,
      0.5005625486373901,
      0.2504911422729492,
      0.596401572227478,
      0.35065263509750366,
      0.5121110677719116,
      0.2537591755390167,
      0.5917410254478455,
      0.3459906280040741,
      0.5048156380653381,
      0.2550315856933594,
      0.5856351852416992,
      0.3576391041278839,
      0.507525622844696,
      0.27052202820777893,
      0.5823327898979187,
      0.3632584810256958,
      0.4937702715396881,
      0.31382322311401367,
      0.510574996471405,
      0.6385316848754883
    ],
    [
      0.7560505270957947,
      0.6367696523666382,
      0.5733660459518433,
      0.6227911710739136,
      0.44422900676727295,
      0.5365499258041382,
      0.5021176934242249,
      0.5986960530281067,
      0.42315638065338135,
      0.5158807039260864,
      0.46011027693748474,
      0.5213067531585693,
      0.3805726170539856,
      0.47103169560432434,
      0.3626660108566284,
      0.4462684392929077,
      0.3235420882701874,
      0.47456246614456177,
      0.3287211060523987,
      0.4458449184894562,
      0.28242582082748413,
      0.4815223217010498,
      0.291635662317276,
      0.45009124279022217,
      0.2625604569911957,
      0.48547816276550293,
      0.3022501468658447,
      0.45273280143737793,
      0.2801012694835663,
      0.4786420464515686,
      0.29412123560905457,
      0.45377254486083984,
      0.27316048741340637,
      0.48248207569122314,
      0.30788010358810425,
      0.44826921820640564,
      0.2985634207725525,
      0.4680485725402832,
      0.3351738452911377,
      0.686233401298523
    ],
    [
      0.8073884844779968,
      0.7367650270462036,
      0.7715123295783997,
      0.764559805393219,
      0.6614532470703125,
      0.6433467864990234,
      0.716708242893219,
      0.7330090403556824,
      0.6138616800308228,
      0.6139017939567566,
      0.6968227028846741,
      0.7178263068199158,
      0.5560249090194702,
      0.5330560207366943,
      0.6142087578773499,
      0.6681956648826599,
      0.5482842326164246,
      0.5897466540336609,
      0.6890032887458801,
      0.7414196729660034,
      0.5545327663421631,
      0.5189947485923767,
      0.6652736067771912,
      0.7831307053565979,
      0.5827630162239075,
      0.6118748784065247,
      0.7240094542503357,
      0.7966688871383667,
      0.555803656578064,
      0.517297625541687,
      0.660545289516449,
      0.7952548265457153,
      0.5871634483337402,
      0.5907816886901855,
      0.6951420307159424,
      0.7587490677833557,
      0.5358121395111084,
      0.46075236797332764,
      0.589052677154541,
      0.8862394094467163
    ],
    [
      0.7857818007469177,
      0.6205953359603882,
      0.6138867735862732,
      0.6232441067695618,
      0.5668255090713501,
      0.5470330715179443,
      0.572502613067627,
      0.5978098511695862,
      0.500619649887085,
      0.4728536903858185,
      0.48689496517181396,
      0.5279530882835388,
      0.44793960452079773,
      0.4865886867046356,
      0.5401842594146729,
      0.5534578561782837,
      0.475508451461792,
      0.5088984370231628,
      0.5676400661468506,
      0.5926792621612549,
      0.4685112237930298,
      0.5160873532295227,
      0.5707135200500488,
      0.6087644696235657,
      0.5155206918716431,
      0.5112830400466919,
      0.5638567805290222,
      0.6215294599533081,
      0.47107285261154175,
      0.514326810836792,
      0.5581467151641846,
      0.610771656036377,
      0.5262013673782349,
      0.5014044642448425,
      0.5493477582931519,
      0.6150863766670227,
      0.4624476134777069,
      0.4793499708175659,
      0.47433528304100037,
      0.8263972401618958
    ],
    [
      0.7147543430328369,
      0.41815516352653503,
