{
  "run_id": "20260305_132040",
  "condition": "G",
  "problem": "causeway_bridge",
  "timestamp": "2026-03-05T13:20:40.337469",
  "metrics": {
    "final_compliance": 1576.4244286933197,
    "topology_sparsity": 0.0,
    "grey_ratio": 1.0,
    "convergence_step": 1,
    "wall_time_s": 0.8723351955413818,
    "n_params": 16705,
    "n_steps": 5
  },
  "loss_history": [
    1602.3627987174036,
    1598.3110121663528,
    1592.5481560008457,
    1584.291080048461,
    1576.4244286933197
  ],
  "final_density": [
    [
      0.46901199221611023,
      0.46943584084510803,
      0.469696581363678,
      0.46977710723876953,
      0.46991991996765137,
      0.47018489241600037,
      0.47039827704429626,
      0.4705662727355957,
      0.470527321100235,
      0.47034886479377747,
      0.4702571630477905,
      0.4701073169708252,
      0.4702370762825012,
      0.4704822301864624,
      0.4705529808998108,
      0.4707272946834564,
      0.470956951379776,
      0.4710293710231781,
      0.47088053822517395,
      0.47078436613082886,
      0.47077322006225586,
      0.4703720808029175,
      0.46994706988334656,
      0.469162255525589,
      0.46826374530792236,
      0.4675121605396271,
      0.4672785997390747,
      0.466927170753479,
      0.46679118275642395,
      0.46668896079063416,
      0.4670717716217041,
      0.46727871894836426,
      0.4676513373851776,
      0.4678910970687866,
      0.4680313467979431,
      0.4680202603340149,
      0.46789631247520447,
      0.46750861406326294,
      0.467295378446579,
      0.46735551953315735
    ],
    [
      0.468589723110199,
      0.46880409121513367,
      0.46908366680145264,
      0.46942049264907837,
      0.4694264829158783,
      0.46937936544418335,
      0.46921074390411377,
      0.4690585732460022,
      0.4688056707382202,
      0.46860259771347046,
      0.4686426520347595,
      0.4688510000705719,
      0.46901777386665344,
      0.46890267729759216,
      0.4691670835018158,
      0.46931833028793335,
      0.46929043531417847,
      0.46911120414733887,
      0.46864914894104004,
      0.4682922065258026,
      0.46801984310150146,
      0.46763724088668823,
      0.4669414162635803,
      0.46639755368232727,
      0.46599432826042175,
      0.4661875069141388,
      0.4665357172489166,
      0.4668896794319153,
      0.46713975071907043,
      0.467752605676651,
      0.46806466579437256,
      0.4683457314968109,
      0.46851062774658203,
      0.46849796175956726,
      0.4687815010547638,
      0.4690682291984558,
      0.46915626525878906,
      0.4691871404647827,
      0.469705194234848,
      0.47070440649986267
    ],
    [
      0.4691848158836365,
      0.4691202640533447,
      0.4692469835281372,
      0.4692661762237549,
      0.46905240416526794,
      0.46865224838256836,
      0.46822163462638855,
      0.4680173397064209,
      0.46798408031463623,
      0.46776407957077026,
      0.4674006700515747,
      0.4673525393009186,
      0.4676460027694702,
      0.4681139290332794,
      0.4686073660850525,
      0.46886587142944336,
      0.4690861105918884,
      0.4691500663757324,
      0.46888700127601624,
      0.4684125781059265,
      0.46806100010871887,
      0.4676955044269562,
      0.4671710133552551,
      0.4668688476085663,
      0.4668571650981903,
      0.467124342918396,
      0.4671359658241272,
      0.46730703115463257,
      0.46792179346084595,
      0.4688376486301422,
      0.4695458710193634,
      0.46954345703125,
      0.4692680835723877,
      0.46919721364974976,
      0.46908366680145264,
      0.4689919054508209,
      0.4690663814544678,
      0.4697278141975403,
      0.4707106053829193,
      0.47195109724998474
    ],
    [
      0.46922439336776733,
      0.46865469217300415,
      0.4684912860393524,
      0.4685852825641632,
      0.46866118907928467,
      0.4686165750026703,
      0.468330979347229,
      0.46780630946159363,
      0.46705731749534607,
      0.4665583074092865,
      0.46620264649391174,
      0.46609458327293396,
      0.46648600697517395,
      0.46736764907836914,
      0.46832790970802307,
      0.46907663345336914,
      0.469748854637146,
      0.4705398678779602,
      0.4705880284309387,
      0.4702715575695038,
      0.47016146779060364,
      0.47002944350242615,
      0.4697053134441376,
      0.4693778455257416,
      0.46903088688850403,
      0.4690471589565277,
      0.4692910611629486,
      0.469523161649704,
      0.46958041191101074,
      0.46931949257850647,
      0.4691334366798401,
      0.4693964421749115,
      0.46957889199256897,
      0.46923699975013733,
      0.46876007318496704,
      0.46826374530792236,
      0.46809324622154236,
      0.4683050513267517,
      0.46921011805534363,
      0.4703717529773712
    ],
    [
      0.46883532404899597,
      0.4690566956996918,
      0.4694238007068634,
      0.4696199595928192,
      0.4694729745388031,
      0.4690932035446167,
      0.46849849820137024,
      0.4676516354084015,
      0.4668826758861542,
      0.4664377272129059,
      0.46651723980903625,
      0.4669780731201172,
      0.46785926818847656,
      0.4686146080493927,
      0.4692722260951996,
      0.4699038565158844,
      0.47061887383461,
      0.4712856709957123,
      0.4714110195636749,
      0.47163134813308716,
      0.47157585620880127,
      0.4714422821998596,
      0.47125062346458435,
      0.470880389213562,
      0.4703962802886963,
      0.4699712097644806,
      0.4698284864425659,
      0.4694279432296753,
      0.4690798819065094,
      0.46885791420936584,
      0.46852633357048035,
      0.468301385641098,
      0.46825534105300903,
      0.46826303005218506,
      0.46823760867118835,
      0.4684724509716034,
      0.46865835785865784,
      0.4688229560852051,
      0.46913963556289673,
      0.4697248637676239
    ],
    [
      0.46916404366493225,
      0.4695529639720917,
      0.4695711135864258,
      0.46941858530044556,
      0.46919259428977966,
      0.4690002501010895,
      0.46855565905570984,
      0.46819794178009033,
      0.4678284823894501,
      0.46749231219291687,
      0.4675743877887726,
      0.46779903769493103,
      0.4685108959674835,
      0.46929773688316345,
      0.46989157795906067,
      0.4702984392642975,
      0.470455527305603,
      0.47089719772338867,
      0.4709738790988922,
      0.4713570773601532,
      0.47167128324508667,
      0.47183898091316223,
      0.47167351841926575,
      0.47123104333877563,
      0.4709049165248871,
      0.47035372257232666,
      0.4699331223964691,
      0.4695296883583069,
      0.4692431390285492,
      0.46886005997657776,
      0.468634694814682,
      0.46831536293029785,
      0.4677830934524536,
      0.4672781825065613,
      0.46697998046875,
      0.46710219979286194,
      0.46751347184181213,
      0.4679708778858185,
      0.4683097004890442,
      0.4686993360519409
    ],
    [
      0.47071340680122375,
      0.4710634648799896,
      0.47108325362205505,
      0.47084951400756836,
      0.47058993577957153,
      0.47037017345428467,
      0.4700290262699127,
      0.4694747030735016,
      0.46890997886657715,
      0.4684689939022064,
      0.4685475826263428,
      0.46898746490478516,
      0.4694897532463074,
      0.46971479058265686,
      0.4698372781276703,
      0.46988633275032043,
      0.46988406777381897,
      0.46958309412002563,
      0.46960127353668213,
      0.46969032287597656,
      0.46973055601119995,
      0.4692471921443939,
      0.4689367115497589,
      0.46890494227409363,
      0.468881756067276,
      0.4689144790172577,
      0.4689505398273468,
      0.46884459257125854,
      0.4686241149902344,
      0.4686155319213867,
      0.4685850739479065,
      0.46832001209259033,
      0.46809619665145874,
      0.4678247272968292,
      0.46744754910469055,
      0.4675982594490051,
      0.468046635389328,
      0.46863657236099243,
      0.46935975551605225,
      0.4699214994907379
    ],
    [
