{
  "run_id": "20260305_132743",
  "condition": "L",
  "problem": "mbb_beam",
  "timestamp": "2026-03-05T13:27:43.631937",
  "metrics": {
    "final_compliance": 742.3847234534223,
    "topology_sparsity": 0.9145833333333333,
    "grey_ratio": 0.99375,
    "convergence_step": 1,
    "wall_time_s": 0.1976168155670166,
    "n_params": 480,
    "n_steps": 5
  },
  "loss_history": [
    755.4374281923565,
    752.0372680345752,
    748.7403890499763,
    745.507871071443,
    742.3847234534223
  ],
  "final_density": [
    [
      0.5487455725669861,
      0.5645848512649536,
      0.5971143841743469,
      0.677828311920166,
      0.6139324307441711,
      0.4053873121738434,
      0.606554388999939,
      0.5485486388206482,
      0.6287028789520264,
      0.5733324885368347,
      0.5582584738731384,
      0.6471814513206482,
      0.6214399337768555,
      0.5569014549255371,
      0.6361879110336304,
      0.7215468287467957,
      0.5506851077079773,
      0.5739238262176514,
      0.555443286895752,
      0.6551133990287781,
      0.6571450233459473,
      0.5924041271209717,
      0.5203022956848145,
      0.5367746949195862,
      0.5449153780937195,
      0.5779144763946533,
      0.6004626154899597,
      0.7588047981262207,
      0.679532527923584,
      0.5636574029922485,
      0.49353498220443726,
      0.5931531190872192,
      0.5620730519294739,
      0.6161277294158936,
      0.6591463088989258,
      0.6594932675361633,
      0.6415994763374329,
      0.54277104139328,
      0.5679962038993835,
      0.6248170137405396
    ],
    [
      0.5565465092658997,
      0.6383646726608276,
      0.6614996194839478,
      0.5510555505752563,
      0.6150889992713928,
      0.5909474492073059,
      0.5580165386199951,
      0.615183413028717,
      0.5690011978149414,
      0.5779487490653992,
      0.574598491191864,
      0.6058767437934875,
      0.6099272966384888,
      0.5750359892845154,
      0.6896398067474365,
      0.6496595144271851,
      0.6117618083953857,
      0.4959649443626404,
      0.6325562596321106,
      0.6468380093574524,
      0.5385745167732239,
      0.5031921863555908,
      0.5893071889877319,
      0.5311776399612427,
      0.6101533770561218,
      0.6259480714797974,
      0.6585590243339539,
      0.6403548121452332,
      0.5562599301338196,
      0.5728143453598022,
      0.5571439862251282,
      0.6365444660186768,
      0.6673324108123779,
      0.6025551557540894,
      0.5798473358154297,
      0.665386438369751,
      0.5120468139648438,
      0.6340577602386475,
      0.6341574192047119,
      0.5606088042259216
    ],
    [
      0.5847032070159912,
      0.5310375690460205,
      0.7206845283508301,
      0.7489182353019714,
      0.7490516304969788,
      0.6124128103256226,
      0.7464947700500488,
      0.5797712206840515,
      0.6132657527923584,
      0.6366365551948547,
      0.6006417870521545,
      0.5496640205383301,
      0.6245758533477783,
      0.5580263733863831,
      0.4466717541217804,
      0.5727895498275757,
      0.6053796410560608,
      0.5910832285881042,
      0.5828605890274048,
      0.49709078669548035,
      0.7040049433708191,
      0.6582410335540771,
      0.6181962490081787,
      0.5441856980323792,
      0.4919578731060028,
      0.43175333738327026,
      0.685836136341095,
      0.6055740714073181,
      0.5854273438453674,
      0.5369136333465576,
      0.5912731289863586,
      0.6181603670120239,
      0.5603400468826294,
      0.4796552360057831,
      0.7388768792152405,
      0.5515028238296509,
      0.49614986777305603,
      0.5507146120071411,
      0.6028584837913513,
      0.5913417339324951
    ],
    [
      0.5922453999519348,
      0.7011112570762634,
      0.6099641919136047,
      0.6915643811225891,
      0.5633140206336975,
      0.749127209186554,
      0.562187910079956,
      0.6827657222747803,
      0.5814023017883301,
      0.5672090649604797,
      0.7004623413085938,
      0.5737884044647217,
      0.633773148059845,
      0.6730479001998901,
      0.523081362247467,
      0.7310988903045654,
      0.5811269283294678,
      0.7098454236984253,
      0.5490444302558899,
      0.5679532885551453,
      0.7433904409408569,
      0.70393967628479,
      0.38880154490470886,
      0.5159200429916382,
      0.55323725938797,
      0.6424873471260071,
      0.5151117444038391,
      0.7153779864311218,
      0.4876992106437683,
      0.628094494342804,
      0.6294801235198975,
      0.6148093938827515,
      0.604187548160553,
      0.6305720806121826,
      0.5111797451972961,
      0.6954041123390198,
      0.6636929512023926,
      0.5658143162727356,
      0.44290691614151,
      0.4900205135345459
    ],
    [
      0.5826342701911926,
      0.5127213001251221,
      0.6054643392562866,
      0.5776752829551697,
      0.6800498366355896,
      0.4757799804210663,
      0.5999625325202942,
      0.695925235748291,
      0.7223190665245056,
      0.6570379137992859,
      0.6627066731452942,
      0.5531436800956726,
      0.5962710976600647,
      0.6022284626960754,
      0.5863499045372009,
      0.39182940125465393,
      0.6128494143486023,
      0.576675534248352,
      0.5377234220504761,
      0.7456582188606262,
      0.6674954891204834,
      0.5189078450202942,
      0.7200438380241394,
      0.595629096031189,
      0.5280315279960632,
      0.46015918254852295,
      0.5965797305107117,
      0.7758600115776062,
      0.5072364211082458,
      0.45271676778793335,
      0.5179861187934875,
      0.5762538313865662,
      0.6208692193031311,
      0.5278976559638977,
      0.6031999588012695,
      0.6513449549674988,
      0.4229027330875397,
      0.5688920617103577,
      0.6959106922149658,
      0.6360389590263367
    ],
    [
      0.5988497138023376,
      0.6145655512809753,
      0.6538920998573303,
      0.6957945227622986,
      0.47273382544517517,
      0.6493810415267944,
      0.49591460824012756,
      0.5530851483345032,
      0.425197571516037,
      0.8324739933013916,
      0.7248647212982178,
      0.6503408551216125,
      0.61198890209198,
      0.626789391040802,
      0.5452137589454651,
      0.6603184342384338,
      0.5643153190612793,
      0.5773264169692993,
      0.585142195224762,
      0.6147116422653198,
      0.581364095211029,
      0.6668984889984131,
      0.5733575224876404,
      0.6643723249435425,
      0.5618458390235901,
      0.6290144920349121,
      0.565315842628479,
      0.6237203478813171,
      0.4921071529388428,
      0.5907843112945557,
      0.6280984878540039,
      0.5114059448242188,
      0.5503130555152893,
      0.6046704053878784,
      0.6730095744132996,
      0.6144057512283325,
      0.6048412322998047,
      0.6143856048583984,
      0.47076401114463806,
      0.6368197798728943
    ],
    [
      0.5633893609046936,
      0.5496692061424255,
      0.6510944366455078,
      0.5882312059402466,
      0.8248409628868103,
      0.6175287365913391,
      0.5912508368492126,
      0.4607837200164795,
      0.7374286651611328,
      0.421740859746933,
      0.8119533061981201,
      0.5856480002403259,
      0.5816555023193359,
      0.5415375828742981,
      0.5947098135948181,
      0.6868656873703003,
      0.6862232685089111,
      0.6708323955535889,
      0.675419270992279,
      0.6583755612373352,
      0.6394323110580444,
      0.5496150255203247,
      0.6234287619590759,
      0.7555325031280518,
      0.5332658290863037,
      0.48365259170532227,
      0.6751200556755066,
      0.5447084903717041,
      0.5432974100112915,
      0.5391303896903992,
      0.597036600112915,
      0.5524154901504517,
      0.692221462726593,
      0.6465062499046326,
      0.6091647744178772,
      0.6309258937835693,
      0.5446391105651855,
      0.6403936147689819,
      0.6798915863037109,
      0.5022386908531189
    ],
    [
      0.5653747916221619,
      0.6986754536628723,
      0.7146890163421631,
      0.5651635527610779,
      0.7257155179977417,
