{
  "run_id": "20260305_132728",
  "condition": "C",
  "problem": "mbb_beam",
  "timestamp": "2026-03-05T13:27:28.423841",
  "metrics": {
    "final_compliance": 234.59329458879193,
    "topology_sparsity": 0.6958333333333333,
    "grey_ratio": 0.020833333333333332,
    "convergence_step": 2,
    "wall_time_s": 1.3012681007385254,
    "n_params": 480,
    "n_steps": 5
  },
  "loss_history": [
    258.5949133204315,
    238.23917950348044,
    234.43030519695736,
    234.7476526238658,
    234.59329458879193
  ],
  "final_density": [
    [
      1.0,
      1.0,
      1.0,
      1.0,
      1.0,
      1.0,
      1.0,
      1.0,
      1.0,
      1.0,
      1.0,
      1.0,
      1.0,
      1.0,
      1.0,
      1.0,
      1.0,
      1.0,
      1.0,
      1.0,
      1.0,
      1.0,
      1.0,
      1.0,
      1.0,
      1.0,
      1.0,
      1.0,
      1.0,
      1.0,
      0.0010000000474974513,
      0.0010000000474974513,
      0.0010000000474974513,
      0.0010000000474974513,
      0.0010000000474974513,
      0.0010000000474974513,
      0.0010000000474974513,
      0.0010000000474974513,
      0.0010000000474974513,
      0.0010000000474974513
    ],
    [
      1.0,
      1.0,
      1.0,
      1.0,
      1.0,
      1.0,
      1.0,
      1.0,
      1.0,
      1.0,
      1.0,
      1.0,
      1.0,
      1.0,
      1.0,
      1.0,
      1.0,
      1.0,
      1.0,
      1.0,
      1.0,
      1.0,
      1.0,
      1.0,
      1.0,
      1.0,
      1.0,
      1.0,
      1.0,
      1.0,
      1.0,
      0.0010000000474974513,
      0.2152533382177353,
      0.0010000000474974513,
      0.0010000000474974513,
      0.0010000000474974513,
      0.0010000000474974513,
      0.0010000000474974513,
      0.0010000000474974513,
      0.0010000000474974513
    ],
    [
      1.0,
      1.0,
      1.0,
      1.0,
      1.0,
      1.0,
      1.0,
      1.0,
      1.0,
      1.0,
      1.0,
      1.0,
      1.0,
      1.0,
      1.0,
      1.0,
      1.0,
      1.0,
      1.0,
      1.0,
      0.5530025362968445,
      1.0,
      1.0,
      1.0,
      1.0,
      0.0010000000474974513,
      0.0010000000474974513,
      1.0,
      1.0,
      1.0,
      1.0,
      1.0,
      1.0,
      0.0010000000474974513,
      1.0,
      0.0010000000474974513,
      0.0010000000474974513,
      0.0010000000474974513,
      0.0010000000474974513,
      0.0010000000474974513
    ],
    [
      1.0,
      1.0,
      1.0,
      1.0,
      1.0,
      1.0,
      1.0,
      1.0,
      1.0,
      1.0,
      1.0,
      1.0,
      1.0,
      1.0,
      0.0010000000474974513,
      0.0010000000474974513,
      1.0,
      0.0010000000474974513,
      1.0,
      0.0010000000474974513,
      0.0010000000474974513,
      1.0,
      0.0010000000474974513,
      0.0010000000474974513,
      1.0,
      0.0010000000474974513,
      1.0,
      1.0,
      0.0010000000474974513,
      1.0,
      1.0,
      1.0,
      1.0,
      1.0,
      1.0,
      0.0010000000474974513,
      0.0010000000474974513,
      0.0010000000474974513,
      0.0010000000474974513,
      0.0010000000474974513
    ],
    [
      0.0010000000474974513,
      1.0,
      0.0010000000474974513,
      0.0010000000474974513,
      1.0,
      0.0010000000474974513,
      1.0,
      0.0010000000474974513,
      0.0010000000474974513,
      1.0,
      1.0,
      0.0010000000474974513,
      1.0,
      0.0010000000474974513,
      1.0,
      1.0,
      1.0,
      0.0010000000474974513,
      1.0,
      1.0,
      0.0010000000474974513,
      0.0010000000474974513,
      0.0010000000474974513,
      0.0010000000474974513,
      1.0,
      1.0,
      0.0010000000474974513,
      0.0010000000474974513,
      0.0010000000474974513,
      0.0010000000474974513,
      1.0,
      1.0,
      1.0,
      1.0,
      1.0,
      1.0,
      1.0,
      0.0010000000474974513,
      0.0010000000474974513,
      0.0010000000474974513
    ],
    [
      1.0,
      0.0010000000474974513,
      0.0010000000474974513,
      1.0,
      0.0010000000474974513,
      1.0,
      1.0,
      1.0,
      1.0,
      0.0010000000474974513,
      0.0010000000474974513,
      1.0,
      0.0010000000474974513,
      1.0,
      0.0010000000474974513,
      0.0010000000474974513,
      1.0,
      0.0010000000474974513,
      0.0010000000474974513,
      1.0,
      1.0,
      1.0,
      1.0,
      1.0,
      0.0010000000474974513,
      1.0,
      0.0010000000474974513,
      0.020751845091581345,
      1.0,
      0.0010000000474974513,
      1.0,
      0.0010000000474974513,
      0.0010000000474974513,
      1.0,
      1.0,
      1.0,
      1.0,
      0.0010000000474974513,
      0.0010000000474974513,
      0.0010000000474974513
    ],
    [
      0.0010000000474974513,
      0.0010000000474974513,
      0.0010000000474974513,
      0.0010000000474974513,
      0.0010000000474974513,
      0.0010000000474974513,
      0.0010000000474974513,
      1.0,
      0.0010000000474974513,
      1.0,
      1.0,
      0.0010000000474974513,
      0.0010000000474974513,
      1.0,
      1.0,
      0.7646574974060059,
      1.0,
      1.0,
      0.5279504656791687,
      1.0,
      0.0010000000474974513,
      0.0010000000474974513,
      0.0010000000474974513,
      1.0,
      1.0,
      0.0010000000474974513,
      0.0010000000474974513,
      1.0,
      1.0,
      0.0010000000474974513,
      0.0010000000474974513,
      0.41524866223335266,
      1.0,
      0.0010000000474974513,
      0.0010000000474974513,
      1.0,
      1.0,
      1.0,
      1.0,
      1.0
    ],
    [
      0.0010000000474974513,
      1.0,
      1.0,
      1.0,
      1.0,
      1.0,
      1.0,
      0.0010000000474974513,
      0.0010000000474974513,
      0.0010000000474974513,
      0.0010000000474974513,
      0.0010000000474974513,
      0.6405575275421143,
      1.0,
      1.0,
      1.0,
      0.0010000000474974513,
      0.0010000000474974513,
      0.0010000000474974513,
      0.0010000000474974513,
      1.0,
      1.0,
      1.0,
      0.8614183664321899,
      0.0010000000474974513,
      1.0,
      1.0,
      0.0010000000474974513,
      0.0010000000474974513,
      1.0,
      1.0,
      0.0010000000474974513,
      0.0010000000474974513,
      1.0,
      0.0010000000474974513,
      1.0,
      1.0,
      1.0,
      0.0010000000474974513,
      1.0
    ],
    [
      1.0,
      1.0,
      1.0,
      1.0,
      1.0,
      1.0,
      1.0,
      1.0,
      1.0,
      1.0,
      1.0,
      1.0,
      1.0,
      1.0,
      0.0010000000474974513,
      1.0,
      0.0010000000474974513,
      0.0010000000474974513,
      1.0,
      1.0,
      1.0,
      0.0010000000474974513,
      1.0,
      0.0010000000474974513,
      0.0010000000474974513,
      0.0010000000474974513,
      0.0010000000474974513,
      0.0010000000474974513,
      1.0,
      0.0010000000474974513,
      0.3743528127670288,
      0.0010000000474974513,
      0.0010000000474974513,
      0.4466939866542816,
      0.0010000000474974513,
      0.0010000000474974513,
      1.0,
      0.0010000000474974513,
      1.0,
      1.0
    ],
    [
      1.0,
      1.0,
      1.0,
      1.0,
      1.0,
      1.0,
      1.0,
      1.0,
      1.0,
      1.0,
      1.0,
      1.0,
      1.0,
      1.0,
      1.0,
      1.0,
      1.0,
      1.0,
      1.0,
      1.0,
      1.0,
      0.0010000000474974513,
      1.0,
      1.0,
      0.0010000000474974513,
      1.0,
      0.03825533390045166,
      1.0,
      1.0,
      0.0010000000474974513,
      0.0010000000474974513,
      0.0010000000474974513,
      0.0010000000474974513,
      0.0010000000474974513,
      0.0010000000474974513,
      0.0010000000474974513,
      1.0,
      1.0,
      1.0,
      1.0
    ],
    [
      1.0,
      1.0,
      1.0,
      1.0,
      1.0,
      1.0,
      1.0,
      1.0,
      1.0,
      1.0,
      1.0,
      1.0,
      1.0,
      1.0,
      1.0,
      1.0,
      1.0,
      1.0,
      1.0,
      1.0,
      1.0,
      1.0,
      1.0,
      1.0,
      1.0,
