{
  "run_id": "20260305_132738",
  "condition": "G",
  "problem": "multistory_building",
  "timestamp": "2026-03-05T13:27:38.031531",
  "metrics": {
    "final_compliance": 1539.7756621016463,
    "topology_sparsity": 0.0,
    "grey_ratio": 1.0,
    "convergence_step": 1,
    "wall_time_s": 0.8006515502929688,
    "n_params": 16705,
    "n_steps": 5
  },
  "loss_history": [
    1552.7672226841833,
    1550.0116369226778,
    1547.0179532346788,
    1543.761069889049,
    1539.7756621016463
  ],
  "final_density": [
    [
      0.4732566773891449,
      0.4729427993297577,
      0.472760409116745,
      0.4725188910961151,
      0.4725474715232849,
      0.4726508855819702,
      0.4728732109069824,
      0.4731827676296234,
      0.4736343324184418,
      0.4741561710834503,
      0.4745522141456604,
      0.4746769070625305,
      0.4752103090286255,
      0.47585344314575195,
      0.47586941719055176,
      0.4757634699344635,
      0.4758620262145996,
      0.4759390354156494,
      0.47582316398620605,
      0.4757636785507202,
      0.47551965713500977,
      0.47519350051879883,
      0.4748971462249756,
      0.4744933545589447,
      0.47411179542541504,
      0.47390684485435486,
      0.47387000918388367,
      0.47382256388664246,
      0.47376033663749695,
      0.47382915019989014,
      0.47380998730659485,
      0.4736141264438629,
      0.473635733127594,
      0.47409337759017944,
      0.4748111367225647,
      0.4749763011932373,
      0.4749774932861328,
      0.4748857617378235,
      0.4745836555957794,
      0.47425514459609985
    ],
    [
      0.47270438075065613,
      0.47261109948158264,
      0.4724946618080139,
      0.47259604930877686,
      0.4729747474193573,
      0.4732208847999573,
      0.47364136576652527,
      0.4738963544368744,
      0.47399434447288513,
      0.47393104434013367,
      0.4739028811454773,
      0.47435587644577026,
      0.47493577003479004,
      0.47559449076652527,
      0.4760996997356415,
      0.4762823283672333,
      0.47629615664482117,
      0.4762973487377167,
      0.4760694205760956,
      0.475780725479126,
      0.4752693772315979,
      0.4746975302696228,
      0.47438329458236694,
      0.47431328892707825,
      0.4742369055747986,
      0.47400373220443726,
      0.47395220398902893,
      0.4739796221256256,
      0.47404390573501587,
      0.47423702478408813,
      0.47434279322624207,
      0.4743872582912445,
      0.47418829798698425,
      0.47430217266082764,
      0.47477683424949646,
      0.4752334654331207,
      0.4755629599094391,
      0.47582098841667175,
      0.47573354840278625,
      0.47575968503952026
    ],
    [
      0.4735427498817444,
      0.473544180393219,
      0.47382625937461853,
      0.47433537244796753,
      0.47471052408218384,
      0.4749870300292969,
      0.4750974774360657,
      0.475008100271225,
      0.47469720244407654,
      0.4748726785182953,
      0.47489091753959656,
      0.4748689830303192,
      0.4750202000141144,
      0.4749913811683655,
      0.4749307632446289,
      0.4750520586967468,
      0.47566288709640503,
      0.4760654866695404,
      0.47596439719200134,
      0.47561565041542053,
      0.47502031922340393,
      0.4744451642036438,
      0.47415509819984436,
      0.47393688559532166,
      0.47421473264694214,
      0.47468024492263794,
      0.4750109612941742,
      0.4749796390533447,
      0.4749825596809387,
      0.47481292486190796,
      0.4745728075504303,
      0.47418758273124695,
      0.4738757908344269,
      0.47363176941871643,
      0.47378629446029663,
      0.4743170440196991,
      0.47483617067337036,
      0.47559383511543274,
      0.4763534963130951,
      0.47662225365638733
    ],
    [
      0.47392430901527405,
      0.47460612654685974,
      0.4749474823474884,
      0.4747677147388458,
      0.47448498010635376,
      0.47433990240097046,
      0.47442808747291565,
      0.4741077125072479,
      0.47414630651474,
      0.47421321272850037,
      0.47397175431251526,
      0.473772794008255,
      0.4740549921989441,
      0.4744364619255066,
      0.4746820628643036,
      0.47445932030677795,
      0.47428956627845764,
      0.47462350130081177,
      0.4748382270336151,
      0.4744778573513031,
      0.47413912415504456,
      0.4739779531955719,
      0.47411689162254333,
      0.4743299186229706,
      0.4747582972049713,
      0.47557637095451355,
      0.47544172406196594,
      0.47502321004867554,
      0.4746633768081665,
      0.47439631819725037,
      0.4740396738052368,
      0.47352135181427,
      0.472971647977829,
      0.47291964292526245,
      0.4733484983444214,
      0.47394508123397827,
      0.4741906523704529,
      0.4739953279495239,
      0.4738942086696625,
      0.4741686284542084
    ],
    [
      0.47336259484291077,
      0.4738662540912628,
      0.47422340512275696,
      0.4745454490184784,
      0.47439441084861755,
      0.4738769233226776,
      0.47356194257736206,
      0.4733240604400635,
      0.47297847270965576,
      0.472940593957901,
      0.47301462292671204,
      0.47325682640075684,
      0.4735345244407654,
      0.4739169180393219,
      0.47398921847343445,
      0.47388747334480286,
      0.473892480134964,
      0.4739207625389099,
      0.47428229451179504,
      0.47427284717559814,
      0.4744080901145935,
      0.474682480096817,
      0.47489339113235474,
      0.47479066252708435,
      0.47478458285331726,
      0.4745728075504303,
      0.47432035207748413,
      0.473940372467041,
      0.47349029779434204,
      0.4732488691806793,
      0.4732489287853241,
      0.4731341600418091,
      0.47293031215667725,
      0.472711980342865,
      0.4725557267665863,
      0.47270140051841736,
      0.47311973571777344,
      0.47340694069862366,
      0.47373074293136597,
      0.47393330931663513
    ],
    [
      0.474079430103302,
      0.47405585646629333,
      0.4739556908607483,
      0.4738959074020386,
      0.47380661964416504,
      0.473700612783432,
      0.4735840857028961,
      0.47353386878967285,
      0.47351354360580444,
      0.47375181317329407,
      0.4741060137748718,
      0.47438329458236694,
      0.47451385855674744,
      0.47453802824020386,
      0.4745210111141205,
      0.4744216501712799,
      0.4740046262741089,
      0.47414159774780273,
      0.4744856357574463,
      0.47497329115867615,
      0.47553399205207825,
      0.4759713113307953,
      0.47618919610977173,
      0.4765799641609192,
      0.4769347012042999,
      0.4773509204387665,
      0.4773586392402649,
      0.4769364297389984,
      0.4765161871910095,
      0.47605055570602417,
      0.47559869289398193,
      0.4750845730304718,
      0.4744756519794464,
      0.4735424816608429,
      0.4733237624168396,
      0.47323793172836304,
      0.4733683168888092,
      0.47334063053131104,
      0.47323569655418396,
      0.47352099418640137
    ],
    [
      0.4736080765724182,
      0.47405382990837097,
      0.47449368238449097,
      0.47463005781173706,
      0.474350243806839,
      0.47410911321640015,
      0.4744746685028076,
      0.4747586250305176,
      0.4752926826477051,
      0.47595053911209106,
      0.47594302892684937,
      0.4757632315158844,
      0.4754076600074768,
      0.4747312664985657,
      0.47440996766090393,
      0.4742144048213959,
      0.47436729073524475,
      0.4744323790073395,
      0.474406361579895,
      0.47430187463760376,
      0.4744284749031067,
      0.4749029576778412,
      0.47528186440467834,
      0.4758322238922119,
      0.4765057861804962,
      0.4770403802394867,
      0.4774154722690582,
      0.47789856791496277,
      0.478322833776474,
      0.4783157706260681,
      0.47791191935539246,
      0.4773094058036804,
      0.47667789459228516,
      0.47629502415657043,
      0.475976824760437,
      0.47528088092803955,
      0.4746112823486328,
      0.4742342233657837,
      0.4741494357585907,
      0.4743834435939789
    ],
    [
