{
  "run_id": "20260305_132035",
  "condition": "F",
  "problem": "mbb_beam",
  "timestamp": "2026-03-05T13:20:35.257780",
  "metrics": {
    "final_compliance": 1592.2030247950765,
    "topology_sparsity": 0.0,
    "grey_ratio": 1.0,
    "convergence_step": 1,
    "wall_time_s": 1.011918544769287,
    "n_params": 29377,
    "n_steps": 5
  },
  "loss_history": [
    1596.941496608968,
    1596.0911606261748,
    1594.9187619541226,
    1593.6332786700516,
    1592.2030247950765
  ],
  "final_density": [
    [
      0.46943584084510803,
      0.4694390892982483,
      0.4694429337978363,
      0.4694465100765228,
      0.4694511592388153,
      0.46945610642433167,
      0.46946147084236145,
      0.4694667160511017,
      0.46947041153907776,
      0.469473659992218,
      0.4694770276546478,
      0.4694802761077881,
      0.4694836437702179,
      0.4694867432117462,
      0.4694896936416626,
      0.46949294209480286,
      0.4694961607456207,
      0.46949711441993713,
      0.4694964587688446,
      0.4694956839084625,
      0.46949532628059387,
      0.4694936275482178,
      0.4694930613040924,
      0.4694942533969879,
      0.4694954752922058,
      0.4694972038269043,
      0.4694989025592804,
      0.46950045228004456,
      0.4695025682449341,
      0.46950510144233704,
      0.46950751543045044,
      0.4695098102092743,
      0.4695129096508026,
      0.46951690316200256,
      0.46952101588249207,
      0.46952536702156067,
      0.4695301055908203,
      0.4695347845554352,
      0.4695395827293396,
      0.46954482793807983
    ],
    [
      0.4694099724292755,
      0.4694136679172516,
      0.46941882371902466,
      0.46942365169525146,
      0.46942922472953796,
      0.4694352447986603,
      0.4694412350654602,
      0.46944618225097656,
      0.4694511592388153,
      0.4694558084011078,
      0.46945884823799133,
      0.46946147084236145,
      0.4694642126560211,
      0.4694669246673584,
      0.46946951746940613,
      0.46947187185287476,
      0.4694741368293762,
      0.469477117061615,
      0.46948134899139404,
      0.46948689222335815,
      0.4694925844669342,
      0.4694966673851013,
      0.46949756145477295,
      0.46949899196624756,
      0.4695013463497162,
      0.46950361132621765,
      0.46950599551200867,
      0.469508558511734,
      0.4695113003253937,
      0.46951401233673096,
      0.46951666474342346,
      0.4695192873477936,
      0.4695218503475189,
      0.469525545835495,
      0.46953004598617554,
      0.469534307718277,
      0.46953871846199036,
      0.46954402327537537,
      0.4695492386817932,
      0.46955370903015137
    ],
    [
      0.46939244866371155,
      0.46939700841903687,
      0.4694017767906189,
      0.4694070518016815,
      0.46941259503364563,
      0.4694179594516754,
      0.4694227874279022,
      0.46942731738090515,
      0.4694317877292633,
      0.4694364666938782,
      0.46944108605384827,
      0.4694453477859497,
      0.4694483280181885,
      0.4694511592388153,
      0.4694559574127197,
      0.4694613218307495,
      0.4694662094116211,
      0.46947112679481506,
      0.4694760739803314,
      0.46948134899139404,
      0.4694863259792328,
      0.4694913625717163,
      0.4694950580596924,
      0.4694993495941162,
      0.4695029854774475,
      0.4695064425468445,
      0.469510018825531,
      0.46951329708099365,
      0.4695166051387787,
      0.46951955556869507,
      0.46952253580093384,
      0.4695254862308502,
      0.46952852606773376,
      0.4695329964160919,
      0.4695375859737396,
      0.4695418179035187,
      0.4695459306240082,
      0.4695497751235962,
      0.469553142786026,
      0.46955645084381104
    ],
    [
      0.4693772494792938,
      0.46938225626945496,
      0.4693872928619385,
      0.4693925976753235,
      0.46939778327941895,
      0.46940264105796814,
      0.46940672397613525,
      0.4694107174873352,
      0.4694145917892456,
      0.4694182872772217,
      0.46942394971847534,
      0.4694303572177887,
      0.46943777799606323,
      0.4694437086582184,
      0.4694492816925049,
      0.4694548547267914,
      0.46946048736572266,
      0.46946588158607483,
      0.46947136521339417,
      0.46947696805000305,
      0.4694826900959015,
      0.469486802816391,
      0.46949058771133423,
      0.46949583292007446,
      0.4695011079311371,
      0.4695049822330475,
      0.46950867772102356,
      0.4695117771625519,
      0.46951407194137573,
      0.46951621770858765,
      0.46951866149902344,
      0.469521164894104,
      0.4695245325565338,
      0.46952852606773376,
      0.4695325195789337,
      0.4695366322994232,
      0.4695408344268799,
      0.4695451259613037,
      0.4695492386817932,
      0.46955448389053345
    ],
    [
      0.4693657457828522,
      0.46936967968940735,
      0.4693751633167267,
      0.46938052773475647,
      0.46938496828079224,
      0.4693897068500519,
      0.4693945348262787,
      0.4693993330001831,
      0.4694044291973114,
      0.4694101810455322,
      0.4694164991378784,
      0.4694225788116455,
      0.46942922472953796,
      0.46943584084510803,
      0.469442754983902,
      0.4694485366344452,
      0.4694541096687317,
      0.469459593296051,
      0.46946513652801514,
      0.46947091817855835,
      0.4694746732711792,
      0.4694782495498657,
      0.4694826900959015,
      0.4694885313510895,
      0.4694938361644745,
      0.4694982171058655,
      0.4695008397102356,
      0.469503253698349,
      0.4695054590702057,
      0.4695081412792206,
      0.46951112151145935,
      0.46951454877853394,
      0.4695184826850891,
      0.46952322125434875,
      0.4695279598236084,
      0.4695330560207367,
      0.4695384204387665,
      0.46954309940338135,
      0.4695470929145813,
      0.469550758600235
    ],
    [
      0.46934977173805237,
      0.46935486793518066,
      0.4693603813648224,
      0.46936747431755066,
      0.46937456727027893,
      0.4693813920021057,
      0.46938735246658325,
      0.4693935811519623,
      0.46939969062805176,
      0.4694060981273651,
      0.46941259503364563,
      0.4694187045097351,
      0.4694250524044037,
      0.4694313704967499,
      0.46943750977516174,
      0.4694436192512512,
      0.4694492816925049,
      0.4694543182849884,
      0.46945783495903015,
      0.4694613814353943,
      0.4694649875164032,
      0.46946847438812256,
      0.4694724678993225,
      0.4694773554801941,
      0.4694816470146179,
      0.4694858491420746,
      0.4694901704788208,
      0.4694935381412506,
      0.4694962203502655,
      0.46949946880340576,
      0.4695027768611908,
      0.4695069193840027,
      0.4695121943950653,
      0.4695171117782593,
      0.4695221185684204,
      0.469526469707489,
      0.46953001618385315,
      0.46953335404396057,
      0.46953684091567993,
      0.46954023838043213
    ],
    [
      0.4693361818790436,
      0.4693412184715271,
      0.46934622526168823,
      0.4693524241447449,
      0.46935975551605225,
      0.46936723589897156,
      0.4693748950958252,
      0.46938323974609375,
      0.46939170360565186,
      0.4694003164768219,
      0.4694077670574188,
      0.46941524744033813,
      0.4694220721721649,
      0.46942853927612305,
      0.4694346785545349,
      0.46944013237953186,
      0.4694443345069885,
      0.469448447227478,
      0.46945127844810486,
      0.4694540500640869,
      0.46945610642433167,
      0.4694582223892212,
      0.4694616198539734,
      0.4694660007953644,
      0.469470351934433,
      0.46947455406188965,
      0.46947866678237915,
      0.4694828987121582,
      0.4694872200489044,
      0.469492107629776,
      0.46949535608291626,
      0.46949878334999084,
      0.4695020318031311,
      0.46950483322143555,
      0.46950772404670715,
      0.4695107042789459,
      0.46951380372047424,
      0.4695170819759369,
      0.4695204496383667,
      0.46952390670776367
    ],
    [
      0.4693223834037781,
