{
  "run_id": "20260305_132027",
  "condition": "B",
  "problem": "multistory_building",
  "timestamp": "2026-03-05T13:20:27.555289",
  "metrics": {
    "final_compliance": 2306.7166541408014,
    "topology_sparsity": 0.0,
    "grey_ratio": 1.0,
    "convergence_step": 1,
    "wall_time_s": 0.08296489715576172,
    "n_params": 480,
    "n_steps": 5
  },
  "loss_history": [
    2527.911253629562,
    2476.133570358244,
    2423.0887746984463,
    2365.4630709075727,
    2306.7166541408014
  ],
  "final_density": [
    [
      0.4348701238632202,
      0.4297090470790863,
      0.4297090172767639,
      0.4000000059604645,
      0.4000000059604645,
      0.4000000059604645,
      0.44109046459198,
      0.41604378819465637,
      0.4000000059604645,
      0.41604378819465637,
      0.4297090470790863,
      0.4218880534172058,
      0.4000000059604645,
      0.4054549038410187,
      0.41604378819465637,
      0.4000000059604645,
      0.41604378819465637,
      0.43489396572113037,
      0.42898041009902954,
      0.43939775228500366,
      0.4000000059604645,
      0.4000000059604645,
      0.4297090470790863,
      0.4297090470790863,
      0.4297090470790863,
      0.4297090470790863,
      0.4000000059604645,
      0.41072314977645874,
      0.4054549038410187,
      0.4218880534172058,
      0.4185734987258911,
      0.41313186287879944,
      0.4000000059604645,
      0.41604378819465637,
      0.44148728251457214,
      0.43274685740470886,
      0.4297090470790863,
      0.4000000059604645,
      0.41604378819465637,
      0.44087839126586914
    ],
    [
      0.4054549038410187,
      0.4054549038410187,
      0.4000000059604645,
      0.41072314977645874,
      0.4000000059604645,
      0.4000000059604645,
      0.4000000059604645,
      0.4000000059604645,
      0.43923309445381165,
      0.4392113983631134,
      0.4000000059604645,
      0.4000000059604645,
      0.4218880534172058,
      0.4000000059604645,
      0.41072314977645874,
      0.4000000059604645,
      0.43490856885910034,
      0.4000000059604645,
      0.41604378819465637,
      0.4000000059604645,
      0.4000000059604645,
      0.4245264530181885,
      0.41604378819465637,
      0.41072314977645874,
      0.4207811951637268,
      0.41072314977645874,
      0.4245249927043915,
      0.4000000059604645,
      0.4054549038410187,
      0.4000000059604645,
      0.41072314977645874,
      0.41072314977645874,
      0.4000000059604645,
      0.4000000059604645,
      0.4000000059604645,
      0.4000000059604645,
      0.4054549038410187,
      0.41604378819465637,
      0.4000000059604645,
      0.41604378819465637
    ],
    [
      0.4000000059604645,
      0.41072314977645874,
      0.4000000059604645,
      0.4310145378112793,
      0.42454078793525696,
      0.4000000059604645,
      0.4000000059604645,
      0.4000000059604645,
      0.4000000059604645,
      0.4000000059604645,
      0.4393850266933441,
      0.41072314977645874,
      0.41072314977645874,
      0.4054549038410187,
      0.42886611819267273,
      0.4245300889015198,
      0.4000000059604645,
      0.4054549038410187,
      0.4131332337856293,
      0.4000000059604645,
      0.42452317476272583,
      0.41072314977645874,
      0.4000000059604645,
      0.43486911058425903,
      0.4000000059604645,
      0.4218880236148834,
      0.4000000059604645,
      0.4433923661708832,
      0.41072314977645874,
      0.41604378819465637,
      0.42451876401901245,
      0.4000000059604645,
      0.41072314977645874,
      0.41604378819465637,
      0.4000000059604645,
      0.4000000059604645,
      0.43689846992492676,
      0.4297090470790863,
      0.43939152359962463,
      0.4000000059604645
    ],
    [
      0.4393739700317383,
      0.4000000059604645,
      0.4000000059604645,
      0.4000000059604645,
      0.4000000059604645,
      0.4371929466724396,
      0.4000000059604645,
      0.4218880534172058,
      0.4000000059604645,
      0.4297090470790863,
      0.43938496708869934,
      0.4054549038410187,
      0.424533873796463,
      0.4000000059604645,
      0.4000000059604645,
      0.4218880236148834,
      0.41072314977645874,
      0.4218880534172058,
      0.43939417600631714,
      0.4000000059604645,
      0.4185771644115448,
      0.4371749460697174,
      0.4000000059604645,
      0.44146478176116943,
      0.41604378819465637,
      0.4000000059604645,
      0.41072314977645874,
      0.4000000059604645,
      0.4000000059604645,
      0.4207839071750641,
      0.41072314977645874,
      0.426876038312912,
      0.4000000059604645,
      0.4000000059604645,
      0.4000000059604645,
      0.4000000059604645,
      0.42188799381256104,
      0.4000000059604645,
      0.4000000059604645,
      0.4218880534172058
    ],
    [
      0.42898091673851013,
      0.41604378819465637,
      0.4000000059604645,
      0.4324409067630768,
      0.4349093735218048,
      0.4000000059604645,
      0.4297090172767639,
      0.4000000059604645,
      0.4218880534172058,
      0.43716737627983093,
      0.4054549038410187,
      0.4371834695339203,
      0.4054549038410187,
      0.4000000059604645,
      0.4000000059604645,
      0.4000000059604645,
      0.4185774624347687,
      0.41857579350471497,
      0.41604378819465637,
      0.4000000059604645,
      0.4000000059604645,
      0.4218880534172058,
      0.4000000059604645,
      0.41604378819465637,
      0.41604378819465637,
      0.4000000059604645,
      0.4000000059604645,
      0.41604378819465637,
      0.43277132511138916,
      0.4185720384120941,
      0.4218880534172058,
      0.4218880534172058,
      0.4433857798576355,
      0.4000000059604645,
      0.4000000059604645,
      0.4054549038410187,
      0.42687109112739563,
      0.4000000059604645,
      0.4207811653614044,
      0.4000000059604645
    ],
    [
      0.4297090470790863,
      0.4218880534172058,
      0.4369177222251892,
      0.4000000059604645,
      0.4000000059604645,
      0.4218880534172058,
      0.4054549038410187,
      0.41604378819465637,
      0.4000000059604645,
      0.4054549038410187,
      0.4218880534172058,
      0.4218880534172058,
      0.42898404598236084,
      0.4000000059604645,
      0.4297090470790863,
      0.4297090470790863,
      0.4371832609176636,
      0.4289848506450653,
      0.4218880534172058,
      0.41604378819465637,
      0.43719482421875,
      0.4054549038410187,
      0.4054549038410187,
      0.4000000059604645,
      0.4218880534172058,
      0.4131339192390442,
      0.4000000059604645,
      0.44337475299835205,
      0.41604378819465637,
      0.41604378819465637,
      0.41604378819465637,
      0.4207829535007477,
      0.41072314977645874,
      0.41604378819465637,
      0.4054549038410187,
      0.4000000059604645,
      0.4324255585670471,
      0.4000000059604645,
      0.42898261547088623,
      0.4000000059604645
    ],
    [
      0.4207838475704193,
      0.43939507007598877,
      0.4000000059604645,
      0.4054549038410187,
      0.4371664524078369,
      0.4131338894367218,
      0.41604378819465637,
      0.426872193813324,
      0.41072314977645874,
      0.4324369728565216,
      0.43243688344955444,
      0.4054549038410187,
      0.41072314977645874,
      0.4054549038410187,
      0.41313278675079346,
      0.4393909275531769,
      0.4392051100730896,
      0.4000000059604645,
      0.4000000059604645,
      0.41604378819465637,
      0.4218880534172058,
      0.4131324291229248,
      0.41072314977645874,
      0.42882731556892395,
      0.4054549038410187,
      0.4000000059604645,
      0.41604378819465637,
      0.4054549038410187,
      0.4000000059604645,
      0.4131319522857666,
      0.4000000059604645,
      0.4054549038410187,
      0.4000000059604645,
      0.43492045998573303,
      0.4218880534172058,
      0.4131344258785248,
      0.4297090470790863,
      0.42078208923339844,
      0.41857510805130005,
      0.4324251711368561
    ],
    [
      0.4000000059604645,
