{
  "run_id": "20260305_132407",
  "condition": "L",
  "problem": "multistory_building",
  "timestamp": "2026-03-05T13:24:07.471474",
  "metrics": {
    "final_compliance": 923.6863687357198,
    "topology_sparsity": 0.7333333333333333,
    "grey_ratio": 1.0,
    "convergence_step": 1,
    "wall_time_s": 0.7980248928070068,
    "n_params": 480,
    "n_steps": 5
  },
  "loss_history": [
    944.356837804341,
    938.9056049453848,
    933.6951528917423,
    928.64880701977,
    923.6863687357198
  ],
  "final_density": [
    [
      0.518264651298523,
      0.5836119055747986,
      0.634502112865448,
      0.5511162281036377,
      0.6466320753097534,
      0.6133852005004883,
      0.5384241342544556,
      0.6091164350509644,
      0.5482427477836609,
      0.6195304989814758,
      0.6369198560714722,
      0.5736305117607117,
      0.6409992575645447,
      0.6942490339279175,
      0.6620926260948181,
      0.5025377869606018,
      0.5114943981170654,
      0.5859950184822083,
      0.6470693945884705,
      0.6229031682014465,
      0.6235419511795044,
      0.6465348601341248,
      0.6338170170783997,
      0.6355363130569458,
      0.5906137824058533,
      0.3660390079021454,
      0.5476630330085754,
      0.5684165358543396,
      0.5508875250816345,
      0.6699463725090027,
      0.5801931619644165,
      0.49600949883461,
      0.6307432055473328,
      0.5889869928359985,
      0.6768046617507935,
      0.6443895697593689,
      0.5540796518325806,
      0.6051731705665588,
      0.5931162238121033,
      0.5345561504364014
    ],
    [
      0.5718449354171753,
      0.619668185710907,
      0.5943540930747986,
      0.5475736260414124,
      0.5027809739112854,
      0.5975741744041443,
      0.5318955779075623,
      0.5252246856689453,
      0.6611857414245605,
      0.7057660818099976,
      0.6073789000511169,
      0.6439273953437805,
      0.6373587846755981,
      0.4252279996871948,
      0.29918745160102844,
      0.6827003359794617,
      0.5893586277961731,
      0.5310167074203491,
      0.5759300589561462,
      0.5520066618919373,
      0.5062803626060486,
      0.6724714636802673,
      0.6141891479492188,
      0.5000155568122864,
      0.40950003266334534,
      0.5517483353614807,
      0.4653797745704651,
      0.5177765488624573,
      0.5852633118629456,
      0.4452444314956665,
      0.5745977163314819,
      0.4763578176498413,
      0.6901947259902954,
      0.48756104707717896,
      0.5807123780250549,
      0.6120281219482422,
      0.33221426606178284,
      0.4890155494213104,
      0.48611700534820557,
      0.5098165273666382
    ],
    [
      0.5601603984832764,
      0.5851773619651794,
      0.47482457756996155,
      0.5088955163955688,
      0.5634663701057434,
      0.3020573854446411,
      0.4971696436405182,
      0.6688329577445984,
      0.6500355005264282,
      0.4461025595664978,
      0.5892210602760315,
      0.5984466075897217,
      0.7378436326980591,
      0.515386164188385,
      0.4995098114013672,
      0.525898277759552,
      0.41638362407684326,
      0.5126815438270569,
      0.43822380900382996,
      0.5562800765037537,
      0.6240465044975281,
      0.4420192241668701,
      0.5615934729576111,
      0.5241687297821045,
      0.5167956948280334,
      0.48293009400367737,
      0.4340333342552185,
      0.5727952122688293,
      0.6522027850151062,
      0.5556062459945679,
      0.621985137462616,
      0.3616000711917877,
      0.46594053506851196,
      0.45399415493011475,
      0.4846455752849579,
      0.5828800201416016,
      0.52021723985672,
      0.485756516456604,
      0.5408965945243835,
      0.40790218114852905
    ],
    [
      0.5958478450775146,
      0.6463784575462341,
      0.4838787913322449,
      0.6224944591522217,
      0.2955327033996582,
      0.4846199154853821,
      0.7107017636299133,
      0.42742887139320374,
      0.3641655743122101,
      0.5835561752319336,
      0.49203944206237793,
      0.535902202129364,
      0.4670371413230896,
      0.38951337337493896,
      0.4934487044811249,
      0.5857183337211609,
      0.6558967232704163,
      0.5342956185340881,
      0.47025442123413086,
      0.5991089940071106,
      0.49733999371528625,
      0.5934627056121826,
      0.6409598588943481,
      0.5280417799949646,
      0.4521963596343994,
      0.5926524996757507,
      0.7255240082740784,
      0.658750593662262,
      0.4571581482887268,
      0.44745609164237976,
      0.48795101046562195,
      0.6634202599525452,
      0.5229071378707886,
      0.5568313002586365,
      0.6943191885948181,
      0.36061862111091614,
      0.4554038345813751,
      0.7292941212654114,
      0.629436731338501,
      0.625750720500946
    ],
    [
      0.5782383680343628,
      0.38036003708839417,
      0.528062641620636,
      0.6241623163223267,
      0.521278440952301,
      0.5365018844604492,
      0.4414096772670746,
      0.35366612672805786,
      0.6406766176223755,
      0.4257960617542267,
      0.39609068632125854,
      0.5767340064048767,
      0.45831194519996643,
      0.48412108421325684,
      0.6174293160438538,
      0.4903961718082428,
      0.5712671279907227,
      0.44035884737968445,
      0.5111165642738342,
      0.5409500002861023,
      0.6037175059318542,
      0.7126918435096741,
      0.6570848226547241,
      0.4006573557853699,
      0.5836690068244934,
      0.6449357271194458,
      0.5034822225570679,
      0.6206412315368652,
      0.48562756180763245,
      0.49209970235824585,
      0.4139665365219116,
      0.4825744926929474,
      0.5278095006942749,
      0.6054266095161438,
      0.5707704424858093,
      0.2765501141548157,
      0.6624464392662048,
      0.5887041687965393,
      0.4619949162006378,
      0.6348230838775635
    ],
    [
      0.5734329223632812,
      0.6159559488296509,
      0.6143611669540405,
      0.4849085807800293,
      0.6349111199378967,
      0.6743955016136169,
      0.49422094225883484,
      0.4945617616176605,
      0.4935496747493744,
      0.38208791613578796,
      0.6826059222221375,
      0.43437907099723816,
      0.6127272844314575,
      0.44706013798713684,
      0.6551513671875,
      0.6099488139152527,
      0.6066256165504456,
      0.5248085260391235,
      0.5628607273101807,
      0.5368091464042664,
      0.7533590197563171,
      0.6240128874778748,
      0.46965524554252625,
      0.6991717219352722,
      0.5562442541122437,
      0.5684452652931213,
      0.6594512462615967,
      0.5034545063972473,
      0.6220506429672241,
      0.46891847252845764,
      0.4293583631515503,
      0.5693146586418152,
      0.6063822507858276,
      0.4599677324295044,
      0.5035090446472168,
      0.6259257197380066,
      0.5770833492279053,
      0.6163768768310547,
      0.5396462082862854,
      0.5614656805992126
    ],
    [
      0.5473508834838867,
      0.5274150967597961,
      0.4975909888744354,
      0.7171661257743835,
      0.5806849002838135,
      0.48437726497650146,
      0.5332158803939819,
      0.5711303949356079,
      0.6350907683372498,
      0.6330458521842957,
      0.5317946076393127,
      0.3943943977355957,
      0.5434499979019165,
      0.626591682434082,
      0.5857874155044556,
      0.562390148639679,
      0.5075788497924805,
      0.5455606579780579,
      0.5887923240661621,
      0.6125984191894531,
      0.7025032639503479,
      0.6543340086936951,
      0.5115928053855896,
      0.4616028070449829,
      0.4286622405052185,
      0.5255957841873169,
      0.5486242771148682,
      0.616878092288971,
      0.581129252910614,
      0.3875522017478943,
      0.5211383700370789,
      0.6338960528373718,
      0.5660680532455444,
      0.5875794291496277,
      0.3788542151451111,
      0.6524218916893005,
      0.4752349555492401,
      0.5855011940002441,
      0.6494754552841187,
      0.5883198380470276
    ],
    [
      0.5627632141113281,
      0.53741455078125,
      0.7839022278785706,
